Analysis & Synthesis report for MI_SD
Fri May 23 17:02:46 2025
Quartus Prime Version 23.1std.1 Build 993 05/14/2024 SC Lite Edition


---------------------
; Table of Contents ;
---------------------
  1. Legal Notice
  2. Analysis & Synthesis Summary
  3. Analysis & Synthesis Settings
  4. Parallel Compilation
  5. Analysis & Synthesis Source Files Read
  6. Analysis & Synthesis Resource Usage Summary
  7. Analysis & Synthesis Resource Utilization by Entity
  8. Analysis & Synthesis RAM Summary
  9. Analysis & Synthesis DSP Block Usage Summary
 10. Analysis & Synthesis IP Cores Summary
 11. State Machine - |test_top|top:comb_3|state
 12. Registers Removed During Synthesis
 13. General Register Statistics
 14. Inverted Register Statistics
 15. Registers Packed Into Inferred Megafunctions
 16. Multiplexer Restructuring Statistics (Restructuring Performed)
 17. Source assignments for top:comb_3|memory_mod:comb_20|ram16bits:comb_3|altsyncram:altsyncram_component|altsyncram_bnn1:auto_generated|altsyncram_8ud2:altsyncram1
 18. Source assignments for altsyncram:Mux1_rtl_0|altsyncram_pj61:auto_generated
 19. Parameter Settings for User Entity Instance: Top-level Entity: |test_top
 20. Parameter Settings for User Entity Instance: top:comb_3
 21. Parameter Settings for User Entity Instance: top:comb_3|memory_mod:comb_20|ram16bits:comb_3|altsyncram:altsyncram_component
 22. Parameter Settings for Inferred Entity Instance: altsyncram:Mux1_rtl_0
 23. altsyncram Parameter Settings by Entity Instance
 24. Port Connectivity Checks: "top:comb_3|br:comb_22"
 25. Port Connectivity Checks: "top:comb_3|alu:comb_21|matriz_multi:comb_5"
 26. Port Connectivity Checks: "top:comb_3|alu:comb_21"
 27. Port Connectivity Checks: "top:comb_3"
 28. In-System Memory Content Editor Settings
 29. Post-Synthesis Netlist Statistics for Top Partition
 30. Elapsed Time Per Partition
 31. Analysis & Synthesis Messages
 32. Analysis & Synthesis Suppressed Messages



----------------
; Legal Notice ;
----------------
Copyright (C) 2024  Intel Corporation. All rights reserved.
Your use of Intel Corporation's design tools, logic functions 
and other software and tools, and any partner logic 
functions, and any output files from any of the foregoing 
(including device programming or simulation files), and any 
associated documentation or information are expressly subject 
to the terms and conditions of the Intel Program License 
Subscription Agreement, the Intel Quartus Prime License Agreement,
the Intel FPGA IP License Agreement, or other applicable license
agreement, including, without limitation, that your use is for
the sole purpose of programming logic devices manufactured by
Intel and sold by Intel or its authorized distributors.  Please
refer to the applicable agreement for further details, at
https://fpgasoftware.intel.com/eula.



+----------------------------------------------------------------------------------+
; Analysis & Synthesis Summary                                                     ;
+---------------------------------+------------------------------------------------+
; Analysis & Synthesis Status     ; Successful - Fri May 23 17:02:46 2025          ;
; Quartus Prime Version           ; 23.1std.1 Build 993 05/14/2024 SC Lite Edition ;
; Revision Name                   ; MI_SD                                          ;
; Top-level Entity Name           ; test_top                                       ;
; Family                          ; Cyclone V                                      ;
; Logic utilization (in ALMs)     ; N/A                                            ;
; Total registers                 ; 1091                                           ;
; Total pins                      ; 31                                             ;
; Total virtual pins              ; 0                                              ;
; Total block memory bits         ; 26,624                                         ;
; Total DSP Blocks                ; 70                                             ;
; Total HSSI RX PCSs              ; 0                                              ;
; Total HSSI PMA RX Deserializers ; 0                                              ;
; Total HSSI TX PCSs              ; 0                                              ;
; Total HSSI PMA TX Serializers   ; 0                                              ;
; Total PLLs                      ; 0                                              ;
; Total DLLs                      ; 0                                              ;
+---------------------------------+------------------------------------------------+


+---------------------------------------------------------------------------------------------------------------------------+
; Analysis & Synthesis Settings                                                                                             ;
+---------------------------------------------------------------------------------+--------------------+--------------------+
; Option                                                                          ; Setting            ; Default Value      ;
+---------------------------------------------------------------------------------+--------------------+--------------------+
; Device                                                                          ; 5CSEMA5F31C6       ;                    ;
; Top-level entity name                                                           ; test_top           ; MI_SD              ;
; Family name                                                                     ; Cyclone V          ; Cyclone V          ;
; Use smart compilation                                                           ; Off                ; Off                ;
; Enable parallel Assembler and Timing Analyzer during compilation                ; On                 ; On                 ;
; Enable compact report table                                                     ; Off                ; Off                ;
; Restructure Multiplexers                                                        ; Auto               ; Auto               ;
; MLAB Add Timing Constraints For Mixed-Port Feed-Through Mode Setting Don't Care ; Off                ; Off                ;
; Create Debugging Nodes for IP Cores                                             ; Off                ; Off                ;
; Preserve fewer node names                                                       ; On                 ; On                 ;
; Intel FPGA IP Evaluation Mode                                                   ; Enable             ; Enable             ;
; Verilog Version                                                                 ; Verilog_2001       ; Verilog_2001       ;
; VHDL Version                                                                    ; VHDL_1993          ; VHDL_1993          ;
; State Machine Processing                                                        ; Auto               ; Auto               ;
; Safe State Machine                                                              ; Off                ; Off                ;
; Extract Verilog State Machines                                                  ; On                 ; On                 ;
; Extract VHDL State Machines                                                     ; On                 ; On                 ;
; Ignore Verilog initial constructs                                               ; Off                ; Off                ;
; Iteration limit for constant Verilog loops                                      ; 5000               ; 5000               ;
; Iteration limit for non-constant Verilog loops                                  ; 250                ; 250                ;
; Add Pass-Through Logic to Inferred RAMs                                         ; On                 ; On                 ;
; Infer RAMs from Raw Logic                                                       ; On                 ; On                 ;
; Parallel Synthesis                                                              ; On                 ; On                 ;
; DSP Block Balancing                                                             ; Auto               ; Auto               ;
; NOT Gate Push-Back                                                              ; On                 ; On                 ;
; Power-Up Don't Care                                                             ; On                 ; On                 ;
; Remove Redundant Logic Cells                                                    ; Off                ; Off                ;
; Remove Duplicate Registers                                                      ; On                 ; On                 ;
; Ignore CARRY Buffers                                                            ; Off                ; Off                ;
; Ignore CASCADE Buffers                                                          ; Off                ; Off                ;
; Ignore GLOBAL Buffers                                                           ; Off                ; Off                ;
; Ignore ROW GLOBAL Buffers                                                       ; Off                ; Off                ;
; Ignore LCELL Buffers                                                            ; Off                ; Off                ;
; Ignore SOFT Buffers                                                             ; On                 ; On                 ;
; Limit AHDL Integers to 32 Bits                                                  ; Off                ; Off                ;
; Optimization Technique                                                          ; Balanced           ; Balanced           ;
; Carry Chain Length                                                              ; 70                 ; 70                 ;
; Auto Carry Chains                                                               ; On                 ; On                 ;
; Auto Open-Drain Pins                                                            ; On                 ; On                 ;
; Perform WYSIWYG Primitive Resynthesis                                           ; Off                ; Off                ;
; Auto ROM Replacement                                                            ; On                 ; On                 ;
; Auto RAM Replacement                                                            ; On                 ; On                 ;
; Auto DSP Block Replacement                                                      ; On                 ; On                 ;
; Auto Shift Register Replacement                                                 ; Auto               ; Auto               ;
; Allow Shift Register Merging across Hierarchies                                 ; Auto               ; Auto               ;
; Auto Clock Enable Replacement                                                   ; On                 ; On                 ;
; Strict RAM Replacement                                                          ; Off                ; Off                ;
; Allow Synchronous Control Signals                                               ; On                 ; On                 ;
; Force Use of Synchronous Clear Signals                                          ; Off                ; Off                ;
; Auto Resource Sharing                                                           ; Off                ; Off                ;
; Allow Any RAM Size For Recognition                                              ; Off                ; Off                ;
; Allow Any ROM Size For Recognition                                              ; Off                ; Off                ;
; Allow Any Shift Register Size For Recognition                                   ; Off                ; Off                ;
; Use LogicLock Constraints during Resource Balancing                             ; On                 ; On                 ;
; Ignore translate_off and synthesis_off directives                               ; Off                ; Off                ;
; Timing-Driven Synthesis                                                         ; On                 ; On                 ;
; Report Parameter Settings                                                       ; On                 ; On                 ;
; Report Source Assignments                                                       ; On                 ; On                 ;
; Report Connectivity Checks                                                      ; On                 ; On                 ;
; Ignore Maximum Fan-Out Assignments                                              ; Off                ; Off                ;
; Synchronization Register Chain Length                                           ; 3                  ; 3                  ;
; Power Optimization During Synthesis                                             ; Normal compilation ; Normal compilation ;
; HDL message level                                                               ; Level2             ; Level2             ;
; Suppress Register Optimization Related Messages                                 ; Off                ; Off                ;
; Number of Removed Registers Reported in Synthesis Report                        ; 5000               ; 5000               ;
; Number of Swept Nodes Reported in Synthesis Report                              ; 5000               ; 5000               ;
; Number of Inverted Registers Reported in Synthesis Report                       ; 100                ; 100                ;
; Clock MUX Protection                                                            ; On                 ; On                 ;
; Auto Gated Clock Conversion                                                     ; Off                ; Off                ;
; Block Design Naming                                                             ; Auto               ; Auto               ;
; SDC constraint protection                                                       ; Off                ; Off                ;
; Synthesis Effort                                                                ; Auto               ; Auto               ;
; Shift Register Replacement - Allow Asynchronous Clear Signal                    ; On                 ; On                 ;
; Pre-Mapping Resynthesis Optimization                                            ; Off                ; Off                ;
; Analysis & Synthesis Message Level                                              ; Medium             ; Medium             ;
; Disable Register Merging Across Hierarchies                                     ; Auto               ; Auto               ;
; Resource Aware Inference For Block RAM                                          ; On                 ; On                 ;
; Automatic Parallel Synthesis                                                    ; On                 ; On                 ;
; Partial Reconfiguration Bitstream ID                                            ; Off                ; Off                ;
+---------------------------------------------------------------------------------+--------------------+--------------------+


+------------------------------------------+
; Parallel Compilation                     ;
+----------------------------+-------------+
; Processors                 ; Number      ;
+----------------------------+-------------+
; Number detected on machine ; 16          ;
; Maximum allowed            ; 16          ;
;                            ;             ;
; Average used               ; 1.00        ;
; Maximum used               ; 16          ;
;                            ;             ;
; Usage by Processor         ; % Time Used ;
;     Processor 1            ; 100.0%      ;
;     Processor 2            ;   0.0%      ;
;     Processor 3            ;   0.0%      ;
;     Processor 4            ;   0.0%      ;
;     Processor 5            ;   0.0%      ;
;     Processor 6            ;   0.0%      ;
;     Processor 7            ;   0.0%      ;
;     Processor 8            ;   0.0%      ;
;     Processor 9            ;   0.0%      ;
;     Processor 10           ;   0.0%      ;
;     Processor 11           ;   0.0%      ;
;     Processor 12           ;   0.0%      ;
;     Processor 13           ;   0.0%      ;
;     Processors 14-16       ;   0.0%      ;
+----------------------------+-------------+


+----------------------------------------------------------------------------------------------------------------------------------------------------------------------------------------------------------------------------------------------------------------------------------------------------------------+
; Analysis & Synthesis Source Files Read                                                                                                                                                                                                                                                                         ;
+--------------------------------------------------------------------+-----------------+-------------------------------------------------------+---------------------------------------------------------------------------------------------------------------------------------------------------+-------------+
; File Name with User-Entered Path                                   ; Used in Netlist ; File Type                                             ; File Name with Absolute Path                                                                                                                      ; Library     ;
+--------------------------------------------------------------------+-----------------+-------------------------------------------------------+---------------------------------------------------------------------------------------------------------------------------------------------------+-------------+
; controle/br.v                                                      ; yes             ; User Verilog HDL File                                 ; /home/marcelo/Documentos/MI_SD/P1/SistemasDigitais_Problema1/cooprocessorFiles/controle/br.v                                                      ;             ;
; controle/decoder.v                                                 ; yes             ; User Verilog HDL File                                 ; /home/marcelo/Documentos/MI_SD/P1/SistemasDigitais_Problema1/cooprocessorFiles/controle/decoder.v                                                 ;             ;
; controle/top.v                                                     ; yes             ; User Verilog HDL File                                 ; /home/marcelo/Documentos/MI_SD/P1/SistemasDigitais_Problema1/cooprocessorFiles/controle/top.v                                                     ;             ;
; memoria/memory_mod.v                                               ; yes             ; User Verilog HDL File                                 ; /home/marcelo/Documentos/MI_SD/P1/SistemasDigitais_Problema1/cooprocessorFiles/memoria/memory_mod.v                                               ;             ;
; memoria/ram16bits.v                                                ; yes             ; User Wizard-Generated File                            ; /home/marcelo/Documentos/MI_SD/P1/SistemasDigitais_Problema1/cooprocessorFiles/memoria/ram16bits.v                                                ;             ;
; ula/alu.v                                                          ; yes             ; User Verilog HDL File                                 ; /home/marcelo/Documentos/MI_SD/P1/SistemasDigitais_Problema1/cooprocessorFiles/ula/alu.v                                                          ;             ;
; ula/matriz_soma.v                                                  ; yes             ; User Verilog HDL File                                 ; /home/marcelo/Documentos/MI_SD/P1/SistemasDigitais_Problema1/cooprocessorFiles/ula/matriz_soma.v                                                  ;             ;
; ula/matriz_subtracao.v                                             ; yes             ; User Verilog HDL File                                 ; /home/marcelo/Documentos/MI_SD/P1/SistemasDigitais_Problema1/cooprocessorFiles/ula/matriz_subtracao.v                                             ;             ;
; ula/matriz_transposta.v                                            ; yes             ; User Verilog HDL File                                 ; /home/marcelo/Documentos/MI_SD/P1/SistemasDigitais_Problema1/cooprocessorFiles/ula/matriz_transposta.v                                            ;             ;
; ula/matriz_multi.v                                                 ; yes             ; User Verilog HDL File                                 ; /home/marcelo/Documentos/MI_SD/P1/SistemasDigitais_Problema1/cooprocessorFiles/ula/matriz_multi.v                                                 ;             ;
; ula/matriz_escalar.v                                               ; yes             ; User Verilog HDL File                                 ; /home/marcelo/Documentos/MI_SD/P1/SistemasDigitais_Problema1/cooprocessorFiles/ula/matriz_escalar.v                                               ;             ;
; ula/matriz_oposta.v                                                ; yes             ; User Verilog HDL File                                 ; /home/marcelo/Documentos/MI_SD/P1/SistemasDigitais_Problema1/cooprocessorFiles/ula/matriz_oposta.v                                                ;             ;
; ula/matriz_determ2x2.v                                             ; yes             ; User Verilog HDL File                                 ; /home/marcelo/Documentos/MI_SD/P1/SistemasDigitais_Problema1/cooprocessorFiles/ula/matriz_determ2x2.v                                             ;             ;
; ula/matriz_determ3x3.v                                             ; yes             ; User Verilog HDL File                                 ; /home/marcelo/Documentos/MI_SD/P1/SistemasDigitais_Problema1/cooprocessorFiles/ula/matriz_determ3x3.v                                             ;             ;
; ula/matriz_determ4x4.v                                             ; yes             ; User Verilog HDL File                                 ; /home/marcelo/Documentos/MI_SD/P1/SistemasDigitais_Problema1/cooprocessorFiles/ula/matriz_determ4x4.v                                             ;             ;
; ula/matriz_determ5x5.v                                             ; yes             ; User Verilog HDL File                                 ; /home/marcelo/Documentos/MI_SD/P1/SistemasDigitais_Problema1/cooprocessorFiles/ula/matriz_determ5x5.v                                             ;             ;
; testes/debounce.v                                                  ; yes             ; User Verilog HDL File                                 ; /home/marcelo/Documentos/MI_SD/P1/SistemasDigitais_Problema1/cooprocessorFiles/testes/debounce.v                                                  ;             ;
; testes/decod7seg.v                                                 ; yes             ; User Verilog HDL File                                 ; /home/marcelo/Documentos/MI_SD/P1/SistemasDigitais_Problema1/cooprocessorFiles/testes/decod7seg.v                                                 ;             ;
; testes/test_top.v                                                  ; yes             ; User Verilog HDL File                                 ; /home/marcelo/Documentos/MI_SD/P1/SistemasDigitais_Problema1/cooprocessorFiles/testes/test_top.v                                                  ;             ;
; altsyncram.tdf                                                     ; yes             ; Megafunction                                          ; /home/marcelo/intelFPGA_lite/23.1std/quartus/libraries/megafunctions/altsyncram.tdf                                                               ;             ;
; stratix_ram_block.inc                                              ; yes             ; Megafunction                                          ; /home/marcelo/intelFPGA_lite/23.1std/quartus/libraries/megafunctions/stratix_ram_block.inc                                                        ;             ;
; lpm_mux.inc                                                        ; yes             ; Megafunction                                          ; /home/marcelo/intelFPGA_lite/23.1std/quartus/libraries/megafunctions/lpm_mux.inc                                                                  ;             ;
; lpm_decode.inc                                                     ; yes             ; Megafunction                                          ; /home/marcelo/intelFPGA_lite/23.1std/quartus/libraries/megafunctions/lpm_decode.inc                                                               ;             ;
; aglobal231.inc                                                     ; yes             ; Megafunction                                          ; /home/marcelo/intelFPGA_lite/23.1std/quartus/libraries/megafunctions/aglobal231.inc                                                               ;             ;
; a_rdenreg.inc                                                      ; yes             ; Megafunction                                          ; /home/marcelo/intelFPGA_lite/23.1std/quartus/libraries/megafunctions/a_rdenreg.inc                                                                ;             ;
; altrom.inc                                                         ; yes             ; Megafunction                                          ; /home/marcelo/intelFPGA_lite/23.1std/quartus/libraries/megafunctions/altrom.inc                                                                   ;             ;
; altram.inc                                                         ; yes             ; Megafunction                                          ; /home/marcelo/intelFPGA_lite/23.1std/quartus/libraries/megafunctions/altram.inc                                                                   ;             ;
; altdpram.inc                                                       ; yes             ; Megafunction                                          ; /home/marcelo/intelFPGA_lite/23.1std/quartus/libraries/megafunctions/altdpram.inc                                                                 ;             ;
; db/altsyncram_bnn1.tdf                                             ; yes             ; Auto-Generated Megafunction                           ; /home/marcelo/Documentos/MI_SD/P1/SistemasDigitais_Problema1/cooprocessorFiles/db/altsyncram_bnn1.tdf                                             ;             ;
; db/altsyncram_8ud2.tdf                                             ; yes             ; Auto-Generated Megafunction                           ; /home/marcelo/Documentos/MI_SD/P1/SistemasDigitais_Problema1/cooprocessorFiles/db/altsyncram_8ud2.tdf                                             ;             ;
; sld_mod_ram_rom.vhd                                                ; yes             ; Encrypted Megafunction                                ; /home/marcelo/intelFPGA_lite/23.1std/quartus/libraries/megafunctions/sld_mod_ram_rom.vhd                                                          ;             ;
; sld_jtag_endpoint_adapter.vhd                                      ; yes             ; Encrypted Megafunction                                ; /home/marcelo/intelFPGA_lite/23.1std/quartus/libraries/megafunctions/sld_jtag_endpoint_adapter.vhd                                                ;             ;
; sld_jtag_endpoint_adapter_impl.sv                                  ; yes             ; Encrypted Megafunction                                ; /home/marcelo/intelFPGA_lite/23.1std/quartus/libraries/megafunctions/sld_jtag_endpoint_adapter_impl.sv                                            ;             ;
; sld_rom_sr.vhd                                                     ; yes             ; Encrypted Megafunction                                ; /home/marcelo/intelFPGA_lite/23.1std/quartus/libraries/megafunctions/sld_rom_sr.vhd                                                               ;             ;
; sld_hub.vhd                                                        ; yes             ; Encrypted Megafunction                                ; /home/marcelo/intelFPGA_lite/23.1std/quartus/libraries/megafunctions/sld_hub.vhd                                                                  ; altera_sld  ;
; db/ip/sldbc16ccc6/alt_sld_fab.v                                    ; yes             ; Encrypted Auto-Found Verilog HDL File                 ; /home/marcelo/Documentos/MI_SD/P1/SistemasDigitais_Problema1/cooprocessorFiles/db/ip/sldbc16ccc6/alt_sld_fab.v                                    ; alt_sld_fab ;
; db/ip/sldbc16ccc6/submodules/alt_sld_fab_alt_sld_fab.v             ; yes             ; Encrypted Auto-Found Verilog HDL File                 ; /home/marcelo/Documentos/MI_SD/P1/SistemasDigitais_Problema1/cooprocessorFiles/db/ip/sldbc16ccc6/submodules/alt_sld_fab_alt_sld_fab.v             ; alt_sld_fab ;
; db/ip/sldbc16ccc6/submodules/alt_sld_fab_alt_sld_fab_ident.sv      ; yes             ; Auto-Found SystemVerilog HDL File                     ; /home/marcelo/Documentos/MI_SD/P1/SistemasDigitais_Problema1/cooprocessorFiles/db/ip/sldbc16ccc6/submodules/alt_sld_fab_alt_sld_fab_ident.sv      ; alt_sld_fab ;
; db/ip/sldbc16ccc6/submodules/alt_sld_fab_alt_sld_fab_presplit.sv   ; yes             ; Encrypted Auto-Found SystemVerilog HDL File           ; /home/marcelo/Documentos/MI_SD/P1/SistemasDigitais_Problema1/cooprocessorFiles/db/ip/sldbc16ccc6/submodules/alt_sld_fab_alt_sld_fab_presplit.sv   ; alt_sld_fab ;
; db/ip/sldbc16ccc6/submodules/alt_sld_fab_alt_sld_fab_sldfabric.vhd ; yes             ; Encrypted Auto-Found VHDL File                        ; /home/marcelo/Documentos/MI_SD/P1/SistemasDigitais_Problema1/cooprocessorFiles/db/ip/sldbc16ccc6/submodules/alt_sld_fab_alt_sld_fab_sldfabric.vhd ; alt_sld_fab ;
; db/ip/sldbc16ccc6/submodules/alt_sld_fab_alt_sld_fab_splitter.sv   ; yes             ; Encrypted Auto-Found SystemVerilog HDL File           ; /home/marcelo/Documentos/MI_SD/P1/SistemasDigitais_Problema1/cooprocessorFiles/db/ip/sldbc16ccc6/submodules/alt_sld_fab_alt_sld_fab_splitter.sv   ; alt_sld_fab ;
; sld_jtag_hub.vhd                                                   ; yes             ; Encrypted Megafunction                                ; /home/marcelo/intelFPGA_lite/23.1std/quartus/libraries/megafunctions/sld_jtag_hub.vhd                                                             ;             ;
; db/altsyncram_pj61.tdf                                             ; yes             ; Auto-Generated Megafunction                           ; /home/marcelo/Documentos/MI_SD/P1/SistemasDigitais_Problema1/cooprocessorFiles/db/altsyncram_pj61.tdf                                             ;             ;
; cooprocessor.test_top0.rtl.mif                                     ; yes             ; Auto-Generated Auto-Found Memory Initialization File  ; /home/marcelo/Documentos/MI_SD/P1/SistemasDigitais_Problema1/cooprocessorFiles/db/cooprocessor.test_top0.rtl.mif                                  ;             ;
+--------------------------------------------------------------------+-----------------+-------------------------------------------------------+---------------------------------------------------------------------------------------------------------------------------------------------------+-------------+


+---------------------------------------------------------+
; Analysis & Synthesis Resource Usage Summary             ;
+---------------------------------------------+-----------+
; Resource                                    ; Usage     ;
+---------------------------------------------+-----------+
; Estimate of Logic utilization (ALMs needed) ; 1058      ;
;                                             ;           ;
; Combinational ALUT usage for logic          ; 1418      ;
;     -- 7 input functions                    ; 11        ;
;     -- 6 input functions                    ; 482       ;
;     -- 5 input functions                    ; 103       ;
;     -- 4 input functions                    ; 274       ;
;     -- <=3 input functions                  ; 548       ;
;                                             ;           ;
; Dedicated logic registers                   ; 1091      ;
;                                             ;           ;
; I/O pins                                    ; 31        ;
; Total MLAB memory bits                      ; 0         ;
; Total block memory bits                     ; 26624     ;
;                                             ;           ;
; Total DSP Blocks                            ; 70        ;
;                                             ;           ;
; Maximum fan-out node                        ; clk~input ;
; Maximum fan-out                             ; 549       ;
; Total fan-out                               ; 11919     ;
; Average fan-out                             ; 4.43      ;
+---------------------------------------------+-----------+


+------------------------------------------------------------------------------------------------------------------------------------------------------------------------------------------------------------------------------------------------------------------------------------------------------------------------------------------------------------------------------------------------------------------------------------------------------------------------------------------------------------------------------------------------------------------------------------------------------------------------------------------------------------+
; Analysis & Synthesis Resource Utilization by Entity                                                                                                                                                                                                                                                                                                                                                                                                                                                                                                                                                                                                        ;
+-----------------------------------------------------------------------------------------------------------------------------------------+---------------------+---------------------------+-------------------+------------+------+--------------+------------------------------------------------------------------------------------------------------------------------------------------------------------------------------------------------------------------------------------------------------------------------------------------------------------------------------------------------------+-----------------------------------+--------------+
; Compilation Hierarchy Node                                                                                                              ; Combinational ALUTs ; Dedicated Logic Registers ; Block Memory Bits ; DSP Blocks ; Pins ; Virtual Pins ; Full Hierarchy Name                                                                                                                                                                                                                                                                                                                                  ; Entity Name                       ; Library Name ;
+-----------------------------------------------------------------------------------------------------------------------------------------+---------------------+---------------------------+-------------------+------------+------+--------------+------------------------------------------------------------------------------------------------------------------------------------------------------------------------------------------------------------------------------------------------------------------------------------------------------------------------------------------------------+-----------------------------------+--------------+
; |test_top                                                                                                                               ; 1418 (6)            ; 1091 (5)                  ; 26624             ; 70         ; 31   ; 0            ; |test_top                                                                                                                                                                                                                                                                                                                                            ; test_top                          ; work         ;
;    |altsyncram:Mux1_rtl_0|                                                                                                              ; 0 (0)               ; 0 (0)                     ; 22528             ; 0          ; 0    ; 0            ; |test_top|altsyncram:Mux1_rtl_0                                                                                                                                                                                                                                                                                                                      ; altsyncram                        ; work         ;
;       |altsyncram_pj61:auto_generated|                                                                                                  ; 0 (0)               ; 0 (0)                     ; 22528             ; 0          ; 0    ; 0            ; |test_top|altsyncram:Mux1_rtl_0|altsyncram_pj61:auto_generated                                                                                                                                                                                                                                                                                       ; altsyncram_pj61                   ; work         ;
;    |debounce:comb_10|                                                                                                                   ; 39 (0)              ; 31 (0)                    ; 0                 ; 0          ; 0    ; 0            ; |test_top|debounce:comb_10                                                                                                                                                                                                                                                                                                                           ; debounce                          ; work         ;
;       |clock_div:u1|                                                                                                                    ; 38 (38)             ; 28 (28)                   ; 0                 ; 0          ; 0    ; 0            ; |test_top|debounce:comb_10|clock_div:u1                                                                                                                                                                                                                                                                                                              ; clock_div                         ; work         ;
;       |my_dff:d0|                                                                                                                       ; 1 (1)               ; 1 (1)                     ; 0                 ; 0          ; 0    ; 0            ; |test_top|debounce:comb_10|my_dff:d0                                                                                                                                                                                                                                                                                                                 ; my_dff                            ; work         ;
;       |my_dff:d1|                                                                                                                       ; 0 (0)               ; 1 (1)                     ; 0                 ; 0          ; 0    ; 0            ; |test_top|debounce:comb_10|my_dff:d1                                                                                                                                                                                                                                                                                                                 ; my_dff                            ; work         ;
;       |my_dff:d2|                                                                                                                       ; 0 (0)               ; 1 (1)                     ; 0                 ; 0          ; 0    ; 0            ; |test_top|debounce:comb_10|my_dff:d2                                                                                                                                                                                                                                                                                                                 ; my_dff                            ; work         ;
;    |debounce:comb_8|                                                                                                                    ; 2 (1)               ; 4 (0)                     ; 0                 ; 0          ; 0    ; 0            ; |test_top|debounce:comb_8                                                                                                                                                                                                                                                                                                                            ; debounce                          ; work         ;
;       |clock_div:u1|                                                                                                                    ; 0 (0)               ; 1 (1)                     ; 0                 ; 0          ; 0    ; 0            ; |test_top|debounce:comb_8|clock_div:u1                                                                                                                                                                                                                                                                                                               ; clock_div                         ; work         ;
;       |my_dff:d0|                                                                                                                       ; 1 (1)               ; 1 (1)                     ; 0                 ; 0          ; 0    ; 0            ; |test_top|debounce:comb_8|my_dff:d0                                                                                                                                                                                                                                                                                                                  ; my_dff                            ; work         ;
;       |my_dff:d1|                                                                                                                       ; 0 (0)               ; 1 (1)                     ; 0                 ; 0          ; 0    ; 0            ; |test_top|debounce:comb_8|my_dff:d1                                                                                                                                                                                                                                                                                                                  ; my_dff                            ; work         ;
;       |my_dff:d2|                                                                                                                       ; 0 (0)               ; 1 (1)                     ; 0                 ; 0          ; 0    ; 0            ; |test_top|debounce:comb_8|my_dff:d2                                                                                                                                                                                                                                                                                                                  ; my_dff                            ; work         ;
;    |decod7seg:comb_4|                                                                                                                   ; 7 (7)               ; 0 (0)                     ; 0                 ; 0          ; 0    ; 0            ; |test_top|decod7seg:comb_4                                                                                                                                                                                                                                                                                                                           ; decod7seg                         ; work         ;
;    |decod7seg:comb_5|                                                                                                                   ; 7 (7)               ; 0 (0)                     ; 0                 ; 0          ; 0    ; 0            ; |test_top|decod7seg:comb_5                                                                                                                                                                                                                                                                                                                           ; decod7seg                         ; work         ;
;    |decod7seg:comb_6|                                                                                                                   ; 7 (7)               ; 0 (0)                     ; 0                 ; 0          ; 0    ; 0            ; |test_top|decod7seg:comb_6                                                                                                                                                                                                                                                                                                                           ; decod7seg                         ; work         ;
;    |decod7seg:comb_7|                                                                                                                   ; 7 (7)               ; 0 (0)                     ; 0                 ; 0          ; 0    ; 0            ; |test_top|decod7seg:comb_7                                                                                                                                                                                                                                                                                                                           ; decod7seg                         ; work         ;
;    |sld_hub:auto_hub|                                                                                                                   ; 100 (1)             ; 86 (0)                    ; 0                 ; 0          ; 0    ; 0            ; |test_top|sld_hub:auto_hub                                                                                                                                                                                                                                                                                                                           ; sld_hub                           ; altera_sld   ;
;       |alt_sld_fab_with_jtag_input:\instrumentation_fabric_with_node_gen:fabric_gen_new_way:with_jtag_input_gen:instrumentation_fabric| ; 99 (0)              ; 86 (0)                    ; 0                 ; 0          ; 0    ; 0            ; |test_top|sld_hub:auto_hub|alt_sld_fab_with_jtag_input:\instrumentation_fabric_with_node_gen:fabric_gen_new_way:with_jtag_input_gen:instrumentation_fabric                                                                                                                                                                                           ; alt_sld_fab_with_jtag_input       ; altera_sld   ;
;          |alt_sld_fab:instrumentation_fabric|                                                                                           ; 99 (0)              ; 86 (0)                    ; 0                 ; 0          ; 0    ; 0            ; |test_top|sld_hub:auto_hub|alt_sld_fab_with_jtag_input:\instrumentation_fabric_with_node_gen:fabric_gen_new_way:with_jtag_input_gen:instrumentation_fabric|alt_sld_fab:instrumentation_fabric                                                                                                                                                        ; alt_sld_fab                       ; alt_sld_fab  ;
;             |alt_sld_fab_alt_sld_fab:alt_sld_fab|                                                                                       ; 99 (1)              ; 86 (5)                    ; 0                 ; 0          ; 0    ; 0            ; |test_top|sld_hub:auto_hub|alt_sld_fab_with_jtag_input:\instrumentation_fabric_with_node_gen:fabric_gen_new_way:with_jtag_input_gen:instrumentation_fabric|alt_sld_fab:instrumentation_fabric|alt_sld_fab_alt_sld_fab:alt_sld_fab                                                                                                                    ; alt_sld_fab_alt_sld_fab           ; alt_sld_fab  ;
;                |alt_sld_fab_alt_sld_fab_sldfabric:sldfabric|                                                                            ; 98 (0)              ; 81 (0)                    ; 0                 ; 0          ; 0    ; 0            ; |test_top|sld_hub:auto_hub|alt_sld_fab_with_jtag_input:\instrumentation_fabric_with_node_gen:fabric_gen_new_way:with_jtag_input_gen:instrumentation_fabric|alt_sld_fab:instrumentation_fabric|alt_sld_fab_alt_sld_fab:alt_sld_fab|alt_sld_fab_alt_sld_fab_sldfabric:sldfabric                                                                        ; alt_sld_fab_alt_sld_fab_sldfabric ; alt_sld_fab  ;
;                   |sld_jtag_hub:\jtag_hub_gen:real_sld_jtag_hub|                                                                        ; 98 (65)             ; 81 (53)                   ; 0                 ; 0          ; 0    ; 0            ; |test_top|sld_hub:auto_hub|alt_sld_fab_with_jtag_input:\instrumentation_fabric_with_node_gen:fabric_gen_new_way:with_jtag_input_gen:instrumentation_fabric|alt_sld_fab:instrumentation_fabric|alt_sld_fab_alt_sld_fab:alt_sld_fab|alt_sld_fab_alt_sld_fab_sldfabric:sldfabric|sld_jtag_hub:\jtag_hub_gen:real_sld_jtag_hub                           ; sld_jtag_hub                      ; work         ;
;                      |sld_rom_sr:hub_info_reg|                                                                                          ; 14 (14)             ; 9 (9)                     ; 0                 ; 0          ; 0    ; 0            ; |test_top|sld_hub:auto_hub|alt_sld_fab_with_jtag_input:\instrumentation_fabric_with_node_gen:fabric_gen_new_way:with_jtag_input_gen:instrumentation_fabric|alt_sld_fab:instrumentation_fabric|alt_sld_fab_alt_sld_fab:alt_sld_fab|alt_sld_fab_alt_sld_fab_sldfabric:sldfabric|sld_jtag_hub:\jtag_hub_gen:real_sld_jtag_hub|sld_rom_sr:hub_info_reg   ; sld_rom_sr                        ; work         ;
;                      |sld_shadow_jsm:shadow_jsm|                                                                                        ; 19 (19)             ; 19 (19)                   ; 0                 ; 0          ; 0    ; 0            ; |test_top|sld_hub:auto_hub|alt_sld_fab_with_jtag_input:\instrumentation_fabric_with_node_gen:fabric_gen_new_way:with_jtag_input_gen:instrumentation_fabric|alt_sld_fab:instrumentation_fabric|alt_sld_fab_alt_sld_fab:alt_sld_fab|alt_sld_fab_alt_sld_fab_sldfabric:sldfabric|sld_jtag_hub:\jtag_hub_gen:real_sld_jtag_hub|sld_shadow_jsm:shadow_jsm ; sld_shadow_jsm                    ; altera_sld   ;
;    |top:comb_3|                                                                                                                         ; 1243 (64)           ; 965 (42)                  ; 4096              ; 69         ; 0    ; 0            ; |test_top|top:comb_3                                                                                                                                                                                                                                                                                                                                 ; top                               ; work         ;
;       |alu:comb_21|                                                                                                                     ; 1035 (256)          ; 443 (201)                 ; 0                 ; 69         ; 0    ; 0            ; |test_top|top:comb_3|alu:comb_21                                                                                                                                                                                                                                                                                                                     ; alu                               ; work         ;
;          |matriz_determ2x2:comb_9|                                                                                                      ; 0 (0)               ; 0 (0)                     ; 0                 ; 1          ; 0    ; 0            ; |test_top|top:comb_3|alu:comb_21|matriz_determ2x2:comb_9                                                                                                                                                                                                                                                                                             ; matriz_determ2x2                  ; work         ;
;          |matriz_determ3x3:comb_10|                                                                                                     ; 0 (0)               ; 0 (0)                     ; 0                 ; 5          ; 0    ; 0            ; |test_top|top:comb_3|alu:comb_21|matriz_determ3x3:comb_10                                                                                                                                                                                                                                                                                            ; matriz_determ3x3                  ; work         ;
;          |matriz_determ4x4:comb_11|                                                                                                     ; 116 (116)           ; 46 (46)                   ; 0                 ; 6          ; 0    ; 0            ; |test_top|top:comb_3|alu:comb_21|matriz_determ4x4:comb_11                                                                                                                                                                                                                                                                                            ; matriz_determ4x4                  ; work         ;
;          |matriz_determ5x5:comb_12|                                                                                                     ; 137 (29)            ; 196 (150)                 ; 0                 ; 7          ; 0    ; 0            ; |test_top|top:comb_3|alu:comb_21|matriz_determ5x5:comb_12                                                                                                                                                                                                                                                                                            ; matriz_determ5x5                  ; work         ;
;             |matriz_determ4x4:comb_3|                                                                                                   ; 108 (108)           ; 46 (46)                   ; 0                 ; 6          ; 0    ; 0            ; |test_top|top:comb_3|alu:comb_21|matriz_determ5x5:comb_12|matriz_determ4x4:comb_3                                                                                                                                                                                                                                                                    ; matriz_determ4x4                  ; work         ;
;          |matriz_escalar:comb_8|                                                                                                        ; 0 (0)               ; 0 (0)                     ; 0                 ; 25         ; 0    ; 0            ; |test_top|top:comb_3|alu:comb_21|matriz_escalar:comb_8                                                                                                                                                                                                                                                                                               ; matriz_escalar                    ; work         ;
;          |matriz_multi:comb_5|                                                                                                          ; 226 (226)           ; 0 (0)                     ; 0                 ; 25         ; 0    ; 0            ; |test_top|top:comb_3|alu:comb_21|matriz_multi:comb_5                                                                                                                                                                                                                                                                                                 ; matriz_multi                      ; work         ;
;          |matriz_oposta:comb_7|                                                                                                         ; 40 (40)             ; 0 (0)                     ; 0                 ; 0          ; 0    ; 0            ; |test_top|top:comb_3|alu:comb_21|matriz_oposta:comb_7                                                                                                                                                                                                                                                                                                ; matriz_oposta                     ; work         ;
;          |matriz_soma:comb_3|                                                                                                           ; 40 (40)             ; 0 (0)                     ; 0                 ; 0          ; 0    ; 0            ; |test_top|top:comb_3|alu:comb_21|matriz_soma:comb_3                                                                                                                                                                                                                                                                                                  ; matriz_soma                       ; work         ;
;          |matriz_subtracao:comb_4|                                                                                                      ; 220 (220)           ; 0 (0)                     ; 0                 ; 0          ; 0    ; 0            ; |test_top|top:comb_3|alu:comb_21|matriz_subtracao:comb_4                                                                                                                                                                                                                                                                                             ; matriz_subtracao                  ; work         ;
;       |br:comb_22|                                                                                                                      ; 96 (96)             ; 416 (416)                 ; 0                 ; 0          ; 0    ; 0            ; |test_top|top:comb_3|br:comb_22                                                                                                                                                                                                                                                                                                                      ; br                                ; work         ;
;       |decoder:comb_19|                                                                                                                 ; 8 (8)               ; 0 (0)                     ; 0                 ; 0          ; 0    ; 0            ; |test_top|top:comb_3|decoder:comb_19                                                                                                                                                                                                                                                                                                                 ; decoder                           ; work         ;
;       |memory_mod:comb_20|                                                                                                              ; 40 (4)              ; 64 (19)                   ; 4096              ; 0          ; 0    ; 0            ; |test_top|top:comb_3|memory_mod:comb_20                                                                                                                                                                                                                                                                                                              ; memory_mod                        ; work         ;
;          |ram16bits:comb_3|                                                                                                             ; 36 (0)              ; 45 (0)                    ; 4096              ; 0          ; 0    ; 0            ; |test_top|top:comb_3|memory_mod:comb_20|ram16bits:comb_3                                                                                                                                                                                                                                                                                             ; ram16bits                         ; work         ;
;             |altsyncram:altsyncram_component|                                                                                           ; 36 (0)              ; 45 (0)                    ; 4096              ; 0          ; 0    ; 0            ; |test_top|top:comb_3|memory_mod:comb_20|ram16bits:comb_3|altsyncram:altsyncram_component                                                                                                                                                                                                                                                             ; altsyncram                        ; work         ;
;                |altsyncram_bnn1:auto_generated|                                                                                         ; 36 (0)              ; 45 (0)                    ; 4096              ; 0          ; 0    ; 0            ; |test_top|top:comb_3|memory_mod:comb_20|ram16bits:comb_3|altsyncram:altsyncram_component|altsyncram_bnn1:auto_generated                                                                                                                                                                                                                              ; altsyncram_bnn1                   ; work         ;
;                   |altsyncram_8ud2:altsyncram1|                                                                                         ; 0 (0)               ; 0 (0)                     ; 4096              ; 0          ; 0    ; 0            ; |test_top|top:comb_3|memory_mod:comb_20|ram16bits:comb_3|altsyncram:altsyncram_component|altsyncram_bnn1:auto_generated|altsyncram_8ud2:altsyncram1                                                                                                                                                                                                  ; altsyncram_8ud2                   ; work         ;
;                   |sld_mod_ram_rom:mgl_prim2|                                                                                           ; 36 (24)             ; 45 (37)                   ; 0                 ; 0          ; 0    ; 0            ; |test_top|top:comb_3|memory_mod:comb_20|ram16bits:comb_3|altsyncram:altsyncram_component|altsyncram_bnn1:auto_generated|sld_mod_ram_rom:mgl_prim2                                                                                                                                                                                                    ; sld_mod_ram_rom                   ; work         ;
;                      |sld_rom_sr:\ram_rom_logic_gen:no_name_gen:info_rom_sr|                                                            ; 12 (12)             ; 8 (8)                     ; 0                 ; 0          ; 0    ; 0            ; |test_top|top:comb_3|memory_mod:comb_20|ram16bits:comb_3|altsyncram:altsyncram_component|altsyncram_bnn1:auto_generated|sld_mod_ram_rom:mgl_prim2|sld_rom_sr:\ram_rom_logic_gen:no_name_gen:info_rom_sr                                                                                                                                              ; sld_rom_sr                        ; work         ;
+-----------------------------------------------------------------------------------------------------------------------------------------+---------------------+---------------------------+-------------------+------------+------+--------------+------------------------------------------------------------------------------------------------------------------------------------------------------------------------------------------------------------------------------------------------------------------------------------------------------------------------------------------------------+-----------------------------------+--------------+
Note: For table entries with two numbers listed, the numbers in parentheses indicate the number of resources of the given type used by the specific entity alone. The numbers listed outside of parentheses indicate the total resources of the given type used by the specific entity and all of its sub-entities in the hierarchy.


+-----------------------------------------------------------------------------------------------------------------------------------------------------------------------------------------------------------------------------------------------------------------------------------+
; Analysis & Synthesis RAM Summary                                                                                                                                                                                                                                                  ;
+------------------------------------------------------------------------------------------------------------------------------------------------------+------+----------------+--------------+--------------+--------------+--------------+-------+--------------------------------+
; Name                                                                                                                                                 ; Type ; Mode           ; Port A Depth ; Port A Width ; Port B Depth ; Port B Width ; Size  ; MIF                            ;
+------------------------------------------------------------------------------------------------------------------------------------------------------+------+----------------+--------------+--------------+--------------+--------------+-------+--------------------------------+
; altsyncram:Mux1_rtl_0|altsyncram_pj61:auto_generated|ALTSYNCRAM                                                                                      ; AUTO ; ROM            ; 1024         ; 22           ; --           ; --           ; 22528 ; cooprocessor.test_top0.rtl.mif ;
; top:comb_3|memory_mod:comb_20|ram16bits:comb_3|altsyncram:altsyncram_component|altsyncram_bnn1:auto_generated|altsyncram_8ud2:altsyncram1|ALTSYNCRAM ; AUTO ; True Dual Port ; 256          ; 16           ; 256          ; 16           ; 4096  ; None                           ;
+------------------------------------------------------------------------------------------------------------------------------------------------------+------+----------------+--------------+--------------+--------------+--------------+-------+--------------------------------+


+-----------------------------------------------+
; Analysis & Synthesis DSP Block Usage Summary  ;
+---------------------------------+-------------+
; Statistic                       ; Number Used ;
+---------------------------------+-------------+
; Independent 9x9                 ; 30          ;
; Two Independent 18x18           ; 24          ;
; Independent 18x18 plus 36       ; 3           ;
; Sum of two 18x18                ; 13          ;
; Total number of DSP blocks      ; 70          ;
;                                 ;             ;
; Fixed Point Unsigned Multiplier ; 83          ;
+---------------------------------+-------------+


+-----------------------------------------------------------------------------------------------------------------------------------------------------------------------------------------------------------------------------------------------------------------------------------------------------------------------------------------------------------------+
; Analysis & Synthesis IP Cores Summary                                                                                                                                                                                                                                                                                                                           ;
+--------+--------------+---------+--------------+--------------+-------------------------------------------------------------------------------------------------------------------------------------------------------------------------------------------------------------------------------------------------------------------------------+-----------------+
; Vendor ; IP Core Name ; Version ; Release Date ; License Type ; Entity Instance                                                                                                                                                                                                                                                               ; IP Include File ;
+--------+--------------+---------+--------------+--------------+-------------------------------------------------------------------------------------------------------------------------------------------------------------------------------------------------------------------------------------------------------------------------------+-----------------+
; Altera ; Signal Tap   ; N/A     ; N/A          ; Licensed     ; |test_top|sld_hub:auto_hub|alt_sld_fab_with_jtag_input:\instrumentation_fabric_with_node_gen:fabric_gen_new_way:with_jtag_input_gen:instrumentation_fabric|alt_sld_fab:instrumentation_fabric                                                                                 ;                 ;
; Altera ; Signal Tap   ; N/A     ; N/A          ; Licensed     ; |test_top|sld_hub:auto_hub|alt_sld_fab_with_jtag_input:\instrumentation_fabric_with_node_gen:fabric_gen_new_way:with_jtag_input_gen:instrumentation_fabric|alt_sld_fab:instrumentation_fabric|alt_sld_fab_alt_sld_fab:alt_sld_fab                                             ;                 ;
; Altera ; Signal Tap   ; N/A     ; N/A          ; Licensed     ; |test_top|sld_hub:auto_hub|alt_sld_fab_with_jtag_input:\instrumentation_fabric_with_node_gen:fabric_gen_new_way:with_jtag_input_gen:instrumentation_fabric|alt_sld_fab:instrumentation_fabric|alt_sld_fab_alt_sld_fab:alt_sld_fab|alt_sld_fab_alt_sld_fab_presplit:presplit   ;                 ;
; Altera ; Signal Tap   ; N/A     ; N/A          ; Licensed     ; |test_top|sld_hub:auto_hub|alt_sld_fab_with_jtag_input:\instrumentation_fabric_with_node_gen:fabric_gen_new_way:with_jtag_input_gen:instrumentation_fabric|alt_sld_fab:instrumentation_fabric|alt_sld_fab_alt_sld_fab:alt_sld_fab|alt_sld_fab_alt_sld_fab_sldfabric:sldfabric ;                 ;
; Altera ; Signal Tap   ; N/A     ; N/A          ; Licensed     ; |test_top|sld_hub:auto_hub|alt_sld_fab_with_jtag_input:\instrumentation_fabric_with_node_gen:fabric_gen_new_way:with_jtag_input_gen:instrumentation_fabric|alt_sld_fab:instrumentation_fabric|alt_sld_fab_alt_sld_fab:alt_sld_fab|alt_sld_fab_alt_sld_fab_splitter:splitter   ;                 ;
+--------+--------------+---------+--------------+--------------+-------------------------------------------------------------------------------------------------------------------------------------------------------------------------------------------------------------------------------------------------------------------------------+-----------------+


Encoding Type:  One-Hot
+---------------------------------------------------------------------------+
; State Machine - |test_top|top:comb_3|state                                ;
+---------------+-------------+--------------+---------------+--------------+
; Name          ; state.FETCH ; state.MEMORY ; state.EXECUTE ; state.DECODE ;
+---------------+-------------+--------------+---------------+--------------+
; state.FETCH   ; 0           ; 0            ; 0             ; 0            ;
; state.DECODE  ; 1           ; 0            ; 0             ; 1            ;
; state.EXECUTE ; 1           ; 0            ; 1             ; 0            ;
; state.MEMORY  ; 1           ; 1            ; 0             ; 0            ;
+---------------+-------------+--------------+---------------+--------------+


+--------------------------------------------------------------------------------------------------------------------------------------------------------------------------------------------------------------------------------+
; Registers Removed During Synthesis                                                                                                                                                                                             ;
+------------------------------------------------------------------------------------------------------------------------------------------------------------------------+-------------------------------------------------------+
; Register name                                                                                                                                                          ; Reason for Removal                                    ;
+------------------------------------------------------------------------------------------------------------------------------------------------------------------------+-------------------------------------------------------+
; top:comb_3|alu:comb_21|matriz_multi:comb_5|done                                                                                                                        ; Stuck at VCC due to stuck port data_in                ;
; top:comb_3|count_mem[6,7]                                                                                                                                              ; Stuck at GND due to stuck port data_in                ;
; top:comb_3|fetched_instruction[22..27]                                                                                                                                 ; Stuck at GND due to stuck port data_in                ;
; top:comb_3|alu:comb_21|matriz_determ5x5:comb_12|matrix_temp[32..39]                                                                                                    ; Stuck at GND due to stuck port data_in                ;
; top:comb_3|alu:comb_21|matriz_determ5x5:comb_12|matriz_determ4x4:comb_3|tp[0][16]                                                                                      ; Stuck at GND due to stuck port data_in                ;
; top:comb_3|alu:comb_21|matriz_determ5x5:comb_12|matriz_determ4x4:comb_3|tp[0][17]                                                                                      ; Stuck at GND due to stuck port data_in                ;
; top:comb_3|alu:comb_21|matriz_determ5x5:comb_12|matriz_determ4x4:comb_3|tp[0][18]                                                                                      ; Stuck at GND due to stuck port data_in                ;
; top:comb_3|alu:comb_21|matriz_determ5x5:comb_12|matriz_determ4x4:comb_3|tp[0][19]                                                                                      ; Stuck at GND due to stuck port data_in                ;
; top:comb_3|alu:comb_21|matriz_determ5x5:comb_12|matriz_determ4x4:comb_3|tp[0][20]                                                                                      ; Stuck at GND due to stuck port data_in                ;
; top:comb_3|alu:comb_21|matriz_determ5x5:comb_12|matriz_determ4x4:comb_3|tp[0][21]                                                                                      ; Stuck at GND due to stuck port data_in                ;
; top:comb_3|alu:comb_21|matriz_determ5x5:comb_12|matriz_determ4x4:comb_3|tp[0][22]                                                                                      ; Stuck at GND due to stuck port data_in                ;
; top:comb_3|alu:comb_21|matriz_determ5x5:comb_12|matriz_determ4x4:comb_3|tp[0][23]                                                                                      ; Stuck at GND due to stuck port data_in                ;
; top:comb_3|alu:comb_21|matriz_determ5x5:comb_12|matriz_determ4x4:comb_3|tp[0][24]                                                                                      ; Stuck at GND due to stuck port data_in                ;
; top:comb_3|alu:comb_21|matriz_determ5x5:comb_12|matriz_determ4x4:comb_3|tp[0][25]                                                                                      ; Stuck at GND due to stuck port data_in                ;
; top:comb_3|alu:comb_21|matriz_determ5x5:comb_12|matriz_determ4x4:comb_3|tp[0][26]                                                                                      ; Stuck at GND due to stuck port data_in                ;
; top:comb_3|alu:comb_21|matriz_determ5x5:comb_12|matriz_determ4x4:comb_3|tp[0][27]                                                                                      ; Stuck at GND due to stuck port data_in                ;
; top:comb_3|alu:comb_21|matriz_determ5x5:comb_12|matriz_determ4x4:comb_3|tp[0][28]                                                                                      ; Stuck at GND due to stuck port data_in                ;
; top:comb_3|alu:comb_21|matriz_determ5x5:comb_12|matriz_determ4x4:comb_3|tp[0][29]                                                                                      ; Stuck at GND due to stuck port data_in                ;
; top:comb_3|alu:comb_21|matriz_determ5x5:comb_12|matriz_determ4x4:comb_3|tp[0][30]                                                                                      ; Stuck at GND due to stuck port data_in                ;
; top:comb_3|alu:comb_21|matriz_determ5x5:comb_12|matriz_determ4x4:comb_3|tp[0][31]                                                                                      ; Stuck at GND due to stuck port data_in                ;
; top:comb_3|alu:comb_21|matriz_determ5x5:comb_12|matriz_determ4x4:comb_3|tp[1][16]                                                                                      ; Stuck at GND due to stuck port data_in                ;
; top:comb_3|alu:comb_21|matriz_determ5x5:comb_12|matriz_determ4x4:comb_3|tp[1][17]                                                                                      ; Stuck at GND due to stuck port data_in                ;
; top:comb_3|alu:comb_21|matriz_determ5x5:comb_12|matriz_determ4x4:comb_3|tp[1][18]                                                                                      ; Stuck at GND due to stuck port data_in                ;
; top:comb_3|alu:comb_21|matriz_determ5x5:comb_12|matriz_determ4x4:comb_3|tp[1][19]                                                                                      ; Stuck at GND due to stuck port data_in                ;
; top:comb_3|alu:comb_21|matriz_determ5x5:comb_12|matriz_determ4x4:comb_3|tp[1][20]                                                                                      ; Stuck at GND due to stuck port data_in                ;
; top:comb_3|alu:comb_21|matriz_determ5x5:comb_12|matriz_determ4x4:comb_3|tp[1][21]                                                                                      ; Stuck at GND due to stuck port data_in                ;
; top:comb_3|alu:comb_21|matriz_determ5x5:comb_12|matriz_determ4x4:comb_3|tp[1][22]                                                                                      ; Stuck at GND due to stuck port data_in                ;
; top:comb_3|alu:comb_21|matriz_determ5x5:comb_12|matriz_determ4x4:comb_3|tp[1][23]                                                                                      ; Stuck at GND due to stuck port data_in                ;
; top:comb_3|alu:comb_21|matriz_determ5x5:comb_12|matriz_determ4x4:comb_3|tp[1][24]                                                                                      ; Stuck at GND due to stuck port data_in                ;
; top:comb_3|alu:comb_21|matriz_determ5x5:comb_12|matriz_determ4x4:comb_3|tp[1][25]                                                                                      ; Stuck at GND due to stuck port data_in                ;
; top:comb_3|alu:comb_21|matriz_determ5x5:comb_12|matriz_determ4x4:comb_3|tp[1][26]                                                                                      ; Stuck at GND due to stuck port data_in                ;
; top:comb_3|alu:comb_21|matriz_determ5x5:comb_12|matriz_determ4x4:comb_3|tp[1][27]                                                                                      ; Stuck at GND due to stuck port data_in                ;
; top:comb_3|alu:comb_21|matriz_determ5x5:comb_12|matriz_determ4x4:comb_3|tp[1][28]                                                                                      ; Stuck at GND due to stuck port data_in                ;
; top:comb_3|alu:comb_21|matriz_determ5x5:comb_12|matriz_determ4x4:comb_3|tp[1][29]                                                                                      ; Stuck at GND due to stuck port data_in                ;
; top:comb_3|alu:comb_21|matriz_determ5x5:comb_12|matriz_determ4x4:comb_3|tp[1][30]                                                                                      ; Stuck at GND due to stuck port data_in                ;
; top:comb_3|alu:comb_21|matriz_determ5x5:comb_12|matriz_determ4x4:comb_3|tp[1][31]                                                                                      ; Stuck at GND due to stuck port data_in                ;
; top:comb_3|alu:comb_21|matriz_determ5x5:comb_12|matriz_determ4x4:comb_3|tp[2][16]                                                                                      ; Stuck at GND due to stuck port data_in                ;
; top:comb_3|alu:comb_21|matriz_determ5x5:comb_12|matriz_determ4x4:comb_3|tp[2][17]                                                                                      ; Stuck at GND due to stuck port data_in                ;
; top:comb_3|alu:comb_21|matriz_determ5x5:comb_12|matriz_determ4x4:comb_3|tp[2][18]                                                                                      ; Stuck at GND due to stuck port data_in                ;
; top:comb_3|alu:comb_21|matriz_determ5x5:comb_12|matriz_determ4x4:comb_3|tp[2][19]                                                                                      ; Stuck at GND due to stuck port data_in                ;
; top:comb_3|alu:comb_21|matriz_determ5x5:comb_12|matriz_determ4x4:comb_3|tp[2][20]                                                                                      ; Stuck at GND due to stuck port data_in                ;
; top:comb_3|alu:comb_21|matriz_determ5x5:comb_12|matriz_determ4x4:comb_3|tp[2][21]                                                                                      ; Stuck at GND due to stuck port data_in                ;
; top:comb_3|alu:comb_21|matriz_determ5x5:comb_12|matriz_determ4x4:comb_3|tp[2][22]                                                                                      ; Stuck at GND due to stuck port data_in                ;
; top:comb_3|alu:comb_21|matriz_determ5x5:comb_12|matriz_determ4x4:comb_3|tp[2][23]                                                                                      ; Stuck at GND due to stuck port data_in                ;
; top:comb_3|alu:comb_21|matriz_determ5x5:comb_12|matriz_determ4x4:comb_3|tp[2][24]                                                                                      ; Stuck at GND due to stuck port data_in                ;
; top:comb_3|alu:comb_21|matriz_determ5x5:comb_12|matriz_determ4x4:comb_3|tp[2][25]                                                                                      ; Stuck at GND due to stuck port data_in                ;
; top:comb_3|alu:comb_21|matriz_determ5x5:comb_12|matriz_determ4x4:comb_3|tp[2][26]                                                                                      ; Stuck at GND due to stuck port data_in                ;
; top:comb_3|alu:comb_21|matriz_determ5x5:comb_12|matriz_determ4x4:comb_3|tp[2][27]                                                                                      ; Stuck at GND due to stuck port data_in                ;
; top:comb_3|alu:comb_21|matriz_determ5x5:comb_12|matriz_determ4x4:comb_3|tp[2][28]                                                                                      ; Stuck at GND due to stuck port data_in                ;
; top:comb_3|alu:comb_21|matriz_determ5x5:comb_12|matriz_determ4x4:comb_3|tp[2][29]                                                                                      ; Stuck at GND due to stuck port data_in                ;
; top:comb_3|alu:comb_21|matriz_determ5x5:comb_12|matriz_determ4x4:comb_3|tp[2][30]                                                                                      ; Stuck at GND due to stuck port data_in                ;
; top:comb_3|alu:comb_21|matriz_determ5x5:comb_12|matriz_determ4x4:comb_3|tp[2][31]                                                                                      ; Stuck at GND due to stuck port data_in                ;
; top:comb_3|alu:comb_21|matriz_determ5x5:comb_12|matriz_determ4x4:comb_3|tp[3][16]                                                                                      ; Stuck at GND due to stuck port data_in                ;
; top:comb_3|alu:comb_21|matriz_determ5x5:comb_12|matriz_determ4x4:comb_3|tp[3][17]                                                                                      ; Stuck at GND due to stuck port data_in                ;
; top:comb_3|alu:comb_21|matriz_determ5x5:comb_12|matriz_determ4x4:comb_3|tp[3][18]                                                                                      ; Stuck at GND due to stuck port data_in                ;
; top:comb_3|alu:comb_21|matriz_determ5x5:comb_12|matriz_determ4x4:comb_3|tp[3][19]                                                                                      ; Stuck at GND due to stuck port data_in                ;
; top:comb_3|alu:comb_21|matriz_determ5x5:comb_12|matriz_determ4x4:comb_3|tp[3][20]                                                                                      ; Stuck at GND due to stuck port data_in                ;
; top:comb_3|alu:comb_21|matriz_determ5x5:comb_12|matriz_determ4x4:comb_3|tp[3][21]                                                                                      ; Stuck at GND due to stuck port data_in                ;
; top:comb_3|alu:comb_21|matriz_determ5x5:comb_12|matriz_determ4x4:comb_3|tp[3][22]                                                                                      ; Stuck at GND due to stuck port data_in                ;
; top:comb_3|alu:comb_21|matriz_determ5x5:comb_12|matriz_determ4x4:comb_3|tp[3][23]                                                                                      ; Stuck at GND due to stuck port data_in                ;
; top:comb_3|alu:comb_21|matriz_determ5x5:comb_12|matriz_determ4x4:comb_3|tp[3][24]                                                                                      ; Stuck at GND due to stuck port data_in                ;
; top:comb_3|alu:comb_21|matriz_determ5x5:comb_12|matriz_determ4x4:comb_3|tp[3][25]                                                                                      ; Stuck at GND due to stuck port data_in                ;
; top:comb_3|alu:comb_21|matriz_determ5x5:comb_12|matriz_determ4x4:comb_3|tp[3][26]                                                                                      ; Stuck at GND due to stuck port data_in                ;
; top:comb_3|alu:comb_21|matriz_determ5x5:comb_12|matriz_determ4x4:comb_3|tp[3][27]                                                                                      ; Stuck at GND due to stuck port data_in                ;
; top:comb_3|alu:comb_21|matriz_determ5x5:comb_12|matriz_determ4x4:comb_3|tp[3][28]                                                                                      ; Stuck at GND due to stuck port data_in                ;
; top:comb_3|alu:comb_21|matriz_determ5x5:comb_12|matriz_determ4x4:comb_3|tp[3][29]                                                                                      ; Stuck at GND due to stuck port data_in                ;
; top:comb_3|alu:comb_21|matriz_determ5x5:comb_12|matriz_determ4x4:comb_3|tp[3][30]                                                                                      ; Stuck at GND due to stuck port data_in                ;
; top:comb_3|alu:comb_21|matriz_determ5x5:comb_12|matriz_determ4x4:comb_3|tp[3][31]                                                                                      ; Stuck at GND due to stuck port data_in                ;
; top:comb_3|alu:comb_21|matriz_determ4x4:comb_11|tp[0][16]                                                                                                              ; Stuck at GND due to stuck port data_in                ;
; top:comb_3|alu:comb_21|matriz_determ4x4:comb_11|tp[0][17]                                                                                                              ; Stuck at GND due to stuck port data_in                ;
; top:comb_3|alu:comb_21|matriz_determ4x4:comb_11|tp[0][18]                                                                                                              ; Stuck at GND due to stuck port data_in                ;
; top:comb_3|alu:comb_21|matriz_determ4x4:comb_11|tp[0][19]                                                                                                              ; Stuck at GND due to stuck port data_in                ;
; top:comb_3|alu:comb_21|matriz_determ4x4:comb_11|tp[0][20]                                                                                                              ; Stuck at GND due to stuck port data_in                ;
; top:comb_3|alu:comb_21|matriz_determ4x4:comb_11|tp[0][21]                                                                                                              ; Stuck at GND due to stuck port data_in                ;
; top:comb_3|alu:comb_21|matriz_determ4x4:comb_11|tp[0][22]                                                                                                              ; Stuck at GND due to stuck port data_in                ;
; top:comb_3|alu:comb_21|matriz_determ4x4:comb_11|tp[0][23]                                                                                                              ; Stuck at GND due to stuck port data_in                ;
; top:comb_3|alu:comb_21|matriz_determ4x4:comb_11|tp[0][24]                                                                                                              ; Stuck at GND due to stuck port data_in                ;
; top:comb_3|alu:comb_21|matriz_determ4x4:comb_11|tp[0][25]                                                                                                              ; Stuck at GND due to stuck port data_in                ;
; top:comb_3|alu:comb_21|matriz_determ4x4:comb_11|tp[0][26]                                                                                                              ; Stuck at GND due to stuck port data_in                ;
; top:comb_3|alu:comb_21|matriz_determ4x4:comb_11|tp[0][27]                                                                                                              ; Stuck at GND due to stuck port data_in                ;
; top:comb_3|alu:comb_21|matriz_determ4x4:comb_11|tp[0][28]                                                                                                              ; Stuck at GND due to stuck port data_in                ;
; top:comb_3|alu:comb_21|matriz_determ4x4:comb_11|tp[0][29]                                                                                                              ; Stuck at GND due to stuck port data_in                ;
; top:comb_3|alu:comb_21|matriz_determ4x4:comb_11|tp[0][30]                                                                                                              ; Stuck at GND due to stuck port data_in                ;
; top:comb_3|alu:comb_21|matriz_determ4x4:comb_11|tp[0][31]                                                                                                              ; Stuck at GND due to stuck port data_in                ;
; top:comb_3|alu:comb_21|matriz_determ4x4:comb_11|tp[1][16]                                                                                                              ; Stuck at GND due to stuck port data_in                ;
; top:comb_3|alu:comb_21|matriz_determ4x4:comb_11|tp[1][17]                                                                                                              ; Stuck at GND due to stuck port data_in                ;
; top:comb_3|alu:comb_21|matriz_determ4x4:comb_11|tp[1][18]                                                                                                              ; Stuck at GND due to stuck port data_in                ;
; top:comb_3|alu:comb_21|matriz_determ4x4:comb_11|tp[1][19]                                                                                                              ; Stuck at GND due to stuck port data_in                ;
; top:comb_3|alu:comb_21|matriz_determ4x4:comb_11|tp[1][20]                                                                                                              ; Stuck at GND due to stuck port data_in                ;
; top:comb_3|alu:comb_21|matriz_determ4x4:comb_11|tp[1][21]                                                                                                              ; Stuck at GND due to stuck port data_in                ;
; top:comb_3|alu:comb_21|matriz_determ4x4:comb_11|tp[1][22]                                                                                                              ; Stuck at GND due to stuck port data_in                ;
; top:comb_3|alu:comb_21|matriz_determ4x4:comb_11|tp[1][23]                                                                                                              ; Stuck at GND due to stuck port data_in                ;
; top:comb_3|alu:comb_21|matriz_determ4x4:comb_11|tp[1][24]                                                                                                              ; Stuck at GND due to stuck port data_in                ;
; top:comb_3|alu:comb_21|matriz_determ4x4:comb_11|tp[1][25]                                                                                                              ; Stuck at GND due to stuck port data_in                ;
; top:comb_3|alu:comb_21|matriz_determ4x4:comb_11|tp[1][26]                                                                                                              ; Stuck at GND due to stuck port data_in                ;
; top:comb_3|alu:comb_21|matriz_determ4x4:comb_11|tp[1][27]                                                                                                              ; Stuck at GND due to stuck port data_in                ;
; top:comb_3|alu:comb_21|matriz_determ4x4:comb_11|tp[1][28]                                                                                                              ; Stuck at GND due to stuck port data_in                ;
; top:comb_3|alu:comb_21|matriz_determ4x4:comb_11|tp[1][29]                                                                                                              ; Stuck at GND due to stuck port data_in                ;
; top:comb_3|alu:comb_21|matriz_determ4x4:comb_11|tp[1][30]                                                                                                              ; Stuck at GND due to stuck port data_in                ;
; top:comb_3|alu:comb_21|matriz_determ4x4:comb_11|tp[1][31]                                                                                                              ; Stuck at GND due to stuck port data_in                ;
; top:comb_3|alu:comb_21|matriz_determ4x4:comb_11|tp[2][16]                                                                                                              ; Stuck at GND due to stuck port data_in                ;
; top:comb_3|alu:comb_21|matriz_determ4x4:comb_11|tp[2][17]                                                                                                              ; Stuck at GND due to stuck port data_in                ;
; top:comb_3|alu:comb_21|matriz_determ4x4:comb_11|tp[2][18]                                                                                                              ; Stuck at GND due to stuck port data_in                ;
; top:comb_3|alu:comb_21|matriz_determ4x4:comb_11|tp[2][19]                                                                                                              ; Stuck at GND due to stuck port data_in                ;
; top:comb_3|alu:comb_21|matriz_determ4x4:comb_11|tp[2][20]                                                                                                              ; Stuck at GND due to stuck port data_in                ;
; top:comb_3|alu:comb_21|matriz_determ4x4:comb_11|tp[2][21]                                                                                                              ; Stuck at GND due to stuck port data_in                ;
; top:comb_3|alu:comb_21|matriz_determ4x4:comb_11|tp[2][22]                                                                                                              ; Stuck at GND due to stuck port data_in                ;
; top:comb_3|alu:comb_21|matriz_determ4x4:comb_11|tp[2][23]                                                                                                              ; Stuck at GND due to stuck port data_in                ;
; top:comb_3|alu:comb_21|matriz_determ4x4:comb_11|tp[2][24]                                                                                                              ; Stuck at GND due to stuck port data_in                ;
; top:comb_3|alu:comb_21|matriz_determ4x4:comb_11|tp[2][25]                                                                                                              ; Stuck at GND due to stuck port data_in                ;
; top:comb_3|alu:comb_21|matriz_determ4x4:comb_11|tp[2][26]                                                                                                              ; Stuck at GND due to stuck port data_in                ;
; top:comb_3|alu:comb_21|matriz_determ4x4:comb_11|tp[2][27]                                                                                                              ; Stuck at GND due to stuck port data_in                ;
; top:comb_3|alu:comb_21|matriz_determ4x4:comb_11|tp[2][28]                                                                                                              ; Stuck at GND due to stuck port data_in                ;
; top:comb_3|alu:comb_21|matriz_determ4x4:comb_11|tp[2][29]                                                                                                              ; Stuck at GND due to stuck port data_in                ;
; top:comb_3|alu:comb_21|matriz_determ4x4:comb_11|tp[2][30]                                                                                                              ; Stuck at GND due to stuck port data_in                ;
; top:comb_3|alu:comb_21|matriz_determ4x4:comb_11|tp[2][31]                                                                                                              ; Stuck at GND due to stuck port data_in                ;
; top:comb_3|alu:comb_21|matriz_determ4x4:comb_11|tp[3][16]                                                                                                              ; Stuck at GND due to stuck port data_in                ;
; top:comb_3|alu:comb_21|matriz_determ4x4:comb_11|tp[3][17]                                                                                                              ; Stuck at GND due to stuck port data_in                ;
; top:comb_3|alu:comb_21|matriz_determ4x4:comb_11|tp[3][18]                                                                                                              ; Stuck at GND due to stuck port data_in                ;
; top:comb_3|alu:comb_21|matriz_determ4x4:comb_11|tp[3][19]                                                                                                              ; Stuck at GND due to stuck port data_in                ;
; top:comb_3|alu:comb_21|matriz_determ4x4:comb_11|tp[3][20]                                                                                                              ; Stuck at GND due to stuck port data_in                ;
; top:comb_3|alu:comb_21|matriz_determ4x4:comb_11|tp[3][21]                                                                                                              ; Stuck at GND due to stuck port data_in                ;
; top:comb_3|alu:comb_21|matriz_determ4x4:comb_11|tp[3][22]                                                                                                              ; Stuck at GND due to stuck port data_in                ;
; top:comb_3|alu:comb_21|matriz_determ4x4:comb_11|tp[3][23]                                                                                                              ; Stuck at GND due to stuck port data_in                ;
; top:comb_3|alu:comb_21|matriz_determ4x4:comb_11|tp[3][24]                                                                                                              ; Stuck at GND due to stuck port data_in                ;
; top:comb_3|alu:comb_21|matriz_determ4x4:comb_11|tp[3][25]                                                                                                              ; Stuck at GND due to stuck port data_in                ;
; top:comb_3|alu:comb_21|matriz_determ4x4:comb_11|tp[3][26]                                                                                                              ; Stuck at GND due to stuck port data_in                ;
; top:comb_3|alu:comb_21|matriz_determ4x4:comb_11|tp[3][27]                                                                                                              ; Stuck at GND due to stuck port data_in                ;
; top:comb_3|alu:comb_21|matriz_determ4x4:comb_11|tp[3][28]                                                                                                              ; Stuck at GND due to stuck port data_in                ;
; top:comb_3|alu:comb_21|matriz_determ4x4:comb_11|tp[3][29]                                                                                                              ; Stuck at GND due to stuck port data_in                ;
; top:comb_3|alu:comb_21|matriz_determ4x4:comb_11|tp[3][30]                                                                                                              ; Stuck at GND due to stuck port data_in                ;
; top:comb_3|alu:comb_21|matriz_determ4x4:comb_11|tp[3][31]                                                                                                              ; Stuck at GND due to stuck port data_in                ;
; top:comb_3|alu:comb_21|matriz_determ5x5:comb_12|matriz_determ4x4:comb_3|tp[2][15]                                                                                      ; Lost fanout                                           ;
; top:comb_3|alu:comb_21|matriz_determ5x5:comb_12|matriz_determ4x4:comb_3|tp[2][14]                                                                                      ; Lost fanout                                           ;
; top:comb_3|alu:comb_21|matriz_determ5x5:comb_12|matriz_determ4x4:comb_3|tp[2][13]                                                                                      ; Lost fanout                                           ;
; top:comb_3|alu:comb_21|matriz_determ5x5:comb_12|matriz_determ4x4:comb_3|tp[2][12]                                                                                      ; Lost fanout                                           ;
; top:comb_3|alu:comb_21|matriz_determ5x5:comb_12|matriz_determ4x4:comb_3|tp[2][11]                                                                                      ; Lost fanout                                           ;
; top:comb_3|alu:comb_21|matriz_determ5x5:comb_12|matriz_determ4x4:comb_3|tp[2][10]                                                                                      ; Lost fanout                                           ;
; top:comb_3|alu:comb_21|matriz_determ5x5:comb_12|matriz_determ4x4:comb_3|tp[2][9]                                                                                       ; Lost fanout                                           ;
; top:comb_3|alu:comb_21|matriz_determ5x5:comb_12|matriz_determ4x4:comb_3|tp[2][8]                                                                                       ; Lost fanout                                           ;
; top:comb_3|alu:comb_21|matriz_determ5x5:comb_12|matriz_determ4x4:comb_3|tp[3][8]                                                                                       ; Lost fanout                                           ;
; top:comb_3|alu:comb_21|matriz_determ5x5:comb_12|matriz_determ4x4:comb_3|tp[3][9]                                                                                       ; Lost fanout                                           ;
; top:comb_3|alu:comb_21|matriz_determ5x5:comb_12|matriz_determ4x4:comb_3|tp[3][10]                                                                                      ; Lost fanout                                           ;
; top:comb_3|alu:comb_21|matriz_determ5x5:comb_12|matriz_determ4x4:comb_3|tp[3][11]                                                                                      ; Lost fanout                                           ;
; top:comb_3|alu:comb_21|matriz_determ5x5:comb_12|matriz_determ4x4:comb_3|tp[3][12]                                                                                      ; Lost fanout                                           ;
; top:comb_3|alu:comb_21|matriz_determ5x5:comb_12|matriz_determ4x4:comb_3|tp[3][13]                                                                                      ; Lost fanout                                           ;
; top:comb_3|alu:comb_21|matriz_determ5x5:comb_12|matriz_determ4x4:comb_3|tp[3][14]                                                                                      ; Lost fanout                                           ;
; top:comb_3|alu:comb_21|matriz_determ5x5:comb_12|matriz_determ4x4:comb_3|tp[3][15]                                                                                      ; Lost fanout                                           ;
; top:comb_3|alu:comb_21|matriz_determ4x4:comb_11|tp[2][15]                                                                                                              ; Lost fanout                                           ;
; top:comb_3|alu:comb_21|matriz_determ4x4:comb_11|tp[2][14]                                                                                                              ; Lost fanout                                           ;
; top:comb_3|alu:comb_21|matriz_determ4x4:comb_11|tp[2][13]                                                                                                              ; Lost fanout                                           ;
; top:comb_3|alu:comb_21|matriz_determ4x4:comb_11|tp[2][12]                                                                                                              ; Lost fanout                                           ;
; top:comb_3|alu:comb_21|matriz_determ4x4:comb_11|tp[2][11]                                                                                                              ; Lost fanout                                           ;
; top:comb_3|alu:comb_21|matriz_determ4x4:comb_11|tp[2][10]                                                                                                              ; Lost fanout                                           ;
; top:comb_3|alu:comb_21|matriz_determ4x4:comb_11|tp[2][9]                                                                                                               ; Lost fanout                                           ;
; top:comb_3|alu:comb_21|matriz_determ4x4:comb_11|tp[2][8]                                                                                                               ; Lost fanout                                           ;
; top:comb_3|alu:comb_21|matriz_determ4x4:comb_11|tp[3][8]                                                                                                               ; Lost fanout                                           ;
; top:comb_3|alu:comb_21|matriz_determ4x4:comb_11|tp[3][9]                                                                                                               ; Lost fanout                                           ;
; top:comb_3|alu:comb_21|matriz_determ4x4:comb_11|tp[3][10]                                                                                                              ; Lost fanout                                           ;
; top:comb_3|alu:comb_21|matriz_determ4x4:comb_11|tp[3][11]                                                                                                              ; Lost fanout                                           ;
; top:comb_3|alu:comb_21|matriz_determ4x4:comb_11|tp[3][12]                                                                                                              ; Lost fanout                                           ;
; top:comb_3|alu:comb_21|matriz_determ4x4:comb_11|tp[3][13]                                                                                                              ; Lost fanout                                           ;
; top:comb_3|alu:comb_21|matriz_determ4x4:comb_11|tp[3][14]                                                                                                              ; Lost fanout                                           ;
; top:comb_3|alu:comb_21|matriz_determ4x4:comb_11|tp[3][15]                                                                                                              ; Lost fanout                                           ;
; top:comb_3|alu:comb_21|matriz_determ5x5:comb_12|matriz_determ4x4:comb_3|tp[0][15]                                                                                      ; Lost fanout                                           ;
; top:comb_3|alu:comb_21|matriz_determ5x5:comb_12|matriz_determ4x4:comb_3|tp[0][14]                                                                                      ; Lost fanout                                           ;
; top:comb_3|alu:comb_21|matriz_determ5x5:comb_12|matriz_determ4x4:comb_3|tp[0][13]                                                                                      ; Lost fanout                                           ;
; top:comb_3|alu:comb_21|matriz_determ5x5:comb_12|matriz_determ4x4:comb_3|tp[0][12]                                                                                      ; Lost fanout                                           ;
; top:comb_3|alu:comb_21|matriz_determ5x5:comb_12|matriz_determ4x4:comb_3|tp[0][11]                                                                                      ; Lost fanout                                           ;
; top:comb_3|alu:comb_21|matriz_determ5x5:comb_12|matriz_determ4x4:comb_3|tp[0][10]                                                                                      ; Lost fanout                                           ;
; top:comb_3|alu:comb_21|matriz_determ5x5:comb_12|matriz_determ4x4:comb_3|tp[0][9]                                                                                       ; Lost fanout                                           ;
; top:comb_3|alu:comb_21|matriz_determ5x5:comb_12|matriz_determ4x4:comb_3|tp[0][8]                                                                                       ; Lost fanout                                           ;
; top:comb_3|alu:comb_21|matriz_determ5x5:comb_12|matriz_determ4x4:comb_3|tp[1][8]                                                                                       ; Lost fanout                                           ;
; top:comb_3|alu:comb_21|matriz_determ5x5:comb_12|matriz_determ4x4:comb_3|tp[1][9]                                                                                       ; Lost fanout                                           ;
; top:comb_3|alu:comb_21|matriz_determ5x5:comb_12|matriz_determ4x4:comb_3|tp[1][10]                                                                                      ; Lost fanout                                           ;
; top:comb_3|alu:comb_21|matriz_determ5x5:comb_12|matriz_determ4x4:comb_3|tp[1][11]                                                                                      ; Lost fanout                                           ;
; top:comb_3|alu:comb_21|matriz_determ5x5:comb_12|matriz_determ4x4:comb_3|tp[1][12]                                                                                      ; Lost fanout                                           ;
; top:comb_3|alu:comb_21|matriz_determ5x5:comb_12|matriz_determ4x4:comb_3|tp[1][13]                                                                                      ; Lost fanout                                           ;
; top:comb_3|alu:comb_21|matriz_determ5x5:comb_12|matriz_determ4x4:comb_3|tp[1][14]                                                                                      ; Lost fanout                                           ;
; top:comb_3|alu:comb_21|matriz_determ5x5:comb_12|matriz_determ4x4:comb_3|tp[1][15]                                                                                      ; Lost fanout                                           ;
; top:comb_3|alu:comb_21|matriz_determ4x4:comb_11|tp[0][15]                                                                                                              ; Lost fanout                                           ;
; top:comb_3|alu:comb_21|matriz_determ4x4:comb_11|tp[0][14]                                                                                                              ; Lost fanout                                           ;
; top:comb_3|alu:comb_21|matriz_determ4x4:comb_11|tp[0][13]                                                                                                              ; Lost fanout                                           ;
; top:comb_3|alu:comb_21|matriz_determ4x4:comb_11|tp[0][12]                                                                                                              ; Lost fanout                                           ;
; top:comb_3|alu:comb_21|matriz_determ4x4:comb_11|tp[0][11]                                                                                                              ; Lost fanout                                           ;
; top:comb_3|alu:comb_21|matriz_determ4x4:comb_11|tp[0][10]                                                                                                              ; Lost fanout                                           ;
; top:comb_3|alu:comb_21|matriz_determ4x4:comb_11|tp[0][9]                                                                                                               ; Lost fanout                                           ;
; top:comb_3|alu:comb_21|matriz_determ4x4:comb_11|tp[0][8]                                                                                                               ; Lost fanout                                           ;
; top:comb_3|alu:comb_21|matriz_determ4x4:comb_11|tp[1][8]                                                                                                               ; Lost fanout                                           ;
; top:comb_3|alu:comb_21|matriz_determ4x4:comb_11|tp[1][9]                                                                                                               ; Lost fanout                                           ;
; top:comb_3|alu:comb_21|matriz_determ4x4:comb_11|tp[1][10]                                                                                                              ; Lost fanout                                           ;
; top:comb_3|alu:comb_21|matriz_determ4x4:comb_11|tp[1][11]                                                                                                              ; Lost fanout                                           ;
; top:comb_3|alu:comb_21|matriz_determ4x4:comb_11|tp[1][12]                                                                                                              ; Lost fanout                                           ;
; top:comb_3|alu:comb_21|matriz_determ4x4:comb_11|tp[1][13]                                                                                                              ; Lost fanout                                           ;
; top:comb_3|alu:comb_21|matriz_determ4x4:comb_11|tp[1][14]                                                                                                              ; Lost fanout                                           ;
; top:comb_3|alu:comb_21|matriz_determ4x4:comb_11|tp[1][15]                                                                                                              ; Lost fanout                                           ;
; debounce:comb_8|clock_div:u1|counter[26]                                                                                                                               ; Merged with debounce:comb_10|clock_div:u1|counter[26] ;
; debounce:comb_8|clock_div:u1|counter[25]                                                                                                                               ; Merged with debounce:comb_10|clock_div:u1|counter[25] ;
; debounce:comb_8|clock_div:u1|counter[24]                                                                                                                               ; Merged with debounce:comb_10|clock_div:u1|counter[24] ;
; debounce:comb_8|clock_div:u1|counter[23]                                                                                                                               ; Merged with debounce:comb_10|clock_div:u1|counter[23] ;
; debounce:comb_8|clock_div:u1|counter[22]                                                                                                                               ; Merged with debounce:comb_10|clock_div:u1|counter[22] ;
; debounce:comb_8|clock_div:u1|counter[21]                                                                                                                               ; Merged with debounce:comb_10|clock_div:u1|counter[21] ;
; debounce:comb_8|clock_div:u1|counter[20]                                                                                                                               ; Merged with debounce:comb_10|clock_div:u1|counter[20] ;
; debounce:comb_8|clock_div:u1|counter[19]                                                                                                                               ; Merged with debounce:comb_10|clock_div:u1|counter[19] ;
; debounce:comb_8|clock_div:u1|counter[18]                                                                                                                               ; Merged with debounce:comb_10|clock_div:u1|counter[18] ;
; debounce:comb_8|clock_div:u1|counter[17]                                                                                                                               ; Merged with debounce:comb_10|clock_div:u1|counter[17] ;
; debounce:comb_8|clock_div:u1|counter[16]                                                                                                                               ; Merged with debounce:comb_10|clock_div:u1|counter[16] ;
; debounce:comb_8|clock_div:u1|counter[15]                                                                                                                               ; Merged with debounce:comb_10|clock_div:u1|counter[15] ;
; debounce:comb_8|clock_div:u1|counter[14]                                                                                                                               ; Merged with debounce:comb_10|clock_div:u1|counter[14] ;
; debounce:comb_8|clock_div:u1|counter[13]                                                                                                                               ; Merged with debounce:comb_10|clock_div:u1|counter[13] ;
; debounce:comb_8|clock_div:u1|counter[12]                                                                                                                               ; Merged with debounce:comb_10|clock_div:u1|counter[12] ;
; debounce:comb_8|clock_div:u1|counter[11]                                                                                                                               ; Merged with debounce:comb_10|clock_div:u1|counter[11] ;
; debounce:comb_8|clock_div:u1|counter[10]                                                                                                                               ; Merged with debounce:comb_10|clock_div:u1|counter[10] ;
; debounce:comb_8|clock_div:u1|counter[9]                                                                                                                                ; Merged with debounce:comb_10|clock_div:u1|counter[9]  ;
; debounce:comb_8|clock_div:u1|counter[8]                                                                                                                                ; Merged with debounce:comb_10|clock_div:u1|counter[8]  ;
; debounce:comb_8|clock_div:u1|counter[7]                                                                                                                                ; Merged with debounce:comb_10|clock_div:u1|counter[7]  ;
; debounce:comb_8|clock_div:u1|counter[6]                                                                                                                                ; Merged with debounce:comb_10|clock_div:u1|counter[6]  ;
; debounce:comb_8|clock_div:u1|counter[5]                                                                                                                                ; Merged with debounce:comb_10|clock_div:u1|counter[5]  ;
; debounce:comb_8|clock_div:u1|counter[4]                                                                                                                                ; Merged with debounce:comb_10|clock_div:u1|counter[4]  ;
; debounce:comb_8|clock_div:u1|counter[3]                                                                                                                                ; Merged with debounce:comb_10|clock_div:u1|counter[3]  ;
; debounce:comb_8|clock_div:u1|counter[2]                                                                                                                                ; Merged with debounce:comb_10|clock_div:u1|counter[2]  ;
; debounce:comb_8|clock_div:u1|counter[1]                                                                                                                                ; Merged with debounce:comb_10|clock_div:u1|counter[1]  ;
; debounce:comb_8|clock_div:u1|counter[0]                                                                                                                                ; Merged with debounce:comb_10|clock_div:u1|counter[0]  ;
; top:comb_3|memory_mod:comb_20|count[2]                                                                                                                                 ; Stuck at GND due to stuck port data_in                ;
; top:comb_3|memory_mod:comb_20|ram16bits:comb_3|altsyncram:altsyncram_component|altsyncram_bnn1:auto_generated|sld_mod_ram_rom:mgl_prim2|ram_rom_data_shift_cntr_reg[4] ; Stuck at GND due to stuck port data_in                ;
; Total Number of Removed Registers = 238                                                                                                                                ;                                                       ;
+------------------------------------------------------------------------------------------------------------------------------------------------------------------------+-------------------------------------------------------+


+------------------------------------------------------+
; General Register Statistics                          ;
+----------------------------------------------+-------+
; Statistic                                    ; Value ;
+----------------------------------------------+-------+
; Total registers                              ; 1091  ;
; Number of registers using Synchronous Clear  ; 280   ;
; Number of registers using Synchronous Load   ; 161   ;
; Number of registers using Asynchronous Clear ; 54    ;
; Number of registers using Asynchronous Load  ; 0     ;
; Number of registers using Clock Enable       ; 984   ;
; Number of registers using Preset             ; 0     ;
+----------------------------------------------+-------+


+-------------------------------------------------------------------------------------------------------------------------------------------------------------------------------------------------------------------------------------------------------------------------------------------------------------------------------------------+
; Inverted Register Statistics                                                                                                                                                                                                                                                                                                              ;
+---------------------------------------------------------------------------------------------------------------------------------------------------------------------------------------------------------------------------------------------------------------------------------------------------------------------------------+---------+
; Inverted Register                                                                                                                                                                                                                                                                                                               ; Fan out ;
+---------------------------------------------------------------------------------------------------------------------------------------------------------------------------------------------------------------------------------------------------------------------------------------------------------------------------------+---------+
; sld_hub:auto_hub|alt_sld_fab_with_jtag_input:\instrumentation_fabric_with_node_gen:fabric_gen_new_way:with_jtag_input_gen:instrumentation_fabric|alt_sld_fab:instrumentation_fabric|alt_sld_fab_alt_sld_fab:alt_sld_fab|alt_sld_fab_alt_sld_fab_sldfabric:sldfabric|sld_jtag_hub:\jtag_hub_gen:real_sld_jtag_hub|jtag_ir_reg[1] ; 3       ;
; sld_hub:auto_hub|alt_sld_fab_with_jtag_input:\instrumentation_fabric_with_node_gen:fabric_gen_new_way:with_jtag_input_gen:instrumentation_fabric|alt_sld_fab:instrumentation_fabric|alt_sld_fab_alt_sld_fab:alt_sld_fab|alt_sld_fab_alt_sld_fab_sldfabric:sldfabric|sld_jtag_hub:\jtag_hub_gen:real_sld_jtag_hub|jtag_ir_reg[2] ; 3       ;
; Total number of inverted registers = 2                                                                                                                                                                                                                                                                                          ;         ;
+---------------------------------------------------------------------------------------------------------------------------------------------------------------------------------------------------------------------------------------------------------------------------------------------------------------------------------+---------+


+----------------------------------------------+
; Registers Packed Into Inferred Megafunctions ;
+---------------+--------------+---------------+
; Register Name ; Megafunction ; Type          ;
+---------------+--------------+---------------+
; my_reg[0..21] ; Mux1_rtl_0   ; ROM           ;
+---------------+--------------+---------------+


+---------------------------------------------------------------------------------------------------------------------------------------------------------------------------------------------------------------------------------------------------------------------------------------------------------------------------------------+
; Multiplexer Restructuring Statistics (Restructuring Performed)                                                                                                                                                                                                                                                                        ;
+--------------------+-----------+---------------+----------------------+------------------------+------------+-------------------------------------------------------------------------------------------------------------------------------------------------------------------------------------------------------------------------+
; Multiplexer Inputs ; Bus Width ; Baseline Area ; Area if Restructured ; Saving if Restructured ; Registered ; Example Multiplexer Output                                                                                                                                                                                              ;
+--------------------+-----------+---------------+----------------------+------------------------+------------+-------------------------------------------------------------------------------------------------------------------------------------------------------------------------------------------------------------------------+
; 3:1                ; 16 bits   ; 32 LEs        ; 0 LEs                ; 32 LEs                 ; Yes        ; |test_top|top:comb_3|memory_mod:comb_20|ram16bits:comb_3|altsyncram:altsyncram_component|altsyncram_bnn1:auto_generated|sld_mod_ram_rom:mgl_prim2|ram_rom_data_reg[2]                                                   ;
; 3:1                ; 5 bits    ; 10 LEs        ; 5 LEs                ; 5 LEs                  ; Yes        ; |test_top|top:comb_3|memory_mod:comb_20|ram16bits:comb_3|altsyncram:altsyncram_component|altsyncram_bnn1:auto_generated|sld_mod_ram_rom:mgl_prim2|ram_rom_data_shift_cntr_reg[0]                                        ;
; 3:1                ; 8 bits    ; 16 LEs        ; 0 LEs                ; 16 LEs                 ; Yes        ; |test_top|top:comb_3|memory_mod:comb_20|ram16bits:comb_3|altsyncram:altsyncram_component|altsyncram_bnn1:auto_generated|sld_mod_ram_rom:mgl_prim2|ram_rom_addr_reg[6]                                                   ;
; 3:1                ; 3 bits    ; 6 LEs         ; 3 LEs                ; 3 LEs                  ; Yes        ; |test_top|top:comb_3|memory_mod:comb_20|count[2]                                                                                                                                                                        ;
; 3:1                ; 11 bits   ; 22 LEs        ; 0 LEs                ; 22 LEs                 ; Yes        ; |test_top|top:comb_3|alu:comb_21|matriz_determ5x5:comb_12|det[5]                                                                                                                                                        ;
; 3:1                ; 8 bits    ; 16 LEs        ; 0 LEs                ; 16 LEs                 ; Yes        ; |test_top|top:comb_3|alu:comb_21|matriz_determ4x4:comb_11|det[0]                                                                                                                                                        ;
; 3:1                ; 8 bits    ; 16 LEs        ; 0 LEs                ; 16 LEs                 ; Yes        ; |test_top|top:comb_3|alu:comb_21|matriz_determ5x5:comb_12|matriz_determ4x4:comb_3|det[6]                                                                                                                                ;
; 4:1                ; 4 bits    ; 8 LEs         ; 8 LEs                ; 0 LEs                  ; Yes        ; |test_top|top:comb_3|memory_mod:comb_20|ram16bits:comb_3|altsyncram:altsyncram_component|altsyncram_bnn1:auto_generated|sld_mod_ram_rom:mgl_prim2|sld_rom_sr:\ram_rom_logic_gen:no_name_gen:info_rom_sr|word_counter[2] ;
; 8:1                ; 8 bits    ; 40 LEs        ; 16 LEs               ; 24 LEs                 ; Yes        ; |test_top|top:comb_3|alu:comb_21|matriz_determ5x5:comb_12|item_temp[2]                                                                                                                                                  ;
; 16:1               ; 8 bits    ; 80 LEs        ; 48 LEs               ; 32 LEs                 ; Yes        ; |test_top|top:comb_3|alu:comb_21|matriz_resultante[2]                                                                                                                                                                   ;
; 5:1                ; 4 bits    ; 12 LEs        ; 8 LEs                ; 4 LEs                  ; Yes        ; |test_top|top:comb_3|count_mem[2]                                                                                                                                                                                       ;
; 16:1               ; 8 bits    ; 80 LEs        ; 64 LEs               ; 16 LEs                 ; Yes        ; |test_top|top:comb_3|br:comb_22|data_out[8]                                                                                                                                                                             ;
; 16:1               ; 8 bits    ; 80 LEs        ; 64 LEs               ; 16 LEs                 ; Yes        ; |test_top|top:comb_3|br:comb_22|data_out[5]                                                                                                                                                                             ;
; 4:1                ; 2 bits    ; 4 LEs         ; 4 LEs                ; 0 LEs                  ; Yes        ; |test_top|top:comb_3|memory_mod:comb_20|ram16bits:comb_3|altsyncram:altsyncram_component|altsyncram_bnn1:auto_generated|sld_mod_ram_rom:mgl_prim2|sld_rom_sr:\ram_rom_logic_gen:no_name_gen:info_rom_sr|WORD_SR[3]      ;
; 4:1                ; 32 bits   ; 64 LEs        ; 0 LEs                ; 64 LEs                 ; Yes        ; |test_top|top:comb_3|alu:comb_21|matriz_determ5x5:comb_12|matrix_temp[145]                                                                                                                                              ;
; 4:1                ; 32 bits   ; 64 LEs        ; 0 LEs                ; 64 LEs                 ; Yes        ; |test_top|top:comb_3|alu:comb_21|matriz_determ5x5:comb_12|matrix_temp[7]                                                                                                                                                ;
; 6:1                ; 32 bits   ; 128 LEs       ; 0 LEs                ; 128 LEs                ; Yes        ; |test_top|top:comb_3|alu:comb_21|matriz_determ5x5:comb_12|matrix_temp[103]                                                                                                                                              ;
; 6:1                ; 32 bits   ; 128 LEs       ; 0 LEs                ; 128 LEs                ; Yes        ; |test_top|top:comb_3|alu:comb_21|matriz_determ5x5:comb_12|matrix_temp[48]                                                                                                                                               ;
; 18:1               ; 2 bits    ; 24 LEs        ; 14 LEs               ; 10 LEs                 ; Yes        ; |test_top|top:comb_3|memory_mod:comb_20|ram16bits:comb_3|altsyncram:altsyncram_component|altsyncram_bnn1:auto_generated|sld_mod_ram_rom:mgl_prim2|sld_rom_sr:\ram_rom_logic_gen:no_name_gen:info_rom_sr|WORD_SR[0]      ;
; 11:1               ; 160 bits  ; 1120 LEs      ; 320 LEs              ; 800 LEs                ; Yes        ; |test_top|top:comb_3|alu:comb_21|matriz_resultante[51]                                                                                                                                                                  ;
; 12:1               ; 32 bits   ; 256 LEs       ; 128 LEs              ; 128 LEs                ; Yes        ; |test_top|top:comb_3|alu:comb_21|matriz_resultante[24]                                                                                                                                                                  ;
; 3:1                ; 8 bits    ; 16 LEs        ; 16 LEs               ; 0 LEs                  ; No         ; |test_top|top:comb_3|data_to_write[8]                                                                                                                                                                                   ;
; 4:1                ; 24 bits   ; 48 LEs        ; 48 LEs               ; 0 LEs                  ; No         ; |test_top|top:comb_3|alu:comb_21|matriz_determ4x4:comb_11|Mux69                                                                                                                                                         ;
; 4:1                ; 24 bits   ; 48 LEs        ; 48 LEs               ; 0 LEs                  ; No         ; |test_top|top:comb_3|alu:comb_21|matriz_determ4x4:comb_11|Mux75                                                                                                                                                         ;
; 4:1                ; 24 bits   ; 48 LEs        ; 48 LEs               ; 0 LEs                  ; No         ; |test_top|top:comb_3|alu:comb_21|matriz_determ4x4:comb_11|Mux32                                                                                                                                                         ;
; 4:1                ; 24 bits   ; 48 LEs        ; 48 LEs               ; 0 LEs                  ; No         ; |test_top|top:comb_3|alu:comb_21|matriz_determ5x5:comb_12|matriz_determ4x4:comb_3|Mux23                                                                                                                                 ;
; 4:1                ; 24 bits   ; 48 LEs        ; 48 LEs               ; 0 LEs                  ; No         ; |test_top|top:comb_3|alu:comb_21|matriz_determ5x5:comb_12|matriz_determ4x4:comb_3|Mux75                                                                                                                                 ;
; 4:1                ; 24 bits   ; 48 LEs        ; 48 LEs               ; 0 LEs                  ; No         ; |test_top|top:comb_3|alu:comb_21|matriz_determ5x5:comb_12|matriz_determ4x4:comb_3|Mux57                                                                                                                                 ;
; 5:1                ; 8 bits    ; 24 LEs        ; 24 LEs               ; 0 LEs                  ; No         ; |test_top|top:comb_3|alu:comb_21|matriz_determ4x4:comb_11|Mux0                                                                                                                                                          ;
; 5:1                ; 8 bits    ; 24 LEs        ; 24 LEs               ; 0 LEs                  ; No         ; |test_top|top:comb_3|alu:comb_21|matriz_determ5x5:comb_12|matriz_determ4x4:comb_3|Mux7                                                                                                                                  ;
; 3:1                ; 160 bits  ; 320 LEs       ; 320 LEs              ; 0 LEs                  ; No         ; |test_top|top:comb_3|alu:comb_21|matriz_subtracao:comb_4|Add10                                                                                                                                                          ;
; 3:1                ; 160 bits  ; 320 LEs       ; 160 LEs              ; 160 LEs                ; No         ; |test_top|top:comb_3|alu:comb_21|matriz_subtracao:comb_4|Add19                                                                                                                                                          ;
+--------------------+-----------+---------------+----------------------+------------------------+------------+-------------------------------------------------------------------------------------------------------------------------------------------------------------------------------------------------------------------------+


+------------------------------------------------------------------------------------------------------------------------------------------------------------------+
; Source assignments for top:comb_3|memory_mod:comb_20|ram16bits:comb_3|altsyncram:altsyncram_component|altsyncram_bnn1:auto_generated|altsyncram_8ud2:altsyncram1 ;
+---------------------------------+--------------------+------+----------------------------------------------------------------------------------------------------+
; Assignment                      ; Value              ; From ; To                                                                                                 ;
+---------------------------------+--------------------+------+----------------------------------------------------------------------------------------------------+
; OPTIMIZE_POWER_DURING_SYNTHESIS ; NORMAL_COMPILATION ; -    ; -                                                                                                  ;
+---------------------------------+--------------------+------+----------------------------------------------------------------------------------------------------+


+-----------------------------------------------------------------------------+
; Source assignments for altsyncram:Mux1_rtl_0|altsyncram_pj61:auto_generated ;
+---------------------------------+--------------------+------+---------------+
; Assignment                      ; Value              ; From ; To            ;
+---------------------------------+--------------------+------+---------------+
; OPTIMIZE_POWER_DURING_SYNTHESIS ; NORMAL_COMPILATION ; -    ; -             ;
+---------------------------------+--------------------+------+---------------+


+--------------------------------------------------------------------------+
; Parameter Settings for User Entity Instance: Top-level Entity: |test_top ;
+----------------+------------------------+--------------------------------+
; Parameter Name ; Value                  ; Type                           ;
+----------------+------------------------+--------------------------------+
; wma0           ; 1000000001000000000010 ; Unsigned Binary                ;
; wma1           ; 0000000010000001000010 ; Unsigned Binary                ;
; wma2           ; 0100000000000010010010 ; Unsigned Binary                ;
; wmb0           ; 1100000100010000000010 ; Unsigned Binary                ;
; wmb1           ; 0000000010010001000010 ; Unsigned Binary                ;
; wmb2           ; 0100000000010010010010 ; Unsigned Binary                ;
; soma           ; 0000000000000000000011 ; Unsigned Binary                ;
; wmc0           ; 1100000001000000000010 ; Unsigned Binary                ;
; wmc1           ; 0100000001000000100010 ; Unsigned Binary                ;
; wmc2           ; 0100000100000001000010 ; Unsigned Binary                ;
; wmc3           ; 1000000001000010010010 ; Unsigned Binary                ;
; wmc4           ; 0100000001000010110010 ; Unsigned Binary                ;
; wmc5           ; 0100000011000100000010 ; Unsigned Binary                ;
; wmc6           ; 0100000001000100100010 ; Unsigned Binary                ;
; wmc7           ; 1100000001000101000010 ; Unsigned Binary                ;
; wmc8           ; 0100000001000110010010 ; Unsigned Binary                ;
; wmc9           ; 1100000001000110110010 ; Unsigned Binary                ;
; wmc10          ; 0100000001001000000010 ; Unsigned Binary                ;
; wmc11          ; 0100000001001000100010 ; Unsigned Binary                ;
; wmc12          ; 0100000000001001000010 ; Unsigned Binary                ;
; sub            ; 0000000000000000000100 ; Unsigned Binary                ;
; mult           ; 0000000000000000000101 ; Unsigned Binary                ;
; trans          ; 0000000000000000000110 ; Unsigned Binary                ;
; opos           ; 0000000000000000000111 ; Unsigned Binary                ;
; ms5            ; 0000000000000001011000 ; Unsigned Binary                ;
; det2           ; 0000000000000000001001 ; Unsigned Binary                ;
; det3           ; 0000000000000000001010 ; Unsigned Binary                ;
; det4           ; 0000000000000000001011 ; Unsigned Binary                ;
; det5           ; 0000000000000000001100 ; Unsigned Binary                ;
; read0          ; 0000000000100000000001 ; Unsigned Binary                ;
+----------------+------------------------+--------------------------------+
Note: In order to hide this table in the UI and the text report file, please set the "Show Parameter Settings in Synthesis Report" option in "Analysis and Synthesis Settings -> More Settings" to "Off".


+---------------------------------------------------------+
; Parameter Settings for User Entity Instance: top:comb_3 ;
+----------------+-------+--------------------------------+
; Parameter Name ; Value ; Type                           ;
+----------------+-------+--------------------------------+
; FETCH          ; 000   ; Unsigned Binary                ;
; DECODE         ; 001   ; Unsigned Binary                ;
; EXECUTE        ; 010   ; Unsigned Binary                ;
; MEMORY         ; 100   ; Unsigned Binary                ;
; READ           ; 0001  ; Unsigned Binary                ;
; WRITE          ; 0010  ; Unsigned Binary                ;
; SUM            ; 0011  ; Unsigned Binary                ;
; SUB            ; 0100  ; Unsigned Binary                ;
; MUL            ; 0101  ; Unsigned Binary                ;
; TRANSP         ; 0110  ; Unsigned Binary                ;
; OPST           ; 0111  ; Unsigned Binary                ;
; MULSCL         ; 1000  ; Unsigned Binary                ;
; DET2           ; 1001  ; Unsigned Binary                ;
; DET3           ; 1010  ; Unsigned Binary                ;
; DET4           ; 1011  ; Unsigned Binary                ;
; DET5           ; 1100  ; Unsigned Binary                ;
+----------------+-------+--------------------------------+
Note: In order to hide this table in the UI and the text report file, please set the "Show Parameter Settings in Synthesis Report" option in "Analysis and Synthesis Settings -> More Settings" to "Off".


+-----------------------------------------------------------------------------------------------------------------------------+
; Parameter Settings for User Entity Instance: top:comb_3|memory_mod:comb_20|ram16bits:comb_3|altsyncram:altsyncram_component ;
+------------------------------------+----------------------+-----------------------------------------------------------------+
; Parameter Name                     ; Value                ; Type                                                            ;
+------------------------------------+----------------------+-----------------------------------------------------------------+
; BYTE_SIZE_BLOCK                    ; 8                    ; Untyped                                                         ;
; AUTO_CARRY_CHAINS                  ; ON                   ; AUTO_CARRY                                                      ;
; IGNORE_CARRY_BUFFERS               ; OFF                  ; IGNORE_CARRY                                                    ;
; AUTO_CASCADE_CHAINS                ; ON                   ; AUTO_CASCADE                                                    ;
; IGNORE_CASCADE_BUFFERS             ; OFF                  ; IGNORE_CASCADE                                                  ;
; WIDTH_BYTEENA                      ; 1                    ; Untyped                                                         ;
; OPERATION_MODE                     ; SINGLE_PORT          ; Untyped                                                         ;
; WIDTH_A                            ; 16                   ; Signed Integer                                                  ;
; WIDTHAD_A                          ; 8                    ; Signed Integer                                                  ;
; NUMWORDS_A                         ; 256                  ; Signed Integer                                                  ;
; OUTDATA_REG_A                      ; CLOCK0               ; Untyped                                                         ;
; ADDRESS_ACLR_A                     ; NONE                 ; Untyped                                                         ;
; OUTDATA_ACLR_A                     ; NONE                 ; Untyped                                                         ;
; WRCONTROL_ACLR_A                   ; NONE                 ; Untyped                                                         ;
; INDATA_ACLR_A                      ; NONE                 ; Untyped                                                         ;
; BYTEENA_ACLR_A                     ; NONE                 ; Untyped                                                         ;
; WIDTH_B                            ; 1                    ; Untyped                                                         ;
; WIDTHAD_B                          ; 1                    ; Untyped                                                         ;
; NUMWORDS_B                         ; 1                    ; Untyped                                                         ;
; INDATA_REG_B                       ; CLOCK1               ; Untyped                                                         ;
; WRCONTROL_WRADDRESS_REG_B          ; CLOCK1               ; Untyped                                                         ;
; RDCONTROL_REG_B                    ; CLOCK1               ; Untyped                                                         ;
; ADDRESS_REG_B                      ; CLOCK1               ; Untyped                                                         ;
; OUTDATA_REG_B                      ; UNREGISTERED         ; Untyped                                                         ;
; BYTEENA_REG_B                      ; CLOCK1               ; Untyped                                                         ;
; INDATA_ACLR_B                      ; NONE                 ; Untyped                                                         ;
; WRCONTROL_ACLR_B                   ; NONE                 ; Untyped                                                         ;
; ADDRESS_ACLR_B                     ; NONE                 ; Untyped                                                         ;
; OUTDATA_ACLR_B                     ; NONE                 ; Untyped                                                         ;
; RDCONTROL_ACLR_B                   ; NONE                 ; Untyped                                                         ;
; BYTEENA_ACLR_B                     ; NONE                 ; Untyped                                                         ;
; WIDTH_BYTEENA_A                    ; 1                    ; Signed Integer                                                  ;
; WIDTH_BYTEENA_B                    ; 1                    ; Untyped                                                         ;
; RAM_BLOCK_TYPE                     ; AUTO                 ; Untyped                                                         ;
; BYTE_SIZE                          ; 8                    ; Untyped                                                         ;
; READ_DURING_WRITE_MODE_MIXED_PORTS ; DONT_CARE            ; Untyped                                                         ;
; READ_DURING_WRITE_MODE_PORT_A      ; NEW_DATA_NO_NBE_READ ; Untyped                                                         ;
; READ_DURING_WRITE_MODE_PORT_B      ; NEW_DATA_NO_NBE_READ ; Untyped                                                         ;
; INIT_FILE                          ; UNUSED               ; Untyped                                                         ;
; INIT_FILE_LAYOUT                   ; PORT_A               ; Untyped                                                         ;
; MAXIMUM_DEPTH                      ; 0                    ; Untyped                                                         ;
; CLOCK_ENABLE_INPUT_A               ; BYPASS               ; Untyped                                                         ;
; CLOCK_ENABLE_INPUT_B               ; NORMAL               ; Untyped                                                         ;
; CLOCK_ENABLE_OUTPUT_A              ; BYPASS               ; Untyped                                                         ;
; CLOCK_ENABLE_OUTPUT_B              ; NORMAL               ; Untyped                                                         ;
; CLOCK_ENABLE_CORE_A                ; USE_INPUT_CLKEN      ; Untyped                                                         ;
; CLOCK_ENABLE_CORE_B                ; USE_INPUT_CLKEN      ; Untyped                                                         ;
; ENABLE_ECC                         ; FALSE                ; Untyped                                                         ;
; ECC_PIPELINE_STAGE_ENABLED         ; FALSE                ; Untyped                                                         ;
; WIDTH_ECCSTATUS                    ; 3                    ; Untyped                                                         ;
; DEVICE_FAMILY                      ; Cyclone V            ; Untyped                                                         ;
; CBXI_PARAMETER                     ; altsyncram_bnn1      ; Untyped                                                         ;
+------------------------------------+----------------------+-----------------------------------------------------------------+
Note: In order to hide this table in the UI and the text report file, please set the "Show Parameter Settings in Synthesis Report" option in "Analysis and Synthesis Settings -> More Settings" to "Off".


+--------------------------------------------------------------------------------------+
; Parameter Settings for Inferred Entity Instance: altsyncram:Mux1_rtl_0               ;
+------------------------------------+--------------------------------+----------------+
; Parameter Name                     ; Value                          ; Type           ;
+------------------------------------+--------------------------------+----------------+
; BYTE_SIZE_BLOCK                    ; 8                              ; Untyped        ;
; AUTO_CARRY_CHAINS                  ; ON                             ; AUTO_CARRY     ;
; IGNORE_CARRY_BUFFERS               ; OFF                            ; IGNORE_CARRY   ;
; AUTO_CASCADE_CHAINS                ; ON                             ; AUTO_CASCADE   ;
; IGNORE_CASCADE_BUFFERS             ; OFF                            ; IGNORE_CASCADE ;
; WIDTH_BYTEENA                      ; 1                              ; Untyped        ;
; OPERATION_MODE                     ; ROM                            ; Untyped        ;
; WIDTH_A                            ; 22                             ; Untyped        ;
; WIDTHAD_A                          ; 10                             ; Untyped        ;
; NUMWORDS_A                         ; 1024                           ; Untyped        ;
; OUTDATA_REG_A                      ; UNREGISTERED                   ; Untyped        ;
; ADDRESS_ACLR_A                     ; NONE                           ; Untyped        ;
; OUTDATA_ACLR_A                     ; NONE                           ; Untyped        ;
; WRCONTROL_ACLR_A                   ; NONE                           ; Untyped        ;
; INDATA_ACLR_A                      ; NONE                           ; Untyped        ;
; BYTEENA_ACLR_A                     ; NONE                           ; Untyped        ;
; WIDTH_B                            ; 1                              ; Untyped        ;
; WIDTHAD_B                          ; 1                              ; Untyped        ;
; NUMWORDS_B                         ; 1                              ; Untyped        ;
; INDATA_REG_B                       ; CLOCK1                         ; Untyped        ;
; WRCONTROL_WRADDRESS_REG_B          ; CLOCK1                         ; Untyped        ;
; RDCONTROL_REG_B                    ; CLOCK1                         ; Untyped        ;
; ADDRESS_REG_B                      ; CLOCK1                         ; Untyped        ;
; OUTDATA_REG_B                      ; UNREGISTERED                   ; Untyped        ;
; BYTEENA_REG_B                      ; CLOCK1                         ; Untyped        ;
; INDATA_ACLR_B                      ; NONE                           ; Untyped        ;
; WRCONTROL_ACLR_B                   ; NONE                           ; Untyped        ;
; ADDRESS_ACLR_B                     ; NONE                           ; Untyped        ;
; OUTDATA_ACLR_B                     ; NONE                           ; Untyped        ;
; RDCONTROL_ACLR_B                   ; NONE                           ; Untyped        ;
; BYTEENA_ACLR_B                     ; NONE                           ; Untyped        ;
; WIDTH_BYTEENA_A                    ; 1                              ; Untyped        ;
; WIDTH_BYTEENA_B                    ; 1                              ; Untyped        ;
; RAM_BLOCK_TYPE                     ; AUTO                           ; Untyped        ;
; BYTE_SIZE                          ; 8                              ; Untyped        ;
; READ_DURING_WRITE_MODE_MIXED_PORTS ; DONT_CARE                      ; Untyped        ;
; READ_DURING_WRITE_MODE_PORT_A      ; NEW_DATA_NO_NBE_READ           ; Untyped        ;
; READ_DURING_WRITE_MODE_PORT_B      ; NEW_DATA_NO_NBE_READ           ; Untyped        ;
; INIT_FILE                          ; cooprocessor.test_top0.rtl.mif ; Untyped        ;
; INIT_FILE_LAYOUT                   ; PORT_A                         ; Untyped        ;
; MAXIMUM_DEPTH                      ; 0                              ; Untyped        ;
; CLOCK_ENABLE_INPUT_A               ; NORMAL                         ; Untyped        ;
; CLOCK_ENABLE_INPUT_B               ; NORMAL                         ; Untyped        ;
; CLOCK_ENABLE_OUTPUT_A              ; NORMAL                         ; Untyped        ;
; CLOCK_ENABLE_OUTPUT_B              ; NORMAL                         ; Untyped        ;
; CLOCK_ENABLE_CORE_A                ; USE_INPUT_CLKEN                ; Untyped        ;
; CLOCK_ENABLE_CORE_B                ; USE_INPUT_CLKEN                ; Untyped        ;
; ENABLE_ECC                         ; FALSE                          ; Untyped        ;
; ECC_PIPELINE_STAGE_ENABLED         ; FALSE                          ; Untyped        ;
; WIDTH_ECCSTATUS                    ; 3                              ; Untyped        ;
; DEVICE_FAMILY                      ; Cyclone V                      ; Untyped        ;
; CBXI_PARAMETER                     ; altsyncram_pj61                ; Untyped        ;
+------------------------------------+--------------------------------+----------------+
Note: In order to hide this table in the UI and the text report file, please set the "Show Parameter Settings in Synthesis Report" option in "Analysis and Synthesis Settings -> More Settings" to "Off".


+----------------------------------------------------------------------------------------------------------------------------+
; altsyncram Parameter Settings by Entity Instance                                                                           ;
+-------------------------------------------+--------------------------------------------------------------------------------+
; Name                                      ; Value                                                                          ;
+-------------------------------------------+--------------------------------------------------------------------------------+
; Number of entity instances                ; 2                                                                              ;
; Entity Instance                           ; top:comb_3|memory_mod:comb_20|ram16bits:comb_3|altsyncram:altsyncram_component ;
;     -- OPERATION_MODE                     ; SINGLE_PORT                                                                    ;
;     -- WIDTH_A                            ; 16                                                                             ;
;     -- NUMWORDS_A                         ; 256                                                                            ;
;     -- OUTDATA_REG_A                      ; CLOCK0                                                                         ;
;     -- WIDTH_B                            ; 1                                                                              ;
;     -- NUMWORDS_B                         ; 1                                                                              ;
;     -- ADDRESS_REG_B                      ; CLOCK1                                                                         ;
;     -- OUTDATA_REG_B                      ; UNREGISTERED                                                                   ;
;     -- RAM_BLOCK_TYPE                     ; AUTO                                                                           ;
;     -- READ_DURING_WRITE_MODE_MIXED_PORTS ; DONT_CARE                                                                      ;
; Entity Instance                           ; altsyncram:Mux1_rtl_0                                                          ;
;     -- OPERATION_MODE                     ; ROM                                                                            ;
;     -- WIDTH_A                            ; 22                                                                             ;
;     -- NUMWORDS_A                         ; 1024                                                                           ;
;     -- OUTDATA_REG_A                      ; UNREGISTERED                                                                   ;
;     -- WIDTH_B                            ; 1                                                                              ;
;     -- NUMWORDS_B                         ; 1                                                                              ;
;     -- ADDRESS_REG_B                      ; CLOCK1                                                                         ;
;     -- OUTDATA_REG_B                      ; UNREGISTERED                                                                   ;
;     -- RAM_BLOCK_TYPE                     ; AUTO                                                                           ;
;     -- READ_DURING_WRITE_MODE_MIXED_PORTS ; DONT_CARE                                                                      ;
+-------------------------------------------+--------------------------------------------------------------------------------+


+----------------------------------------------------------------------------------------------------------------------------------------------------------------------------------------------------------------+
; Port Connectivity Checks: "top:comb_3|br:comb_22"                                                                                                                                                              ;
+----------+-------+----------+----------------------------------------------------------------------------------------------------------------------------------------------------------------------------------+
; Port     ; Type  ; Severity ; Details                                                                                                                                                                          ;
+----------+-------+----------+----------------------------------------------------------------------------------------------------------------------------------------------------------------------------------+
; endereco ; Input ; Warning  ; Input port expression (8 bits) is wider than the input port (6 bits) it drives.  The 2 most-significant bit(s) in the expression will be dangling if they have no other fanouts. ;
+----------+-------+----------+----------------------------------------------------------------------------------------------------------------------------------------------------------------------------------+


+----------------------------------------------------------------------------------------------------------------------------------------------------------------+
; Port Connectivity Checks: "top:comb_3|alu:comb_21|matriz_multi:comb_5"                                                                                         ;
+--------+--------+----------+-----------------------------------------------------------------------------------------------------------------------------------+
; Port   ; Type   ; Severity ; Details                                                                                                                           ;
+--------+--------+----------+-----------------------------------------------------------------------------------------------------------------------------------+
; result ; Output ; Warning  ; Output or bidir port (400 bits) is wider than the port expression (200 bits) it drives; bit(s) "result[399..200]" have no fanouts ;
+--------+--------+----------+-----------------------------------------------------------------------------------------------------------------------------------+


+---------------------------------------------------------------------------------------------------------------------------------------------------------------------------------------------------------------------+
; Port Connectivity Checks: "top:comb_3|alu:comb_21"                                                                                                                                                                  ;
+--------------+-------+----------+-----------------------------------------------------------------------------------------------------------------------------------------------------------------------------------+
; Port         ; Type  ; Severity ; Details                                                                                                                                                                           ;
+--------------+-------+----------+-----------------------------------------------------------------------------------------------------------------------------------------------------------------------------------+
; data_escalar ; Input ; Warning  ; Input port expression (16 bits) is wider than the input port (8 bits) it drives.  The 8 most-significant bit(s) in the expression will be dangling if they have no other fanouts. ;
+--------------+-------+----------+-----------------------------------------------------------------------------------------------------------------------------------------------------------------------------------+


+------------------------------------------------------------------------------------------------------------------------------------------------------------------------------------------+
; Port Connectivity Checks: "top:comb_3"                                                                                                                                                   ;
+-------------+-------+----------+---------------------------------------------------------------------------------------------------------------------------------------------------------+
; Port        ; Type  ; Severity ; Details                                                                                                                                                 ;
+-------------+-------+----------+---------------------------------------------------------------------------------------------------------------------------------------------------------+
; instruction ; Input ; Warning  ; Input port expression (22 bits) is smaller than the input port (32 bits) it drives.  Extra input bit(s) "instruction[31..22]" will be connected to GND. ;
+-------------+-------+----------+---------------------------------------------------------------------------------------------------------------------------------------------------------+


+---------------------------------------------------------------------------------------------------------------------------------------------------------------------------+
; In-System Memory Content Editor Settings                                                                                                                                  ;
+----------------+-------------+-------+-------+------------+---------------------------------------------------------------------------------------------------------------+
; Instance Index ; Instance ID ; Width ; Depth ; Mode       ; Hierarchy Location                                                                                            ;
+----------------+-------------+-------+-------+------------+---------------------------------------------------------------------------------------------------------------+
; 0              ; NONE        ; 16    ; 256   ; Read/Write ; top:comb_3|memory_mod:comb_20|ram16bits:comb_3|altsyncram:altsyncram_component|altsyncram_bnn1:auto_generated ;
+----------------+-------------+-------+-------+------------+---------------------------------------------------------------------------------------------------------------+


+-----------------------------------------------------+
; Post-Synthesis Netlist Statistics for Top Partition ;
+-----------------------+-----------------------------+
; Type                  ; Count                       ;
+-----------------------+-----------------------------+
; arriav_ff             ; 1005                        ;
;     CLR               ; 6                           ;
;     ENA               ; 524                         ;
;     ENA CLR           ; 7                           ;
;     ENA CLR SLD       ; 8                           ;
;     ENA SCLR          ; 235                         ;
;     ENA SLD           ; 152                         ;
;     SCLR              ; 38                          ;
;     plain             ; 35                          ;
; arriav_lcell_comb     ; 1318                        ;
;     arith             ; 304                         ;
;         1 data inputs ; 95                          ;
;         2 data inputs ; 41                          ;
;         4 data inputs ; 168                         ;
;     extend            ; 10                          ;
;         7 data inputs ; 10                          ;
;     normal            ; 704                         ;
;         0 data inputs ; 1                           ;
;         1 data inputs ; 4                           ;
;         2 data inputs ; 20                          ;
;         3 data inputs ; 40                          ;
;         4 data inputs ; 89                          ;
;         5 data inputs ; 86                          ;
;         6 data inputs ; 464                         ;
;     shared            ; 300                         ;
;         0 data inputs ; 2                           ;
;         2 data inputs ; 56                          ;
;         3 data inputs ; 242                         ;
; arriav_mac            ; 70                          ;
; boundary_port         ; 58                          ;
; stratixv_ram_block    ; 38                          ;
;                       ;                             ;
; Max LUT depth         ; 6.10                        ;
; Average LUT depth     ; 3.17                        ;
+-----------------------+-----------------------------+


+-------------------------------+
; Elapsed Time Per Partition    ;
+----------------+--------------+
; Partition Name ; Elapsed Time ;
+----------------+--------------+
; Top            ; 00:00:03     ;
+----------------+--------------+


+-------------------------------+
; Analysis & Synthesis Messages ;
+-------------------------------+
Info: *******************************************************************
Info: Running Quartus Prime Analysis & Synthesis
    Info: Version 23.1std.1 Build 993 05/14/2024 SC Lite Edition
    Info: Processing started: Fri May 23 17:02:22 2025
Info: Command: quartus_map --read_settings_files=on --write_settings_files=off cooprocessor -c MI_SD
Warning (18236): Number of processors has not been specified which may cause overloading on shared machines.  Set the global assignment NUM_PARALLEL_PROCESSORS in your QSF to an appropriate value for best performance.
Info (20030): Parallel compilation is enabled and will use 16 of the 16 processors detected
Info (12021): Found 1 design units, including 1 entities, in source file controle/br.v
    Info (12023): Found entity 1: br File: /home/marcelo/Documentos/MI_SD/P1/SistemasDigitais_Problema1/cooprocessorFiles/controle/br.v Line: 3
Info (12021): Found 1 design units, including 1 entities, in source file controle/decoder.v
    Info (12023): Found entity 1: decoder File: /home/marcelo/Documentos/MI_SD/P1/SistemasDigitais_Problema1/cooprocessorFiles/controle/decoder.v Line: 3
Info (12021): Found 1 design units, including 1 entities, in source file controle/top.v
    Info (12023): Found entity 1: top File: /home/marcelo/Documentos/MI_SD/P1/SistemasDigitais_Problema1/cooprocessorFiles/controle/top.v Line: 1
Info (12021): Found 1 design units, including 1 entities, in source file memoria/memory_mod.v
    Info (12023): Found entity 1: memory_mod File: /home/marcelo/Documentos/MI_SD/P1/SistemasDigitais_Problema1/cooprocessorFiles/memoria/memory_mod.v Line: 1
Info (12021): Found 1 design units, including 1 entities, in source file memoria/ram16bits.v
    Info (12023): Found entity 1: ram16bits File: /home/marcelo/Documentos/MI_SD/P1/SistemasDigitais_Problema1/cooprocessorFiles/memoria/ram16bits.v Line: 40
Info (12021): Found 1 design units, including 1 entities, in source file ula/alu.v
    Info (12023): Found entity 1: alu File: /home/marcelo/Documentos/MI_SD/P1/SistemasDigitais_Problema1/cooprocessorFiles/ula/alu.v Line: 1
Info (12021): Found 1 design units, including 1 entities, in source file ula/matriz_soma.v
    Info (12023): Found entity 1: matriz_soma File: /home/marcelo/Documentos/MI_SD/P1/SistemasDigitais_Problema1/cooprocessorFiles/ula/matriz_soma.v Line: 1
Info (12021): Found 1 design units, including 1 entities, in source file ula/matriz_subtracao.v
    Info (12023): Found entity 1: matriz_subtracao File: /home/marcelo/Documentos/MI_SD/P1/SistemasDigitais_Problema1/cooprocessorFiles/ula/matriz_subtracao.v Line: 1
Info (12021): Found 1 design units, including 1 entities, in source file ula/matriz_transposta.v
    Info (12023): Found entity 1: matriz_transposta File: /home/marcelo/Documentos/MI_SD/P1/SistemasDigitais_Problema1/cooprocessorFiles/ula/matriz_transposta.v Line: 1
Info (12021): Found 1 design units, including 1 entities, in source file ula/matriz_multi.v
    Info (12023): Found entity 1: matriz_multi File: /home/marcelo/Documentos/MI_SD/P1/SistemasDigitais_Problema1/cooprocessorFiles/ula/matriz_multi.v Line: 3
Info (12021): Found 1 design units, including 1 entities, in source file ula/matriz_escalar.v
    Info (12023): Found entity 1: matriz_escalar File: /home/marcelo/Documentos/MI_SD/P1/SistemasDigitais_Problema1/cooprocessorFiles/ula/matriz_escalar.v Line: 1
Info (12021): Found 1 design units, including 1 entities, in source file ula/matriz_oposta.v
    Info (12023): Found entity 1: matriz_oposta File: /home/marcelo/Documentos/MI_SD/P1/SistemasDigitais_Problema1/cooprocessorFiles/ula/matriz_oposta.v Line: 1
Info (12021): Found 1 design units, including 1 entities, in source file ula/matriz_determ2x2.v
    Info (12023): Found entity 1: matriz_determ2x2 File: /home/marcelo/Documentos/MI_SD/P1/SistemasDigitais_Problema1/cooprocessorFiles/ula/matriz_determ2x2.v Line: 1
Info (12021): Found 1 design units, including 1 entities, in source file ula/matriz_determ3x3.v
    Info (12023): Found entity 1: matriz_determ3x3 File: /home/marcelo/Documentos/MI_SD/P1/SistemasDigitais_Problema1/cooprocessorFiles/ula/matriz_determ3x3.v Line: 1
Info (12021): Found 1 design units, including 1 entities, in source file ula/matriz_determ4x4.v
    Info (12023): Found entity 1: matriz_determ4x4 File: /home/marcelo/Documentos/MI_SD/P1/SistemasDigitais_Problema1/cooprocessorFiles/ula/matriz_determ4x4.v Line: 1
Info (12021): Found 1 design units, including 1 entities, in source file ula/matriz_determ5x5.v
    Info (12023): Found entity 1: matriz_determ5x5 File: /home/marcelo/Documentos/MI_SD/P1/SistemasDigitais_Problema1/cooprocessorFiles/ula/matriz_determ5x5.v Line: 1
Info (12021): Found 3 design units, including 3 entities, in source file testes/debounce.v
    Info (12023): Found entity 1: debounce File: /home/marcelo/Documentos/MI_SD/P1/SistemasDigitais_Problema1/cooprocessorFiles/testes/debounce.v Line: 1
    Info (12023): Found entity 2: clock_div File: /home/marcelo/Documentos/MI_SD/P1/SistemasDigitais_Problema1/cooprocessorFiles/testes/debounce.v Line: 13
    Info (12023): Found entity 3: my_dff File: /home/marcelo/Documentos/MI_SD/P1/SistemasDigitais_Problema1/cooprocessorFiles/testes/debounce.v Line: 24
Info (12021): Found 1 design units, including 1 entities, in source file testes/decod7seg.v
    Info (12023): Found entity 1: decod7seg File: /home/marcelo/Documentos/MI_SD/P1/SistemasDigitais_Problema1/cooprocessorFiles/testes/decod7seg.v Line: 1
Info (12021): Found 1 design units, including 1 entities, in source file testes/test_top.v
    Info (12023): Found entity 1: test_top File: /home/marcelo/Documentos/MI_SD/P1/SistemasDigitais_Problema1/cooprocessorFiles/testes/test_top.v Line: 1
Warning (10236): Verilog HDL Implicit Net warning at alu.v(26): created implicit net for "done4x4" File: /home/marcelo/Documentos/MI_SD/P1/SistemasDigitais_Problema1/cooprocessorFiles/ula/alu.v Line: 26
Warning (10236): Verilog HDL Implicit Net warning at alu.v(27): created implicit net for "done5x5" File: /home/marcelo/Documentos/MI_SD/P1/SistemasDigitais_Problema1/cooprocessorFiles/ula/alu.v Line: 27
Warning (10236): Verilog HDL Implicit Net warning at matriz_determ5x5.v(13): created implicit net for "done4x4" File: /home/marcelo/Documentos/MI_SD/P1/SistemasDigitais_Problema1/cooprocessorFiles/ula/matriz_determ5x5.v Line: 13
Warning (10236): Verilog HDL Implicit Net warning at matriz_determ5x5.v(18): created implicit net for "done_pulse" File: /home/marcelo/Documentos/MI_SD/P1/SistemasDigitais_Problema1/cooprocessorFiles/ula/matriz_determ5x5.v Line: 18
Warning (10236): Verilog HDL Implicit Net warning at test_top.v(49): created implicit net for "db1" File: /home/marcelo/Documentos/MI_SD/P1/SistemasDigitais_Problema1/cooprocessorFiles/testes/test_top.v Line: 49
Warning (10236): Verilog HDL Implicit Net warning at test_top.v(58): created implicit net for "db0" File: /home/marcelo/Documentos/MI_SD/P1/SistemasDigitais_Problema1/cooprocessorFiles/testes/test_top.v Line: 58
Critical Warning (10846): Verilog HDL Instantiation warning at top.v(53): instance has no name File: /home/marcelo/Documentos/MI_SD/P1/SistemasDigitais_Problema1/cooprocessorFiles/controle/top.v Line: 53
Critical Warning (10846): Verilog HDL Instantiation warning at memory_mod.v(21): instance has no name File: /home/marcelo/Documentos/MI_SD/P1/SistemasDigitais_Problema1/cooprocessorFiles/memoria/memory_mod.v Line: 21
Critical Warning (10846): Verilog HDL Instantiation warning at top.v(63): instance has no name File: /home/marcelo/Documentos/MI_SD/P1/SistemasDigitais_Problema1/cooprocessorFiles/controle/top.v Line: 63
Critical Warning (10846): Verilog HDL Instantiation warning at alu.v(17): instance has no name File: /home/marcelo/Documentos/MI_SD/P1/SistemasDigitais_Problema1/cooprocessorFiles/ula/alu.v Line: 17
Critical Warning (10846): Verilog HDL Instantiation warning at alu.v(18): instance has no name File: /home/marcelo/Documentos/MI_SD/P1/SistemasDigitais_Problema1/cooprocessorFiles/ula/alu.v Line: 18
Critical Warning (10846): Verilog HDL Instantiation warning at alu.v(19): instance has no name File: /home/marcelo/Documentos/MI_SD/P1/SistemasDigitais_Problema1/cooprocessorFiles/ula/alu.v Line: 19
Critical Warning (10846): Verilog HDL Instantiation warning at alu.v(20): instance has no name File: /home/marcelo/Documentos/MI_SD/P1/SistemasDigitais_Problema1/cooprocessorFiles/ula/alu.v Line: 20
Critical Warning (10846): Verilog HDL Instantiation warning at alu.v(21): instance has no name File: /home/marcelo/Documentos/MI_SD/P1/SistemasDigitais_Problema1/cooprocessorFiles/ula/alu.v Line: 21
Critical Warning (10846): Verilog HDL Instantiation warning at alu.v(22): instance has no name File: /home/marcelo/Documentos/MI_SD/P1/SistemasDigitais_Problema1/cooprocessorFiles/ula/alu.v Line: 22
Critical Warning (10846): Verilog HDL Instantiation warning at alu.v(24): instance has no name File: /home/marcelo/Documentos/MI_SD/P1/SistemasDigitais_Problema1/cooprocessorFiles/ula/alu.v Line: 24
Critical Warning (10846): Verilog HDL Instantiation warning at alu.v(25): instance has no name File: /home/marcelo/Documentos/MI_SD/P1/SistemasDigitais_Problema1/cooprocessorFiles/ula/alu.v Line: 25
Critical Warning (10846): Verilog HDL Instantiation warning at alu.v(26): instance has no name File: /home/marcelo/Documentos/MI_SD/P1/SistemasDigitais_Problema1/cooprocessorFiles/ula/alu.v Line: 26
Critical Warning (10846): Verilog HDL Instantiation warning at matriz_determ5x5.v(15): instance has no name File: /home/marcelo/Documentos/MI_SD/P1/SistemasDigitais_Problema1/cooprocessorFiles/ula/matriz_determ5x5.v Line: 15
Critical Warning (10846): Verilog HDL Instantiation warning at alu.v(27): instance has no name File: /home/marcelo/Documentos/MI_SD/P1/SistemasDigitais_Problema1/cooprocessorFiles/ula/alu.v Line: 27
Critical Warning (10846): Verilog HDL Instantiation warning at top.v(74): instance has no name File: /home/marcelo/Documentos/MI_SD/P1/SistemasDigitais_Problema1/cooprocessorFiles/controle/top.v Line: 74
Critical Warning (10846): Verilog HDL Instantiation warning at top.v(84): instance has no name File: /home/marcelo/Documentos/MI_SD/P1/SistemasDigitais_Problema1/cooprocessorFiles/controle/top.v Line: 84
Critical Warning (10846): Verilog HDL Instantiation warning at test_top.v(49): instance has no name File: /home/marcelo/Documentos/MI_SD/P1/SistemasDigitais_Problema1/cooprocessorFiles/testes/test_top.v Line: 49
Critical Warning (10846): Verilog HDL Instantiation warning at test_top.v(52): instance has no name File: /home/marcelo/Documentos/MI_SD/P1/SistemasDigitais_Problema1/cooprocessorFiles/testes/test_top.v Line: 52
Critical Warning (10846): Verilog HDL Instantiation warning at test_top.v(53): instance has no name File: /home/marcelo/Documentos/MI_SD/P1/SistemasDigitais_Problema1/cooprocessorFiles/testes/test_top.v Line: 53
Critical Warning (10846): Verilog HDL Instantiation warning at test_top.v(54): instance has no name File: /home/marcelo/Documentos/MI_SD/P1/SistemasDigitais_Problema1/cooprocessorFiles/testes/test_top.v Line: 54
Critical Warning (10846): Verilog HDL Instantiation warning at test_top.v(55): instance has no name File: /home/marcelo/Documentos/MI_SD/P1/SistemasDigitais_Problema1/cooprocessorFiles/testes/test_top.v Line: 55
Critical Warning (10846): Verilog HDL Instantiation warning at test_top.v(58): instance has no name File: /home/marcelo/Documentos/MI_SD/P1/SistemasDigitais_Problema1/cooprocessorFiles/testes/test_top.v Line: 58
Critical Warning (10846): Verilog HDL Instantiation warning at test_top.v(59): instance has no name File: /home/marcelo/Documentos/MI_SD/P1/SistemasDigitais_Problema1/cooprocessorFiles/testes/test_top.v Line: 59
Info (12127): Elaborating entity "test_top" for the top level hierarchy
Warning (10230): Verilog HDL assignment warning at test_top.v(64): truncated value with size 32 to match size of target (5) File: /home/marcelo/Documentos/MI_SD/P1/SistemasDigitais_Problema1/cooprocessorFiles/testes/test_top.v Line: 64
Info (12128): Elaborating entity "top" for hierarchy "top:comb_3" File: /home/marcelo/Documentos/MI_SD/P1/SistemasDigitais_Problema1/cooprocessorFiles/testes/test_top.v Line: 49
Warning (10230): Verilog HDL assignment warning at top.v(149): truncated value with size 32 to match size of target (2) File: /home/marcelo/Documentos/MI_SD/P1/SistemasDigitais_Problema1/cooprocessorFiles/controle/top.v Line: 149
Warning (10230): Verilog HDL assignment warning at top.v(152): truncated value with size 32 to match size of target (4) File: /home/marcelo/Documentos/MI_SD/P1/SistemasDigitais_Problema1/cooprocessorFiles/controle/top.v Line: 152
Info (12128): Elaborating entity "decoder" for hierarchy "top:comb_3|decoder:comb_19" File: /home/marcelo/Documentos/MI_SD/P1/SistemasDigitais_Problema1/cooprocessorFiles/controle/top.v Line: 53
Info (12128): Elaborating entity "memory_mod" for hierarchy "top:comb_3|memory_mod:comb_20" File: /home/marcelo/Documentos/MI_SD/P1/SistemasDigitais_Problema1/cooprocessorFiles/controle/top.v Line: 63
Warning (10230): Verilog HDL assignment warning at memory_mod.v(27): truncated value with size 32 to match size of target (3) File: /home/marcelo/Documentos/MI_SD/P1/SistemasDigitais_Problema1/cooprocessorFiles/memoria/memory_mod.v Line: 27
Info (12128): Elaborating entity "ram16bits" for hierarchy "top:comb_3|memory_mod:comb_20|ram16bits:comb_3" File: /home/marcelo/Documentos/MI_SD/P1/SistemasDigitais_Problema1/cooprocessorFiles/memoria/memory_mod.v Line: 21
Info (12128): Elaborating entity "altsyncram" for hierarchy "top:comb_3|memory_mod:comb_20|ram16bits:comb_3|altsyncram:altsyncram_component" File: /home/marcelo/Documentos/MI_SD/P1/SistemasDigitais_Problema1/cooprocessorFiles/memoria/ram16bits.v Line: 86
Info (12130): Elaborated megafunction instantiation "top:comb_3|memory_mod:comb_20|ram16bits:comb_3|altsyncram:altsyncram_component" File: /home/marcelo/Documentos/MI_SD/P1/SistemasDigitais_Problema1/cooprocessorFiles/memoria/ram16bits.v Line: 86
Info (12133): Instantiated megafunction "top:comb_3|memory_mod:comb_20|ram16bits:comb_3|altsyncram:altsyncram_component" with the following parameter: File: /home/marcelo/Documentos/MI_SD/P1/SistemasDigitais_Problema1/cooprocessorFiles/memoria/ram16bits.v Line: 86
    Info (12134): Parameter "clock_enable_input_a" = "BYPASS"
    Info (12134): Parameter "clock_enable_output_a" = "BYPASS"
    Info (12134): Parameter "intended_device_family" = "Cyclone V"
    Info (12134): Parameter "lpm_hint" = "ENABLE_RUNTIME_MOD=YES,INSTANCE_NAME=NONE"
    Info (12134): Parameter "lpm_type" = "altsyncram"
    Info (12134): Parameter "numwords_a" = "256"
    Info (12134): Parameter "operation_mode" = "SINGLE_PORT"
    Info (12134): Parameter "outdata_aclr_a" = "NONE"
    Info (12134): Parameter "outdata_reg_a" = "CLOCK0"
    Info (12134): Parameter "power_up_uninitialized" = "FALSE"
    Info (12134): Parameter "read_during_write_mode_port_a" = "NEW_DATA_NO_NBE_READ"
    Info (12134): Parameter "widthad_a" = "8"
    Info (12134): Parameter "width_a" = "16"
    Info (12134): Parameter "width_byteena_a" = "1"
Info (12021): Found 1 design units, including 1 entities, in source file db/altsyncram_bnn1.tdf
    Info (12023): Found entity 1: altsyncram_bnn1 File: /home/marcelo/Documentos/MI_SD/P1/SistemasDigitais_Problema1/cooprocessorFiles/db/altsyncram_bnn1.tdf Line: 28
Info (12128): Elaborating entity "altsyncram_bnn1" for hierarchy "top:comb_3|memory_mod:comb_20|ram16bits:comb_3|altsyncram:altsyncram_component|altsyncram_bnn1:auto_generated" File: /home/marcelo/intelFPGA_lite/23.1std/quartus/libraries/megafunctions/altsyncram.tdf Line: 792
Info (12021): Found 1 design units, including 1 entities, in source file db/altsyncram_8ud2.tdf
    Info (12023): Found entity 1: altsyncram_8ud2 File: /home/marcelo/Documentos/MI_SD/P1/SistemasDigitais_Problema1/cooprocessorFiles/db/altsyncram_8ud2.tdf Line: 28
Info (12128): Elaborating entity "altsyncram_8ud2" for hierarchy "top:comb_3|memory_mod:comb_20|ram16bits:comb_3|altsyncram:altsyncram_component|altsyncram_bnn1:auto_generated|altsyncram_8ud2:altsyncram1" File: /home/marcelo/Documentos/MI_SD/P1/SistemasDigitais_Problema1/cooprocessorFiles/db/altsyncram_bnn1.tdf Line: 37
Info (12128): Elaborating entity "sld_mod_ram_rom" for hierarchy "top:comb_3|memory_mod:comb_20|ram16bits:comb_3|altsyncram:altsyncram_component|altsyncram_bnn1:auto_generated|sld_mod_ram_rom:mgl_prim2" File: /home/marcelo/Documentos/MI_SD/P1/SistemasDigitais_Problema1/cooprocessorFiles/db/altsyncram_bnn1.tdf Line: 38
Info (12130): Elaborated megafunction instantiation "top:comb_3|memory_mod:comb_20|ram16bits:comb_3|altsyncram:altsyncram_component|altsyncram_bnn1:auto_generated|sld_mod_ram_rom:mgl_prim2" File: /home/marcelo/Documentos/MI_SD/P1/SistemasDigitais_Problema1/cooprocessorFiles/db/altsyncram_bnn1.tdf Line: 38
Info (12133): Instantiated megafunction "top:comb_3|memory_mod:comb_20|ram16bits:comb_3|altsyncram:altsyncram_component|altsyncram_bnn1:auto_generated|sld_mod_ram_rom:mgl_prim2" with the following parameter: File: /home/marcelo/Documentos/MI_SD/P1/SistemasDigitais_Problema1/cooprocessorFiles/db/altsyncram_bnn1.tdf Line: 38
    Info (12134): Parameter "CVALUE" = "0000000000000000"
    Info (12134): Parameter "IS_DATA_IN_RAM" = "1"
    Info (12134): Parameter "IS_READABLE" = "1"
    Info (12134): Parameter "NODE_NAME" = "0"
    Info (12134): Parameter "NUMWORDS" = "256"
    Info (12134): Parameter "SHIFT_COUNT_BITS" = "5"
    Info (12134): Parameter "WIDTH_WORD" = "16"
    Info (12134): Parameter "WIDTHAD" = "8"
Info (12128): Elaborating entity "sld_jtag_endpoint_adapter" for hierarchy "top:comb_3|memory_mod:comb_20|ram16bits:comb_3|altsyncram:altsyncram_component|altsyncram_bnn1:auto_generated|sld_mod_ram_rom:mgl_prim2|sld_jtag_endpoint_adapter:jtag_signal_adapter" File: /home/marcelo/intelFPGA_lite/23.1std/quartus/libraries/megafunctions/sld_mod_ram_rom.vhd Line: 302
Info (12128): Elaborating entity "sld_jtag_endpoint_adapter_impl" for hierarchy "top:comb_3|memory_mod:comb_20|ram16bits:comb_3|altsyncram:altsyncram_component|altsyncram_bnn1:auto_generated|sld_mod_ram_rom:mgl_prim2|sld_jtag_endpoint_adapter:jtag_signal_adapter|sld_jtag_endpoint_adapter_impl:sld_jtag_endpoint_adapter_impl_inst" File: /home/marcelo/intelFPGA_lite/23.1std/quartus/libraries/megafunctions/sld_jtag_endpoint_adapter.vhd Line: 232
Info (12128): Elaborating entity "sld_rom_sr" for hierarchy "top:comb_3|memory_mod:comb_20|ram16bits:comb_3|altsyncram:altsyncram_component|altsyncram_bnn1:auto_generated|sld_mod_ram_rom:mgl_prim2|sld_rom_sr:\ram_rom_logic_gen:no_name_gen:info_rom_sr" File: /home/marcelo/intelFPGA_lite/23.1std/quartus/libraries/megafunctions/sld_mod_ram_rom.vhd Line: 799
Info (12128): Elaborating entity "alu" for hierarchy "top:comb_3|alu:comb_21" File: /home/marcelo/Documentos/MI_SD/P1/SistemasDigitais_Problema1/cooprocessorFiles/controle/top.v Line: 74
Info (12128): Elaborating entity "matriz_soma" for hierarchy "top:comb_3|alu:comb_21|matriz_soma:comb_3" File: /home/marcelo/Documentos/MI_SD/P1/SistemasDigitais_Problema1/cooprocessorFiles/ula/alu.v Line: 17
Info (12128): Elaborating entity "matriz_subtracao" for hierarchy "top:comb_3|alu:comb_21|matriz_subtracao:comb_4" File: /home/marcelo/Documentos/MI_SD/P1/SistemasDigitais_Problema1/cooprocessorFiles/ula/alu.v Line: 18
Info (12128): Elaborating entity "matriz_multi" for hierarchy "top:comb_3|alu:comb_21|matriz_multi:comb_5" File: /home/marcelo/Documentos/MI_SD/P1/SistemasDigitais_Problema1/cooprocessorFiles/ula/alu.v Line: 19
Info (12128): Elaborating entity "matriz_transposta" for hierarchy "top:comb_3|alu:comb_21|matriz_transposta:comb_6" File: /home/marcelo/Documentos/MI_SD/P1/SistemasDigitais_Problema1/cooprocessorFiles/ula/alu.v Line: 20
Info (12128): Elaborating entity "matriz_oposta" for hierarchy "top:comb_3|alu:comb_21|matriz_oposta:comb_7" File: /home/marcelo/Documentos/MI_SD/P1/SistemasDigitais_Problema1/cooprocessorFiles/ula/alu.v Line: 21
Info (12128): Elaborating entity "matriz_escalar" for hierarchy "top:comb_3|alu:comb_21|matriz_escalar:comb_8" File: /home/marcelo/Documentos/MI_SD/P1/SistemasDigitais_Problema1/cooprocessorFiles/ula/alu.v Line: 22
Info (12128): Elaborating entity "matriz_determ2x2" for hierarchy "top:comb_3|alu:comb_21|matriz_determ2x2:comb_9" File: /home/marcelo/Documentos/MI_SD/P1/SistemasDigitais_Problema1/cooprocessorFiles/ula/alu.v Line: 24
Info (10008): Verilog HDL or VHDL information: EDA Netlist Writer cannot regroup multidimensional array "mat" into its bus
Info (12128): Elaborating entity "matriz_determ3x3" for hierarchy "top:comb_3|alu:comb_21|matriz_determ3x3:comb_10" File: /home/marcelo/Documentos/MI_SD/P1/SistemasDigitais_Problema1/cooprocessorFiles/ula/alu.v Line: 25
Info (10008): Verilog HDL or VHDL information: EDA Netlist Writer cannot regroup multidimensional array "mat" into its bus
Info (12128): Elaborating entity "matriz_determ4x4" for hierarchy "top:comb_3|alu:comb_21|matriz_determ4x4:comb_11" File: /home/marcelo/Documentos/MI_SD/P1/SistemasDigitais_Problema1/cooprocessorFiles/ula/alu.v Line: 26
Warning (10027): Verilog HDL or VHDL warning at the matriz_determ4x4.v(35): index expression is not wide enough to address all of the elements in the array File: /home/marcelo/Documentos/MI_SD/P1/SistemasDigitais_Problema1/cooprocessorFiles/ula/matriz_determ4x4.v Line: 35
Warning (10027): Verilog HDL or VHDL warning at the matriz_determ4x4.v(36): index expression is not wide enough to address all of the elements in the array File: /home/marcelo/Documentos/MI_SD/P1/SistemasDigitais_Problema1/cooprocessorFiles/ula/matriz_determ4x4.v Line: 36
Warning (10027): Verilog HDL or VHDL warning at the matriz_determ4x4.v(37): index expression is not wide enough to address all of the elements in the array File: /home/marcelo/Documentos/MI_SD/P1/SistemasDigitais_Problema1/cooprocessorFiles/ula/matriz_determ4x4.v Line: 37
Warning (10027): Verilog HDL or VHDL warning at the matriz_determ4x4.v(38): index expression is not wide enough to address all of the elements in the array File: /home/marcelo/Documentos/MI_SD/P1/SistemasDigitais_Problema1/cooprocessorFiles/ula/matriz_determ4x4.v Line: 38
Warning (10230): Verilog HDL assignment warning at matriz_determ4x4.v(40): truncated value with size 32 to match size of target (8) File: /home/marcelo/Documentos/MI_SD/P1/SistemasDigitais_Problema1/cooprocessorFiles/ula/matriz_determ4x4.v Line: 40
Warning (10230): Verilog HDL assignment warning at matriz_determ4x4.v(44): truncated value with size 32 to match size of target (5) File: /home/marcelo/Documentos/MI_SD/P1/SistemasDigitais_Problema1/cooprocessorFiles/ula/matriz_determ4x4.v Line: 44
Info (10008): Verilog HDL or VHDL information: EDA Netlist Writer cannot regroup multidimensional array "mat" into its bus
Info (12128): Elaborating entity "matriz_determ5x5" for hierarchy "top:comb_3|alu:comb_21|matriz_determ5x5:comb_12" File: /home/marcelo/Documentos/MI_SD/P1/SistemasDigitais_Problema1/cooprocessorFiles/ula/alu.v Line: 27
Warning (10230): Verilog HDL assignment warning at matriz_determ5x5.v(98): truncated value with size 32 to match size of target (3) File: /home/marcelo/Documentos/MI_SD/P1/SistemasDigitais_Problema1/cooprocessorFiles/ula/matriz_determ5x5.v Line: 98
Info (12128): Elaborating entity "br" for hierarchy "top:comb_3|br:comb_22" File: /home/marcelo/Documentos/MI_SD/P1/SistemasDigitais_Problema1/cooprocessorFiles/controle/top.v Line: 84
Info (12128): Elaborating entity "decod7seg" for hierarchy "decod7seg:comb_4" File: /home/marcelo/Documentos/MI_SD/P1/SistemasDigitais_Problema1/cooprocessorFiles/testes/test_top.v Line: 52
Info (12128): Elaborating entity "debounce" for hierarchy "debounce:comb_8" File: /home/marcelo/Documentos/MI_SD/P1/SistemasDigitais_Problema1/cooprocessorFiles/testes/test_top.v Line: 58
Info (12128): Elaborating entity "clock_div" for hierarchy "debounce:comb_8|clock_div:u1" File: /home/marcelo/Documentos/MI_SD/P1/SistemasDigitais_Problema1/cooprocessorFiles/testes/debounce.v Line: 4
Warning (10230): Verilog HDL assignment warning at debounce.v(19): truncated value with size 32 to match size of target (27) File: /home/marcelo/Documentos/MI_SD/P1/SistemasDigitais_Problema1/cooprocessorFiles/testes/debounce.v Line: 19
Info (12128): Elaborating entity "my_dff" for hierarchy "debounce:comb_8|my_dff:d0" File: /home/marcelo/Documentos/MI_SD/P1/SistemasDigitais_Problema1/cooprocessorFiles/testes/debounce.v Line: 5
Info (11170): Starting IP generation for the debug fabric: alt_sld_fab.
Info (11172): 2025.05.23.17:02:34 Progress: Loading sldbc16ccc6/alt_sld_fab_wrapper_hw.tcl
Info (11172): Alt_sld_fab.alt_sld_fab: SLD fabric agents which did not specify prefer_host were connected to JTAG
Info (11172): Alt_sld_fab: Generating alt_sld_fab "alt_sld_fab" for QUARTUS_SYNTH
Info (11172): Alt_sld_fab: "alt_sld_fab" instantiated alt_sld_fab "alt_sld_fab"
Info (11172): Presplit: "alt_sld_fab" instantiated altera_super_splitter "presplit"
Info (11172): Splitter: "alt_sld_fab" instantiated altera_sld_splitter "splitter"
Info (11172): Sldfabric: "alt_sld_fab" instantiated altera_sld_jtag_hub "sldfabric"
Info (11172): Ident: "alt_sld_fab" instantiated altera_connection_identification_hub "ident"
Info (11172): Alt_sld_fab: Done "alt_sld_fab" with 6 modules, 6 files
Info (11171): Finished IP generation for the debug fabric: alt_sld_fab.
Info (12021): Found 1 design units, including 1 entities, in source file db/ip/sldbc16ccc6/alt_sld_fab.v
    Info (12023): Found entity 1: alt_sld_fab File: /home/marcelo/Documentos/MI_SD/P1/SistemasDigitais_Problema1/cooprocessorFiles/db/ip/sldbc16ccc6/alt_sld_fab.v Line: 9
Info (12021): Found 1 design units, including 1 entities, in source file db/ip/sldbc16ccc6/submodules/alt_sld_fab_alt_sld_fab.v
    Info (12023): Found entity 1: alt_sld_fab_alt_sld_fab File: /home/marcelo/Documentos/MI_SD/P1/SistemasDigitais_Problema1/cooprocessorFiles/db/ip/sldbc16ccc6/submodules/alt_sld_fab_alt_sld_fab.v Line: 9
Info (12021): Found 1 design units, including 1 entities, in source file db/ip/sldbc16ccc6/submodules/alt_sld_fab_alt_sld_fab_ident.sv
    Info (12023): Found entity 1: alt_sld_fab_alt_sld_fab_ident File: /home/marcelo/Documentos/MI_SD/P1/SistemasDigitais_Problema1/cooprocessorFiles/db/ip/sldbc16ccc6/submodules/alt_sld_fab_alt_sld_fab_ident.sv Line: 33
Info (12021): Found 1 design units, including 1 entities, in source file db/ip/sldbc16ccc6/submodules/alt_sld_fab_alt_sld_fab_presplit.sv
    Info (12023): Found entity 1: alt_sld_fab_alt_sld_fab_presplit File: /home/marcelo/Documentos/MI_SD/P1/SistemasDigitais_Problema1/cooprocessorFiles/db/ip/sldbc16ccc6/submodules/alt_sld_fab_alt_sld_fab_presplit.sv Line: 3
Info (12021): Found 2 design units, including 1 entities, in source file db/ip/sldbc16ccc6/submodules/alt_sld_fab_alt_sld_fab_sldfabric.vhd
    Info (12022): Found design unit 1: alt_sld_fab_alt_sld_fab_sldfabric-rtl File: /home/marcelo/Documentos/MI_SD/P1/SistemasDigitais_Problema1/cooprocessorFiles/db/ip/sldbc16ccc6/submodules/alt_sld_fab_alt_sld_fab_sldfabric.vhd Line: 102
    Info (12023): Found entity 1: alt_sld_fab_alt_sld_fab_sldfabric File: /home/marcelo/Documentos/MI_SD/P1/SistemasDigitais_Problema1/cooprocessorFiles/db/ip/sldbc16ccc6/submodules/alt_sld_fab_alt_sld_fab_sldfabric.vhd Line: 11
Info (12021): Found 1 design units, including 1 entities, in source file db/ip/sldbc16ccc6/submodules/alt_sld_fab_alt_sld_fab_splitter.sv
    Info (12023): Found entity 1: alt_sld_fab_alt_sld_fab_splitter File: /home/marcelo/Documentos/MI_SD/P1/SistemasDigitais_Problema1/cooprocessorFiles/db/ip/sldbc16ccc6/submodules/alt_sld_fab_alt_sld_fab_splitter.sv Line: 3
Warning (19016): Clock multiplexers are found and protected
    Warning (19017): Found clock multiplexer top:comb_3|done File: /home/marcelo/Documentos/MI_SD/P1/SistemasDigitais_Problema1/cooprocessorFiles/controle/top.v Line: 37
Info (19000): Inferred 1 megafunctions from design logic
    Info (276031): Inferred altsyncram megafunction from the following design logic: "Mux1_rtl_0"
        Info (286033): Parameter OPERATION_MODE set to ROM
        Info (286033): Parameter WIDTH_A set to 22
        Info (286033): Parameter WIDTHAD_A set to 10
        Info (286033): Parameter NUMWORDS_A set to 1024
        Info (286033): Parameter OUTDATA_REG_A set to UNREGISTERED
        Info (286033): Parameter RAM_BLOCK_TYPE set to AUTO
        Info (286033): Parameter INIT_FILE set to cooprocessor.test_top0.rtl.mif
Info (12130): Elaborated megafunction instantiation "altsyncram:Mux1_rtl_0"
Info (12133): Instantiated megafunction "altsyncram:Mux1_rtl_0" with the following parameter:
    Info (12134): Parameter "OPERATION_MODE" = "ROM"
    Info (12134): Parameter "WIDTH_A" = "22"
    Info (12134): Parameter "WIDTHAD_A" = "10"
    Info (12134): Parameter "NUMWORDS_A" = "1024"
    Info (12134): Parameter "OUTDATA_REG_A" = "UNREGISTERED"
    Info (12134): Parameter "RAM_BLOCK_TYPE" = "AUTO"
    Info (12134): Parameter "INIT_FILE" = "cooprocessor.test_top0.rtl.mif"
Info (12021): Found 1 design units, including 1 entities, in source file db/altsyncram_pj61.tdf
    Info (12023): Found entity 1: altsyncram_pj61 File: /home/marcelo/Documentos/MI_SD/P1/SistemasDigitais_Problema1/cooprocessorFiles/db/altsyncram_pj61.tdf Line: 28
Warning (12241): 4 hierarchies have connectivity warnings - see the Connectivity Checks report folder
Info (286031): Timing-Driven Synthesis is running on partition "Top"
Info (17049): 64 registers lost all their fanouts during netlist optimizations.
Info (144001): Generated suppressed messages file /home/marcelo/Documentos/MI_SD/P1/SistemasDigitais_Problema1/cooprocessorFiles/output_files/MI_SD.map.smsg
Info (16010): Generating hard_block partition "hard_block:auto_generated_inst"
    Info (16011): Adding 9 node(s), including 0 DDIO, 0 PLL, 0 transceiver and 0 LCELL
Info (21057): Implemented 2251 device resources after synthesis - the final resource count might be different
    Info (21058): Implemented 6 input pins
    Info (21059): Implemented 29 output pins
    Info (21061): Implemented 2107 logic cells
    Info (21064): Implemented 38 RAM segments
    Info (21062): Implemented 70 DSP elements
Info: Quartus Prime Analysis & Synthesis was successful. 0 errors, 45 warnings
    Info: Peak virtual memory: 659 megabytes
    Info: Processing ended: Fri May 23 17:02:46 2025
    Info: Elapsed time: 00:00:24
    Info: Total CPU time (on all processors): 00:01:05


+------------------------------------------+
; Analysis & Synthesis Suppressed Messages ;
+------------------------------------------+
The suppressed messages can be found in /home/marcelo/Documentos/MI_SD/P1/SistemasDigitais_Problema1/cooprocessorFiles/output_files/MI_SD.map.smsg.


