Fitter report for soc_system
Fri May 23 16:01:59 2025
Quartus Prime Version 23.1std.1 Build 993 05/14/2024 SC Lite Edition


---------------------
; Table of Contents ;
---------------------
  1. Legal Notice
  2. Fitter Summary
  3. Fitter Settings
  4. Parallel Compilation
  5. Fitter Netlist Optimizations
  6. Ignored Assignments
  7. Incremental Compilation Preservation Summary
  8. Incremental Compilation Partition Settings
  9. Incremental Compilation Placement Preservation
 10. Fitter Resource Usage Summary
 11. Input Pins
 12. Output Pins
 13. I/O Bank Usage
 14. All Package Pins
 15. I/O Assignment Warnings
 16. Fitter Resource Utilization by Entity
 17. Delay Chain Summary
 18. Pad To Core Delay Chain Fanout
 19. Control Signals
 20. Global & Other Fast Signals
 21. Fitter RAM Summary
 22. Fitter DSP Block Usage Summary
 23. DSP Block Details
 24. I/O Rules Summary
 25. I/O Rules Details
 26. I/O Rules Matrix
 27. Fitter Device Options
 28. Operating Settings and Conditions
 29. Fitter Messages
 30. Fitter Suppressed Messages



----------------
; Legal Notice ;
----------------
Copyright (C) 2024  Intel Corporation. All rights reserved.
Your use of Intel Corporation's design tools, logic functions 
and other software and tools, and any partner logic 
functions, and any output files from any of the foregoing 
(including device programming or simulation files), and any 
associated documentation or information are expressly subject 
to the terms and conditions of the Intel Program License 
Subscription Agreement, the Intel Quartus Prime License Agreement,
the Intel FPGA IP License Agreement, or other applicable license
agreement, including, without limitation, that your use is for
the sole purpose of programming logic devices manufactured by
Intel and sold by Intel or its authorized distributors.  Please
refer to the applicable agreement for further details, at
https://fpgasoftware.intel.com/eula.



+----------------------------------------------------------------------------------+
; Fitter Summary                                                                   ;
+---------------------------------+------------------------------------------------+
; Fitter Status                   ; Failed - Fri May 23 16:01:59 2025              ;
; Quartus Prime Version           ; 23.1std.1 Build 993 05/14/2024 SC Lite Edition ;
; Revision Name                   ; soc_system                                     ;
; Top-level Entity Name           ; test_top                                       ;
; Family                          ; Cyclone V                                      ;
; Device                          ; 5CSEMA5F31C6                                   ;
; Timing Models                   ; Final                                          ;
; Logic utilization (in ALMs)     ; 1,055 / 32,070 ( 3 % )                         ;
; Total registers                 ; 1091                                           ;
; Total pins                      ; 47 / 457 ( 10 % )                              ;
; Total virtual pins              ; 0                                              ;
; Total block memory bits         ; 26,624 / 4,065,280 ( < 1 % )                   ;
; Total RAM Blocks                ; 0 / 397 ( 0 % )                                ;
; Total DSP Blocks                ; 70 / 87 ( 80 % )                               ;
; Total HSSI RX PCSs              ; 0                                              ;
; Total HSSI PMA RX Deserializers ; 0                                              ;
; Total HSSI TX PCSs              ; 0                                              ;
; Total HSSI PMA TX Serializers   ; 0                                              ;
; Total PLLs                      ; 0 / 6 ( 0 % )                                  ;
; Total DLLs                      ; 0 / 4 ( 0 % )                                  ;
+---------------------------------+------------------------------------------------+


+----------------------------------------------------------------------------------------------------------------------------------------------------+
; Fitter Settings                                                                                                                                    ;
+--------------------------------------------------------------------+---------------------------------------+---------------------------------------+
; Option                                                             ; Setting                               ; Default Value                         ;
+--------------------------------------------------------------------+---------------------------------------+---------------------------------------+
; Device                                                             ; 5CSEMA5F31C6                          ;                                       ;
; Minimum Core Junction Temperature                                  ; 0                                     ;                                       ;
; Maximum Core Junction Temperature                                  ; 85                                    ;                                       ;
; Device I/O Standard                                                ; 2.5 V                                 ;                                       ;
; Regenerate Full Fit Report During ECO Compiles                     ; On                                    ; Off                                   ;
; Use smart compilation                                              ; Off                                   ; Off                                   ;
; Enable parallel Assembler and Timing Analyzer during compilation   ; On                                    ; On                                    ;
; Enable compact report table                                        ; Off                                   ; Off                                   ;
; Router Timing Optimization Level                                   ; Normal                                ; Normal                                ;
; Perform Clocking Topology Analysis During Routing                  ; Off                                   ; Off                                   ;
; Placement Effort Multiplier                                        ; 1.0                                   ; 1.0                                   ;
; Device initialization clock source                                 ; INIT_INTOSC                           ; INIT_INTOSC                           ;
; Optimize Hold Timing                                               ; All Paths                             ; All Paths                             ;
; Optimize Multi-Corner Timing                                       ; On                                    ; On                                    ;
; Auto RAM to MLAB Conversion                                        ; On                                    ; On                                    ;
; Equivalent RAM and MLAB Power Up                                   ; Auto                                  ; Auto                                  ;
; Equivalent RAM and MLAB Paused Read Capabilities                   ; Care                                  ; Care                                  ;
; Power Optimization During Fitting                                  ; Normal compilation                    ; Normal compilation                    ;
; SSN Optimization                                                   ; Off                                   ; Off                                   ;
; Optimize Timing                                                    ; Normal compilation                    ; Normal compilation                    ;
; Optimize Timing for ECOs                                           ; Off                                   ; Off                                   ;
; Optimize IOC Register Placement for Timing                         ; Normal                                ; Normal                                ;
; Final Placement Optimizations                                      ; Automatically                         ; Automatically                         ;
; Fitter Aggressive Routability Optimizations                        ; Automatically                         ; Automatically                         ;
; Fitter Initial Placement Seed                                      ; 1                                     ; 1                                     ;
; Periphery to Core Placement and Routing Optimization               ; Off                                   ; Off                                   ;
; Weak Pull-Up Resistor                                              ; Off                                   ; Off                                   ;
; Enable Bus-Hold Circuitry                                          ; Off                                   ; Off                                   ;
; Auto Packed Registers                                              ; Auto                                  ; Auto                                  ;
; Auto Delay Chains                                                  ; On                                    ; On                                    ;
; Auto Delay Chains for High Fanout Input Pins                       ; Off                                   ; Off                                   ;
; Treat Bidirectional Pin as Output Pin                              ; Off                                   ; Off                                   ;
; Perform Physical Synthesis for Combinational Logic for Fitting     ; Off                                   ; Off                                   ;
; Perform Physical Synthesis for Combinational Logic for Performance ; Off                                   ; Off                                   ;
; Perform Register Duplication for Performance                       ; Off                                   ; Off                                   ;
; Perform Register Retiming for Performance                          ; Off                                   ; Off                                   ;
; Perform Asynchronous Signal Pipelining                             ; Off                                   ; Off                                   ;
; Fitter Effort                                                      ; Auto Fit                              ; Auto Fit                              ;
; Physical Synthesis Effort Level                                    ; Normal                                ; Normal                                ;
; Logic Cell Insertion - Logic Duplication                           ; Auto                                  ; Auto                                  ;
; Auto Register Duplication                                          ; Auto                                  ; Auto                                  ;
; Auto Global Clock                                                  ; On                                    ; On                                    ;
; Auto Global Register Control Signals                               ; On                                    ; On                                    ;
; Reserve all unused pins                                            ; As input tri-stated with weak pull-up ; As input tri-stated with weak pull-up ;
; Synchronizer Identification                                        ; Auto                                  ; Auto                                  ;
; Enable Beneficial Skew Optimization                                ; On                                    ; On                                    ;
; Optimize Design for Metastability                                  ; On                                    ; On                                    ;
; Active Serial clock source                                         ; FREQ_100MHz                           ; FREQ_100MHz                           ;
; Force Fitter to Avoid Periphery Placement Warnings                 ; Off                                   ; Off                                   ;
; Clamping Diode                                                     ; Off                                   ; Off                                   ;
; Enable input tri-state on active configuration pins in user mode   ; Off                                   ; Off                                   ;
; Advanced Physical Optimization                                     ; On                                    ; On                                    ;
+--------------------------------------------------------------------+---------------------------------------+---------------------------------------+


+------------------------------------------+
; Parallel Compilation                     ;
+----------------------------+-------------+
; Processors                 ; Number      ;
+----------------------------+-------------+
; Number detected on machine ; 16          ;
; Maximum allowed            ; 16          ;
;                            ;             ;
; Average used               ; 1.00        ;
; Maximum used               ; 14          ;
;                            ;             ;
; Usage by Processor         ; % Time Used ;
;     Processor 1            ; 100.0%      ;
;     Processor 2            ;   0.0%      ;
;     Processor 3            ;   0.0%      ;
;     Processor 4            ;   0.0%      ;
;     Processor 5            ;   0.0%      ;
;     Processor 6            ;   0.0%      ;
;     Processor 7            ;   0.0%      ;
;     Processor 8            ;   0.0%      ;
;     Processor 9            ;   0.0%      ;
;     Processor 10           ;   0.0%      ;
;     Processor 11           ;   0.0%      ;
;     Processor 12           ;   0.0%      ;
;     Processor 13           ;   0.0%      ;
;     Processor 14           ;   0.0%      ;
+----------------------------+-------------+


+----------------------------------------------------------------------------------------------------------------------------------------------------------------+
; Fitter Netlist Optimizations                                                                                                                                   ;
+------------------+---------+-----------+----------------------------+-----------+----------------+------------------+------------------+-----------------------+
; Node             ; Action  ; Operation ; Reason                     ; Node Port ; Node Port Name ; Destination Node ; Destination Port ; Destination Port Name ;
+------------------+---------+-----------+----------------------------+-----------+----------------+------------------+------------------+-----------------------+
; clk~inputCLKENA0 ; Created ; Placement ; Fitter Periphery Placement ;           ;                ;                  ;                  ;                       ;
+------------------+---------+-----------+----------------------------+-----------+----------------+------------------+------------------+-----------------------+


+-----------------------------------------------------------------------------------------------------------------------------------------------------------------------------------------------------------------------------------------------+
; Ignored Assignments                                                                                                                                                                                                                           ;
+-----------------------------------------------------------+----------------+--------------+----------------------------------------------------------------------------------------------+-----------------------------------+----------------+
; Name                                                      ; Ignored Entity ; Ignored From ; Ignored To                                                                                   ; Ignored Value                     ; Ignored Source ;
+-----------------------------------------------------------+----------------+--------------+----------------------------------------------------------------------------------------------+-----------------------------------+----------------+
; Location                                                  ;                ;              ; ADC_CONVST                                                                                   ; PIN_AJ4                           ; QSF Assignment ;
; Location                                                  ;                ;              ; ADC_DIN                                                                                      ; PIN_AK4                           ; QSF Assignment ;
; Location                                                  ;                ;              ; ADC_DOUT                                                                                     ; PIN_AK3                           ; QSF Assignment ;
; Location                                                  ;                ;              ; ADC_SCLK                                                                                     ; PIN_AK2                           ; QSF Assignment ;
; Location                                                  ;                ;              ; AUD_ADCDAT                                                                                   ; PIN_K7                            ; QSF Assignment ;
; Location                                                  ;                ;              ; AUD_ADCLRCK                                                                                  ; PIN_K8                            ; QSF Assignment ;
; Location                                                  ;                ;              ; AUD_BCLK                                                                                     ; PIN_H7                            ; QSF Assignment ;
; Location                                                  ;                ;              ; AUD_DACDAT                                                                                   ; PIN_J7                            ; QSF Assignment ;
; Location                                                  ;                ;              ; AUD_DACLRCK                                                                                  ; PIN_H8                            ; QSF Assignment ;
; Location                                                  ;                ;              ; AUD_XCK                                                                                      ; PIN_G7                            ; QSF Assignment ;
; Location                                                  ;                ;              ; CLOCK2_50                                                                                    ; PIN_AA16                          ; QSF Assignment ;
; Location                                                  ;                ;              ; CLOCK3_50                                                                                    ; PIN_Y26                           ; QSF Assignment ;
; Location                                                  ;                ;              ; CLOCK4_50                                                                                    ; PIN_K14                           ; QSF Assignment ;
; Location                                                  ;                ;              ; CLOCK_50                                                                                     ; PIN_AF14                          ; QSF Assignment ;
; Location                                                  ;                ;              ; DRAM_ADDR[0]                                                                                 ; PIN_AK14                          ; QSF Assignment ;
; Location                                                  ;                ;              ; DRAM_ADDR[10]                                                                                ; PIN_AG12                          ; QSF Assignment ;
; Location                                                  ;                ;              ; DRAM_ADDR[11]                                                                                ; PIN_AH13                          ; QSF Assignment ;
; Location                                                  ;                ;              ; DRAM_ADDR[12]                                                                                ; PIN_AJ14                          ; QSF Assignment ;
; Location                                                  ;                ;              ; DRAM_ADDR[1]                                                                                 ; PIN_AH14                          ; QSF Assignment ;
; Location                                                  ;                ;              ; DRAM_ADDR[2]                                                                                 ; PIN_AG15                          ; QSF Assignment ;
; Location                                                  ;                ;              ; DRAM_ADDR[3]                                                                                 ; PIN_AE14                          ; QSF Assignment ;
; Location                                                  ;                ;              ; DRAM_ADDR[4]                                                                                 ; PIN_AB15                          ; QSF Assignment ;
; Location                                                  ;                ;              ; DRAM_ADDR[5]                                                                                 ; PIN_AC14                          ; QSF Assignment ;
; Location                                                  ;                ;              ; DRAM_ADDR[6]                                                                                 ; PIN_AD14                          ; QSF Assignment ;
; Location                                                  ;                ;              ; DRAM_ADDR[7]                                                                                 ; PIN_AF15                          ; QSF Assignment ;
; Location                                                  ;                ;              ; DRAM_ADDR[8]                                                                                 ; PIN_AH15                          ; QSF Assignment ;
; Location                                                  ;                ;              ; DRAM_ADDR[9]                                                                                 ; PIN_AG13                          ; QSF Assignment ;
; Location                                                  ;                ;              ; DRAM_BA[0]                                                                                   ; PIN_AF13                          ; QSF Assignment ;
; Location                                                  ;                ;              ; DRAM_BA[1]                                                                                   ; PIN_AJ12                          ; QSF Assignment ;
; Location                                                  ;                ;              ; DRAM_CAS_N                                                                                   ; PIN_AF11                          ; QSF Assignment ;
; Location                                                  ;                ;              ; DRAM_CKE                                                                                     ; PIN_AK13                          ; QSF Assignment ;
; Location                                                  ;                ;              ; DRAM_CLK                                                                                     ; PIN_AH12                          ; QSF Assignment ;
; Location                                                  ;                ;              ; DRAM_CS_N                                                                                    ; PIN_AG11                          ; QSF Assignment ;
; Location                                                  ;                ;              ; DRAM_DQ[0]                                                                                   ; PIN_AK6                           ; QSF Assignment ;
; Location                                                  ;                ;              ; DRAM_DQ[10]                                                                                  ; PIN_AJ9                           ; QSF Assignment ;
; Location                                                  ;                ;              ; DRAM_DQ[11]                                                                                  ; PIN_AH9                           ; QSF Assignment ;
; Location                                                  ;                ;              ; DRAM_DQ[12]                                                                                  ; PIN_AH8                           ; QSF Assignment ;
; Location                                                  ;                ;              ; DRAM_DQ[13]                                                                                  ; PIN_AH7                           ; QSF Assignment ;
; Location                                                  ;                ;              ; DRAM_DQ[14]                                                                                  ; PIN_AJ6                           ; QSF Assignment ;
; Location                                                  ;                ;              ; DRAM_DQ[15]                                                                                  ; PIN_AJ5                           ; QSF Assignment ;
; Location                                                  ;                ;              ; DRAM_DQ[1]                                                                                   ; PIN_AJ7                           ; QSF Assignment ;
; Location                                                  ;                ;              ; DRAM_DQ[2]                                                                                   ; PIN_AK7                           ; QSF Assignment ;
; Location                                                  ;                ;              ; DRAM_DQ[3]                                                                                   ; PIN_AK8                           ; QSF Assignment ;
; Location                                                  ;                ;              ; DRAM_DQ[4]                                                                                   ; PIN_AK9                           ; QSF Assignment ;
; Location                                                  ;                ;              ; DRAM_DQ[5]                                                                                   ; PIN_AG10                          ; QSF Assignment ;
; Location                                                  ;                ;              ; DRAM_DQ[6]                                                                                   ; PIN_AK11                          ; QSF Assignment ;
; Location                                                  ;                ;              ; DRAM_DQ[7]                                                                                   ; PIN_AJ11                          ; QSF Assignment ;
; Location                                                  ;                ;              ; DRAM_DQ[8]                                                                                   ; PIN_AH10                          ; QSF Assignment ;
; Location                                                  ;                ;              ; DRAM_DQ[9]                                                                                   ; PIN_AJ10                          ; QSF Assignment ;
; Location                                                  ;                ;              ; DRAM_LDQM                                                                                    ; PIN_AB13                          ; QSF Assignment ;
; Location                                                  ;                ;              ; DRAM_RAS_N                                                                                   ; PIN_AE13                          ; QSF Assignment ;
; Location                                                  ;                ;              ; DRAM_UDQM                                                                                    ; PIN_AK12                          ; QSF Assignment ;
; Location                                                  ;                ;              ; DRAM_WE_N                                                                                    ; PIN_AA13                          ; QSF Assignment ;
; Location                                                  ;                ;              ; FAN_CTRL                                                                                     ; PIN_AA12                          ; QSF Assignment ;
; Location                                                  ;                ;              ; FPGA_I2C_SCLK                                                                                ; PIN_J12                           ; QSF Assignment ;
; Location                                                  ;                ;              ; FPGA_I2C_SDAT                                                                                ; PIN_K12                           ; QSF Assignment ;
; Location                                                  ;                ;              ; GPIO_0[0]                                                                                    ; PIN_AC18                          ; QSF Assignment ;
; Location                                                  ;                ;              ; GPIO_0[10]                                                                                   ; PIN_AH18                          ; QSF Assignment ;
; Location                                                  ;                ;              ; GPIO_0[11]                                                                                   ; PIN_AH17                          ; QSF Assignment ;
; Location                                                  ;                ;              ; GPIO_0[12]                                                                                   ; PIN_AG16                          ; QSF Assignment ;
; Location                                                  ;                ;              ; GPIO_0[13]                                                                                   ; PIN_AE16                          ; QSF Assignment ;
; Location                                                  ;                ;              ; GPIO_0[14]                                                                                   ; PIN_AF16                          ; QSF Assignment ;
; Location                                                  ;                ;              ; GPIO_0[15]                                                                                   ; PIN_AG17                          ; QSF Assignment ;
; Location                                                  ;                ;              ; GPIO_0[16]                                                                                   ; PIN_AA18                          ; QSF Assignment ;
; Location                                                  ;                ;              ; GPIO_0[17]                                                                                   ; PIN_AA19                          ; QSF Assignment ;
; Location                                                  ;                ;              ; GPIO_0[18]                                                                                   ; PIN_AE17                          ; QSF Assignment ;
; Location                                                  ;                ;              ; GPIO_0[19]                                                                                   ; PIN_AC20                          ; QSF Assignment ;
; Location                                                  ;                ;              ; GPIO_0[1]                                                                                    ; PIN_Y17                           ; QSF Assignment ;
; Location                                                  ;                ;              ; GPIO_0[20]                                                                                   ; PIN_AH19                          ; QSF Assignment ;
; Location                                                  ;                ;              ; GPIO_0[21]                                                                                   ; PIN_AJ20                          ; QSF Assignment ;
; Location                                                  ;                ;              ; GPIO_0[22]                                                                                   ; PIN_AH20                          ; QSF Assignment ;
; Location                                                  ;                ;              ; GPIO_0[23]                                                                                   ; PIN_AK21                          ; QSF Assignment ;
; Location                                                  ;                ;              ; GPIO_0[24]                                                                                   ; PIN_AD19                          ; QSF Assignment ;
; Location                                                  ;                ;              ; GPIO_0[25]                                                                                   ; PIN_AD20                          ; QSF Assignment ;
; Location                                                  ;                ;              ; GPIO_0[26]                                                                                   ; PIN_AE18                          ; QSF Assignment ;
; Location                                                  ;                ;              ; GPIO_0[27]                                                                                   ; PIN_AE19                          ; QSF Assignment ;
; Location                                                  ;                ;              ; GPIO_0[28]                                                                                   ; PIN_AF20                          ; QSF Assignment ;
; Location                                                  ;                ;              ; GPIO_0[29]                                                                                   ; PIN_AF21                          ; QSF Assignment ;
; Location                                                  ;                ;              ; GPIO_0[2]                                                                                    ; PIN_AD17                          ; QSF Assignment ;
; Location                                                  ;                ;              ; GPIO_0[30]                                                                                   ; PIN_AF19                          ; QSF Assignment ;
; Location                                                  ;                ;              ; GPIO_0[31]                                                                                   ; PIN_AG21                          ; QSF Assignment ;
; Location                                                  ;                ;              ; GPIO_0[32]                                                                                   ; PIN_AF18                          ; QSF Assignment ;
; Location                                                  ;                ;              ; GPIO_0[33]                                                                                   ; PIN_AG20                          ; QSF Assignment ;
; Location                                                  ;                ;              ; GPIO_0[34]                                                                                   ; PIN_AG18                          ; QSF Assignment ;
; Location                                                  ;                ;              ; GPIO_0[35]                                                                                   ; PIN_AJ21                          ; QSF Assignment ;
; Location                                                  ;                ;              ; GPIO_0[3]                                                                                    ; PIN_Y18                           ; QSF Assignment ;
; Location                                                  ;                ;              ; GPIO_0[4]                                                                                    ; PIN_AK16                          ; QSF Assignment ;
; Location                                                  ;                ;              ; GPIO_0[5]                                                                                    ; PIN_AK18                          ; QSF Assignment ;
; Location                                                  ;                ;              ; GPIO_0[6]                                                                                    ; PIN_AK19                          ; QSF Assignment ;
; Location                                                  ;                ;              ; GPIO_0[7]                                                                                    ; PIN_AJ19                          ; QSF Assignment ;
; Location                                                  ;                ;              ; GPIO_0[8]                                                                                    ; PIN_AJ17                          ; QSF Assignment ;
; Location                                                  ;                ;              ; GPIO_0[9]                                                                                    ; PIN_AJ16                          ; QSF Assignment ;
; Location                                                  ;                ;              ; GPIO_1[0]                                                                                    ; PIN_AB17                          ; QSF Assignment ;
; Location                                                  ;                ;              ; GPIO_1[10]                                                                                   ; PIN_AG26                          ; QSF Assignment ;
; Location                                                  ;                ;              ; GPIO_1[11]                                                                                   ; PIN_AH24                          ; QSF Assignment ;
; Location                                                  ;                ;              ; GPIO_1[12]                                                                                   ; PIN_AH27                          ; QSF Assignment ;
; Location                                                  ;                ;              ; GPIO_1[13]                                                                                   ; PIN_AJ27                          ; QSF Assignment ;
; Location                                                  ;                ;              ; GPIO_1[14]                                                                                   ; PIN_AK29                          ; QSF Assignment ;
; Location                                                  ;                ;              ; GPIO_1[15]                                                                                   ; PIN_AK28                          ; QSF Assignment ;
; Location                                                  ;                ;              ; GPIO_1[16]                                                                                   ; PIN_AK27                          ; QSF Assignment ;
; Location                                                  ;                ;              ; GPIO_1[17]                                                                                   ; PIN_AJ26                          ; QSF Assignment ;
; Location                                                  ;                ;              ; GPIO_1[18]                                                                                   ; PIN_AK26                          ; QSF Assignment ;
; Location                                                  ;                ;              ; GPIO_1[19]                                                                                   ; PIN_AH25                          ; QSF Assignment ;
; Location                                                  ;                ;              ; GPIO_1[1]                                                                                    ; PIN_AA21                          ; QSF Assignment ;
; Location                                                  ;                ;              ; GPIO_1[20]                                                                                   ; PIN_AJ25                          ; QSF Assignment ;
; Location                                                  ;                ;              ; GPIO_1[21]                                                                                   ; PIN_AJ24                          ; QSF Assignment ;
; Location                                                  ;                ;              ; GPIO_1[22]                                                                                   ; PIN_AK24                          ; QSF Assignment ;
; Location                                                  ;                ;              ; GPIO_1[23]                                                                                   ; PIN_AG23                          ; QSF Assignment ;
; Location                                                  ;                ;              ; GPIO_1[24]                                                                                   ; PIN_AK23                          ; QSF Assignment ;
; Location                                                  ;                ;              ; GPIO_1[25]                                                                                   ; PIN_AH23                          ; QSF Assignment ;
; Location                                                  ;                ;              ; GPIO_1[26]                                                                                   ; PIN_AK22                          ; QSF Assignment ;
; Location                                                  ;                ;              ; GPIO_1[27]                                                                                   ; PIN_AJ22                          ; QSF Assignment ;
; Location                                                  ;                ;              ; GPIO_1[28]                                                                                   ; PIN_AH22                          ; QSF Assignment ;
; Location                                                  ;                ;              ; GPIO_1[29]                                                                                   ; PIN_AG22                          ; QSF Assignment ;
; Location                                                  ;                ;              ; GPIO_1[2]                                                                                    ; PIN_AB21                          ; QSF Assignment ;
; Location                                                  ;                ;              ; GPIO_1[30]                                                                                   ; PIN_AF24                          ; QSF Assignment ;
; Location                                                  ;                ;              ; GPIO_1[31]                                                                                   ; PIN_AF23                          ; QSF Assignment ;
; Location                                                  ;                ;              ; GPIO_1[32]                                                                                   ; PIN_AE22                          ; QSF Assignment ;
; Location                                                  ;                ;              ; GPIO_1[33]                                                                                   ; PIN_AD21                          ; QSF Assignment ;
; Location                                                  ;                ;              ; GPIO_1[34]                                                                                   ; PIN_AA20                          ; QSF Assignment ;
; Location                                                  ;                ;              ; GPIO_1[35]                                                                                   ; PIN_AC22                          ; QSF Assignment ;
; Location                                                  ;                ;              ; GPIO_1[3]                                                                                    ; PIN_AC23                          ; QSF Assignment ;
; Location                                                  ;                ;              ; GPIO_1[4]                                                                                    ; PIN_AD24                          ; QSF Assignment ;
; Location                                                  ;                ;              ; GPIO_1[5]                                                                                    ; PIN_AE23                          ; QSF Assignment ;
; Location                                                  ;                ;              ; GPIO_1[6]                                                                                    ; PIN_AE24                          ; QSF Assignment ;
; Location                                                  ;                ;              ; GPIO_1[7]                                                                                    ; PIN_AF25                          ; QSF Assignment ;
; Location                                                  ;                ;              ; GPIO_1[8]                                                                                    ; PIN_AF26                          ; QSF Assignment ;
; Location                                                  ;                ;              ; GPIO_1[9]                                                                                    ; PIN_AG25                          ; QSF Assignment ;
; Location                                                  ;                ;              ; HEX0[0]                                                                                      ; PIN_AE26                          ; QSF Assignment ;
; Location                                                  ;                ;              ; HEX0[1]                                                                                      ; PIN_AE27                          ; QSF Assignment ;
; Location                                                  ;                ;              ; HEX0[2]                                                                                      ; PIN_AE28                          ; QSF Assignment ;
; Location                                                  ;                ;              ; HEX0[3]                                                                                      ; PIN_AG27                          ; QSF Assignment ;
; Location                                                  ;                ;              ; HEX0[4]                                                                                      ; PIN_AF28                          ; QSF Assignment ;
; Location                                                  ;                ;              ; HEX0[5]                                                                                      ; PIN_AG28                          ; QSF Assignment ;
; Location                                                  ;                ;              ; HEX0[6]                                                                                      ; PIN_AH28                          ; QSF Assignment ;
; Location                                                  ;                ;              ; HEX1[0]                                                                                      ; PIN_AJ29                          ; QSF Assignment ;
; Location                                                  ;                ;              ; HEX1[1]                                                                                      ; PIN_AH29                          ; QSF Assignment ;
; Location                                                  ;                ;              ; HEX1[2]                                                                                      ; PIN_AH30                          ; QSF Assignment ;
; Location                                                  ;                ;              ; HEX1[3]                                                                                      ; PIN_AG30                          ; QSF Assignment ;
; Location                                                  ;                ;              ; HEX1[4]                                                                                      ; PIN_AF29                          ; QSF Assignment ;
; Location                                                  ;                ;              ; HEX1[5]                                                                                      ; PIN_AF30                          ; QSF Assignment ;
; Location                                                  ;                ;              ; HEX1[6]                                                                                      ; PIN_AD27                          ; QSF Assignment ;
; Location                                                  ;                ;              ; HEX2[0]                                                                                      ; PIN_AB23                          ; QSF Assignment ;
; Location                                                  ;                ;              ; HEX2[1]                                                                                      ; PIN_AE29                          ; QSF Assignment ;
; Location                                                  ;                ;              ; HEX2[2]                                                                                      ; PIN_AD29                          ; QSF Assignment ;
; Location                                                  ;                ;              ; HEX2[3]                                                                                      ; PIN_AC28                          ; QSF Assignment ;
; Location                                                  ;                ;              ; HEX2[4]                                                                                      ; PIN_AD30                          ; QSF Assignment ;
; Location                                                  ;                ;              ; HEX2[5]                                                                                      ; PIN_AC29                          ; QSF Assignment ;
; Location                                                  ;                ;              ; HEX2[6]                                                                                      ; PIN_AC30                          ; QSF Assignment ;
; Location                                                  ;                ;              ; HEX3[0]                                                                                      ; PIN_AD26                          ; QSF Assignment ;
; Location                                                  ;                ;              ; HEX3[1]                                                                                      ; PIN_AC27                          ; QSF Assignment ;
; Location                                                  ;                ;              ; HEX3[2]                                                                                      ; PIN_AD25                          ; QSF Assignment ;
; Location                                                  ;                ;              ; HEX3[3]                                                                                      ; PIN_AC25                          ; QSF Assignment ;
; Location                                                  ;                ;              ; HEX3[4]                                                                                      ; PIN_AB28                          ; QSF Assignment ;
; Location                                                  ;                ;              ; HEX3[5]                                                                                      ; PIN_AB25                          ; QSF Assignment ;
; Location                                                  ;                ;              ; HEX3[6]                                                                                      ; PIN_AB22                          ; QSF Assignment ;
; Location                                                  ;                ;              ; HEX4[0]                                                                                      ; PIN_AA24                          ; QSF Assignment ;
; Location                                                  ;                ;              ; HEX4[1]                                                                                      ; PIN_Y23                           ; QSF Assignment ;
; Location                                                  ;                ;              ; HEX4[2]                                                                                      ; PIN_Y24                           ; QSF Assignment ;
; Location                                                  ;                ;              ; HEX4[3]                                                                                      ; PIN_W22                           ; QSF Assignment ;
; Location                                                  ;                ;              ; HEX4[4]                                                                                      ; PIN_W24                           ; QSF Assignment ;
; Location                                                  ;                ;              ; HEX4[5]                                                                                      ; PIN_V23                           ; QSF Assignment ;
; Location                                                  ;                ;              ; HEX4[6]                                                                                      ; PIN_W25                           ; QSF Assignment ;
; Location                                                  ;                ;              ; HEX5[0]                                                                                      ; PIN_V25                           ; QSF Assignment ;
; Location                                                  ;                ;              ; HEX5[1]                                                                                      ; PIN_AA28                          ; QSF Assignment ;
; Location                                                  ;                ;              ; HEX5[2]                                                                                      ; PIN_Y27                           ; QSF Assignment ;
; Location                                                  ;                ;              ; HEX5[3]                                                                                      ; PIN_AB27                          ; QSF Assignment ;
; Location                                                  ;                ;              ; HEX5[4]                                                                                      ; PIN_AB26                          ; QSF Assignment ;
; Location                                                  ;                ;              ; HEX5[5]                                                                                      ; PIN_AA26                          ; QSF Assignment ;
; Location                                                  ;                ;              ; HEX5[6]                                                                                      ; PIN_AA25                          ; QSF Assignment ;
; Location                                                  ;                ;              ; IRDA_RXD                                                                                     ; PIN_AA30                          ; QSF Assignment ;
; Location                                                  ;                ;              ; IRDA_TXD                                                                                     ; PIN_AB30                          ; QSF Assignment ;
; Location                                                  ;                ;              ; KEY[0]                                                                                       ; PIN_AA14                          ; QSF Assignment ;
; Location                                                  ;                ;              ; KEY[1]                                                                                       ; PIN_AA15                          ; QSF Assignment ;
; Location                                                  ;                ;              ; KEY[2]                                                                                       ; PIN_W15                           ; QSF Assignment ;
; Location                                                  ;                ;              ; KEY[3]                                                                                       ; PIN_Y16                           ; QSF Assignment ;
; Location                                                  ;                ;              ; LEDR[0]                                                                                      ; PIN_V16                           ; QSF Assignment ;
; Location                                                  ;                ;              ; LEDR[1]                                                                                      ; PIN_W16                           ; QSF Assignment ;
; Location                                                  ;                ;              ; LEDR[2]                                                                                      ; PIN_V17                           ; QSF Assignment ;
; Location                                                  ;                ;              ; LEDR[3]                                                                                      ; PIN_V18                           ; QSF Assignment ;
; Location                                                  ;                ;              ; LEDR[4]                                                                                      ; PIN_W17                           ; QSF Assignment ;
; Location                                                  ;                ;              ; LEDR[5]                                                                                      ; PIN_W19                           ; QSF Assignment ;
; Location                                                  ;                ;              ; LEDR[6]                                                                                      ; PIN_Y19                           ; QSF Assignment ;
; Location                                                  ;                ;              ; LEDR[7]                                                                                      ; PIN_W20                           ; QSF Assignment ;
; Location                                                  ;                ;              ; LEDR[8]                                                                                      ; PIN_W21                           ; QSF Assignment ;
; Location                                                  ;                ;              ; LEDR[9]                                                                                      ; PIN_Y21                           ; QSF Assignment ;
; Location                                                  ;                ;              ; PS2_CLK                                                                                      ; PIN_AD7                           ; QSF Assignment ;
; Location                                                  ;                ;              ; PS2_CLK2                                                                                     ; PIN_AD9                           ; QSF Assignment ;
; Location                                                  ;                ;              ; PS2_DAT                                                                                      ; PIN_AE7                           ; QSF Assignment ;
; Location                                                  ;                ;              ; PS2_DAT2                                                                                     ; PIN_AE9                           ; QSF Assignment ;
; Location                                                  ;                ;              ; QSPI_FLASH_CE_n                                                                              ; PIN_C9                            ; QSF Assignment ;
; Location                                                  ;                ;              ; QSPI_FLASH_DATA[0]                                                                           ; PIN_D10                           ; QSF Assignment ;
; Location                                                  ;                ;              ; QSPI_FLASH_DATA[1]                                                                           ; PIN_A9                            ; QSF Assignment ;
; Location                                                  ;                ;              ; QSPI_FLASH_DATA[2]                                                                           ; PIN_A8                            ; QSF Assignment ;
; Location                                                  ;                ;              ; QSPI_FLASH_DATA[3]                                                                           ; PIN_C7                            ; QSF Assignment ;
; Location                                                  ;                ;              ; QSPI_FLASH_SCLK                                                                              ; PIN_B7                            ; QSF Assignment ;
; Location                                                  ;                ;              ; RISCV_JTAG_TCK                                                                               ; PIN_E7                            ; QSF Assignment ;
; Location                                                  ;                ;              ; RISCV_JTAG_TDI                                                                               ; PIN_F9                            ; QSF Assignment ;
; Location                                                  ;                ;              ; RISCV_JTAG_TDO                                                                               ; PIN_F8                            ; QSF Assignment ;
; Location                                                  ;                ;              ; RISCV_JTAG_TMS                                                                               ; PIN_E6                            ; QSF Assignment ;
; Location                                                  ;                ;              ; SW[0]                                                                                        ; PIN_AB12                          ; QSF Assignment ;
; Location                                                  ;                ;              ; SW[1]                                                                                        ; PIN_AC12                          ; QSF Assignment ;
; Location                                                  ;                ;              ; SW[2]                                                                                        ; PIN_AF9                           ; QSF Assignment ;
; Location                                                  ;                ;              ; SW[3]                                                                                        ; PIN_AF10                          ; QSF Assignment ;
; Location                                                  ;                ;              ; SW[4]                                                                                        ; PIN_AD11                          ; QSF Assignment ;
; Location                                                  ;                ;              ; SW[5]                                                                                        ; PIN_AD12                          ; QSF Assignment ;
; Location                                                  ;                ;              ; SW[6]                                                                                        ; PIN_AE11                          ; QSF Assignment ;
; Location                                                  ;                ;              ; SW[7]                                                                                        ; PIN_AC9                           ; QSF Assignment ;
; Location                                                  ;                ;              ; SW[8]                                                                                        ; PIN_AD10                          ; QSF Assignment ;
; Location                                                  ;                ;              ; SW[9]                                                                                        ; PIN_AE12                          ; QSF Assignment ;
; Location                                                  ;                ;              ; TD_CLK27                                                                                     ; PIN_H15                           ; QSF Assignment ;
; Location                                                  ;                ;              ; TD_DATA[0]                                                                                   ; PIN_D2                            ; QSF Assignment ;
; Location                                                  ;                ;              ; TD_DATA[1]                                                                                   ; PIN_B1                            ; QSF Assignment ;
; Location                                                  ;                ;              ; TD_DATA[2]                                                                                   ; PIN_E2                            ; QSF Assignment ;
; Location                                                  ;                ;              ; TD_DATA[3]                                                                                   ; PIN_B2                            ; QSF Assignment ;
; Location                                                  ;                ;              ; TD_DATA[4]                                                                                   ; PIN_D1                            ; QSF Assignment ;
; Location                                                  ;                ;              ; TD_DATA[5]                                                                                   ; PIN_E1                            ; QSF Assignment ;
; Location                                                  ;                ;              ; TD_DATA[6]                                                                                   ; PIN_C2                            ; QSF Assignment ;
; Location                                                  ;                ;              ; TD_DATA[7]                                                                                   ; PIN_B3                            ; QSF Assignment ;
; Location                                                  ;                ;              ; TD_HS                                                                                        ; PIN_A5                            ; QSF Assignment ;
; Location                                                  ;                ;              ; TD_RESET_N                                                                                   ; PIN_F6                            ; QSF Assignment ;
; Location                                                  ;                ;              ; TD_VS                                                                                        ; PIN_A3                            ; QSF Assignment ;
; Location                                                  ;                ;              ; UART_CTS                                                                                     ; PIN_C8                            ; QSF Assignment ;
; Location                                                  ;                ;              ; UART_RTS                                                                                     ; PIN_B8                            ; QSF Assignment ;
; Location                                                  ;                ;              ; UART_RX                                                                                      ; PIN_E9                            ; QSF Assignment ;
; Location                                                  ;                ;              ; UART_TX                                                                                      ; PIN_D9                            ; QSF Assignment ;
; Location                                                  ;                ;              ; VGA_BLANK_N                                                                                  ; PIN_F10                           ; QSF Assignment ;
; Location                                                  ;                ;              ; VGA_B[0]                                                                                     ; PIN_B13                           ; QSF Assignment ;
; Location                                                  ;                ;              ; VGA_B[1]                                                                                     ; PIN_G13                           ; QSF Assignment ;
; Location                                                  ;                ;              ; VGA_B[2]                                                                                     ; PIN_H13                           ; QSF Assignment ;
; Location                                                  ;                ;              ; VGA_B[3]                                                                                     ; PIN_F14                           ; QSF Assignment ;
; Location                                                  ;                ;              ; VGA_B[4]                                                                                     ; PIN_H14                           ; QSF Assignment ;
; Location                                                  ;                ;              ; VGA_B[5]                                                                                     ; PIN_F15                           ; QSF Assignment ;
; Location                                                  ;                ;              ; VGA_B[6]                                                                                     ; PIN_G15                           ; QSF Assignment ;
; Location                                                  ;                ;              ; VGA_B[7]                                                                                     ; PIN_J14                           ; QSF Assignment ;
; Location                                                  ;                ;              ; VGA_CLK                                                                                      ; PIN_A11                           ; QSF Assignment ;
; Location                                                  ;                ;              ; VGA_G[0]                                                                                     ; PIN_J9                            ; QSF Assignment ;
; Location                                                  ;                ;              ; VGA_G[1]                                                                                     ; PIN_J10                           ; QSF Assignment ;
; Location                                                  ;                ;              ; VGA_G[2]                                                                                     ; PIN_H12                           ; QSF Assignment ;
; Location                                                  ;                ;              ; VGA_G[3]                                                                                     ; PIN_G10                           ; QSF Assignment ;
; Location                                                  ;                ;              ; VGA_G[4]                                                                                     ; PIN_G11                           ; QSF Assignment ;
; Location                                                  ;                ;              ; VGA_G[5]                                                                                     ; PIN_G12                           ; QSF Assignment ;
; Location                                                  ;                ;              ; VGA_G[6]                                                                                     ; PIN_F11                           ; QSF Assignment ;
; Location                                                  ;                ;              ; VGA_G[7]                                                                                     ; PIN_E11                           ; QSF Assignment ;
; Location                                                  ;                ;              ; VGA_HS                                                                                       ; PIN_B11                           ; QSF Assignment ;
; Location                                                  ;                ;              ; VGA_R[0]                                                                                     ; PIN_A13                           ; QSF Assignment ;
; Location                                                  ;                ;              ; VGA_R[1]                                                                                     ; PIN_C13                           ; QSF Assignment ;
; Location                                                  ;                ;              ; VGA_R[2]                                                                                     ; PIN_E13                           ; QSF Assignment ;
; Location                                                  ;                ;              ; VGA_R[3]                                                                                     ; PIN_B12                           ; QSF Assignment ;
; Location                                                  ;                ;              ; VGA_R[4]                                                                                     ; PIN_C12                           ; QSF Assignment ;
; Location                                                  ;                ;              ; VGA_R[5]                                                                                     ; PIN_D12                           ; QSF Assignment ;
; Location                                                  ;                ;              ; VGA_R[6]                                                                                     ; PIN_E12                           ; QSF Assignment ;
; Location                                                  ;                ;              ; VGA_R[7]                                                                                     ; PIN_F13                           ; QSF Assignment ;
; Location                                                  ;                ;              ; VGA_SYNC_N                                                                                   ; PIN_C10                           ; QSF Assignment ;
; Location                                                  ;                ;              ; VGA_VS                                                                                       ; PIN_D11                           ; QSF Assignment ;
; I/O Standard                                              ; test_top       ;              ; ADC_CONVST                                                                                   ; 3.3-V LVTTL                       ; QSF Assignment ;
; I/O Standard                                              ; test_top       ;              ; ADC_DIN                                                                                      ; 3.3-V LVTTL                       ; QSF Assignment ;
; I/O Standard                                              ; test_top       ;              ; ADC_DOUT                                                                                     ; 3.3-V LVTTL                       ; QSF Assignment ;
; I/O Standard                                              ; test_top       ;              ; ADC_SCLK                                                                                     ; 3.3-V LVTTL                       ; QSF Assignment ;
; I/O Standard                                              ; test_top       ;              ; AUD_ADCDAT                                                                                   ; 3.3-V LVTTL                       ; QSF Assignment ;
; I/O Standard                                              ; test_top       ;              ; AUD_ADCLRCK                                                                                  ; 3.3-V LVTTL                       ; QSF Assignment ;
; I/O Standard                                              ; test_top       ;              ; AUD_BCLK                                                                                     ; 3.3-V LVTTL                       ; QSF Assignment ;
; I/O Standard                                              ; test_top       ;              ; AUD_DACDAT                                                                                   ; 3.3-V LVTTL                       ; QSF Assignment ;
; I/O Standard                                              ; test_top       ;              ; AUD_DACLRCK                                                                                  ; 3.3-V LVTTL                       ; QSF Assignment ;
; I/O Standard                                              ; test_top       ;              ; AUD_XCK                                                                                      ; 3.3-V LVTTL                       ; QSF Assignment ;
; I/O Standard                                              ; test_top       ;              ; CLOCK2_50                                                                                    ; 3.3-V LVTTL                       ; QSF Assignment ;
; I/O Standard                                              ; test_top       ;              ; CLOCK3_50                                                                                    ; 3.3-V LVTTL                       ; QSF Assignment ;
; I/O Standard                                              ; test_top       ;              ; CLOCK4_50                                                                                    ; 3.3-V LVTTL                       ; QSF Assignment ;
; I/O Standard                                              ; test_top       ;              ; CLOCK_50                                                                                     ; 3.3-V LVTTL                       ; QSF Assignment ;
; I/O Standard                                              ; test_top       ;              ; DRAM_ADDR[0]                                                                                 ; 3.3-V LVTTL                       ; QSF Assignment ;
; I/O Standard                                              ; test_top       ;              ; DRAM_ADDR[10]                                                                                ; 3.3-V LVTTL                       ; QSF Assignment ;
; I/O Standard                                              ; test_top       ;              ; DRAM_ADDR[11]                                                                                ; 3.3-V LVTTL                       ; QSF Assignment ;
; I/O Standard                                              ; test_top       ;              ; DRAM_ADDR[12]                                                                                ; 3.3-V LVTTL                       ; QSF Assignment ;
; I/O Standard                                              ; test_top       ;              ; DRAM_ADDR[1]                                                                                 ; 3.3-V LVTTL                       ; QSF Assignment ;
; I/O Standard                                              ; test_top       ;              ; DRAM_ADDR[2]                                                                                 ; 3.3-V LVTTL                       ; QSF Assignment ;
; I/O Standard                                              ; test_top       ;              ; DRAM_ADDR[3]                                                                                 ; 3.3-V LVTTL                       ; QSF Assignment ;
; I/O Standard                                              ; test_top       ;              ; DRAM_ADDR[4]                                                                                 ; 3.3-V LVTTL                       ; QSF Assignment ;
; I/O Standard                                              ; test_top       ;              ; DRAM_ADDR[5]                                                                                 ; 3.3-V LVTTL                       ; QSF Assignment ;
; I/O Standard                                              ; test_top       ;              ; DRAM_ADDR[6]                                                                                 ; 3.3-V LVTTL                       ; QSF Assignment ;
; I/O Standard                                              ; test_top       ;              ; DRAM_ADDR[7]                                                                                 ; 3.3-V LVTTL                       ; QSF Assignment ;
; I/O Standard                                              ; test_top       ;              ; DRAM_ADDR[8]                                                                                 ; 3.3-V LVTTL                       ; QSF Assignment ;
; I/O Standard                                              ; test_top       ;              ; DRAM_ADDR[9]                                                                                 ; 3.3-V LVTTL                       ; QSF Assignment ;
; I/O Standard                                              ; test_top       ;              ; DRAM_BA[0]                                                                                   ; 3.3-V LVTTL                       ; QSF Assignment ;
; I/O Standard                                              ; test_top       ;              ; DRAM_BA[1]                                                                                   ; 3.3-V LVTTL                       ; QSF Assignment ;
; I/O Standard                                              ; test_top       ;              ; DRAM_CAS_N                                                                                   ; 3.3-V LVTTL                       ; QSF Assignment ;
; I/O Standard                                              ; test_top       ;              ; DRAM_CKE                                                                                     ; 3.3-V LVTTL                       ; QSF Assignment ;
; I/O Standard                                              ; test_top       ;              ; DRAM_CLK                                                                                     ; 3.3-V LVTTL                       ; QSF Assignment ;
; I/O Standard                                              ; test_top       ;              ; DRAM_CS_N                                                                                    ; 3.3-V LVTTL                       ; QSF Assignment ;
; I/O Standard                                              ; test_top       ;              ; DRAM_DQ[0]                                                                                   ; 3.3-V LVTTL                       ; QSF Assignment ;
; I/O Standard                                              ; test_top       ;              ; DRAM_DQ[10]                                                                                  ; 3.3-V LVTTL                       ; QSF Assignment ;
; I/O Standard                                              ; test_top       ;              ; DRAM_DQ[11]                                                                                  ; 3.3-V LVTTL                       ; QSF Assignment ;
; I/O Standard                                              ; test_top       ;              ; DRAM_DQ[12]                                                                                  ; 3.3-V LVTTL                       ; QSF Assignment ;
; I/O Standard                                              ; test_top       ;              ; DRAM_DQ[13]                                                                                  ; 3.3-V LVTTL                       ; QSF Assignment ;
; I/O Standard                                              ; test_top       ;              ; DRAM_DQ[14]                                                                                  ; 3.3-V LVTTL                       ; QSF Assignment ;
; I/O Standard                                              ; test_top       ;              ; DRAM_DQ[15]                                                                                  ; 3.3-V LVTTL                       ; QSF Assignment ;
; I/O Standard                                              ; test_top       ;              ; DRAM_DQ[1]                                                                                   ; 3.3-V LVTTL                       ; QSF Assignment ;
; I/O Standard                                              ; test_top       ;              ; DRAM_DQ[2]                                                                                   ; 3.3-V LVTTL                       ; QSF Assignment ;
; I/O Standard                                              ; test_top       ;              ; DRAM_DQ[3]                                                                                   ; 3.3-V LVTTL                       ; QSF Assignment ;
; I/O Standard                                              ; test_top       ;              ; DRAM_DQ[4]                                                                                   ; 3.3-V LVTTL                       ; QSF Assignment ;
; I/O Standard                                              ; test_top       ;              ; DRAM_DQ[5]                                                                                   ; 3.3-V LVTTL                       ; QSF Assignment ;
; I/O Standard                                              ; test_top       ;              ; DRAM_DQ[6]                                                                                   ; 3.3-V LVTTL                       ; QSF Assignment ;
; I/O Standard                                              ; test_top       ;              ; DRAM_DQ[7]                                                                                   ; 3.3-V LVTTL                       ; QSF Assignment ;
; I/O Standard                                              ; test_top       ;              ; DRAM_DQ[8]                                                                                   ; 3.3-V LVTTL                       ; QSF Assignment ;
; I/O Standard                                              ; test_top       ;              ; DRAM_DQ[9]                                                                                   ; 3.3-V LVTTL                       ; QSF Assignment ;
; I/O Standard                                              ; test_top       ;              ; DRAM_LDQM                                                                                    ; 3.3-V LVTTL                       ; QSF Assignment ;
; I/O Standard                                              ; test_top       ;              ; DRAM_RAS_N                                                                                   ; 3.3-V LVTTL                       ; QSF Assignment ;
; I/O Standard                                              ; test_top       ;              ; DRAM_UDQM                                                                                    ; 3.3-V LVTTL                       ; QSF Assignment ;
; I/O Standard                                              ; test_top       ;              ; DRAM_WE_N                                                                                    ; 3.3-V LVTTL                       ; QSF Assignment ;
; I/O Standard                                              ; test_top       ;              ; FAN_CTRL                                                                                     ; 3.3-V LVTTL                       ; QSF Assignment ;
; I/O Standard                                              ; test_top       ;              ; FPGA_I2C_SCLK                                                                                ; 3.3-V LVTTL                       ; QSF Assignment ;
; I/O Standard                                              ; test_top       ;              ; FPGA_I2C_SDAT                                                                                ; 3.3-V LVTTL                       ; QSF Assignment ;
; I/O Standard                                              ; test_top       ;              ; GPIO_0[0]                                                                                    ; 3.3-V LVTTL                       ; QSF Assignment ;
; I/O Standard                                              ; test_top       ;              ; GPIO_0[10]                                                                                   ; 3.3-V LVTTL                       ; QSF Assignment ;
; I/O Standard                                              ; test_top       ;              ; GPIO_0[11]                                                                                   ; 3.3-V LVTTL                       ; QSF Assignment ;
; I/O Standard                                              ; test_top       ;              ; GPIO_0[12]                                                                                   ; 3.3-V LVTTL                       ; QSF Assignment ;
; I/O Standard                                              ; test_top       ;              ; GPIO_0[13]                                                                                   ; 3.3-V LVTTL                       ; QSF Assignment ;
; I/O Standard                                              ; test_top       ;              ; GPIO_0[14]                                                                                   ; 3.3-V LVTTL                       ; QSF Assignment ;
; I/O Standard                                              ; test_top       ;              ; GPIO_0[15]                                                                                   ; 3.3-V LVTTL                       ; QSF Assignment ;
; I/O Standard                                              ; test_top       ;              ; GPIO_0[16]                                                                                   ; 3.3-V LVTTL                       ; QSF Assignment ;
; I/O Standard                                              ; test_top       ;              ; GPIO_0[17]                                                                                   ; 3.3-V LVTTL                       ; QSF Assignment ;
; I/O Standard                                              ; test_top       ;              ; GPIO_0[18]                                                                                   ; 3.3-V LVTTL                       ; QSF Assignment ;
; I/O Standard                                              ; test_top       ;              ; GPIO_0[19]                                                                                   ; 3.3-V LVTTL                       ; QSF Assignment ;
; I/O Standard                                              ; test_top       ;              ; GPIO_0[1]                                                                                    ; 3.3-V LVTTL                       ; QSF Assignment ;
; I/O Standard                                              ; test_top       ;              ; GPIO_0[20]                                                                                   ; 3.3-V LVTTL                       ; QSF Assignment ;
; I/O Standard                                              ; test_top       ;              ; GPIO_0[21]                                                                                   ; 3.3-V LVTTL                       ; QSF Assignment ;
; I/O Standard                                              ; test_top       ;              ; GPIO_0[22]                                                                                   ; 3.3-V LVTTL                       ; QSF Assignment ;
; I/O Standard                                              ; test_top       ;              ; GPIO_0[23]                                                                                   ; 3.3-V LVTTL                       ; QSF Assignment ;
; I/O Standard                                              ; test_top       ;              ; GPIO_0[24]                                                                                   ; 3.3-V LVTTL                       ; QSF Assignment ;
; I/O Standard                                              ; test_top       ;              ; GPIO_0[25]                                                                                   ; 3.3-V LVTTL                       ; QSF Assignment ;
; I/O Standard                                              ; test_top       ;              ; GPIO_0[26]                                                                                   ; 3.3-V LVTTL                       ; QSF Assignment ;
; I/O Standard                                              ; test_top       ;              ; GPIO_0[27]                                                                                   ; 3.3-V LVTTL                       ; QSF Assignment ;
; I/O Standard                                              ; test_top       ;              ; GPIO_0[28]                                                                                   ; 3.3-V LVTTL                       ; QSF Assignment ;
; I/O Standard                                              ; test_top       ;              ; GPIO_0[29]                                                                                   ; 3.3-V LVTTL                       ; QSF Assignment ;
; I/O Standard                                              ; test_top       ;              ; GPIO_0[2]                                                                                    ; 3.3-V LVTTL                       ; QSF Assignment ;
; I/O Standard                                              ; test_top       ;              ; GPIO_0[30]                                                                                   ; 3.3-V LVTTL                       ; QSF Assignment ;
; I/O Standard                                              ; test_top       ;              ; GPIO_0[31]                                                                                   ; 3.3-V LVTTL                       ; QSF Assignment ;
; I/O Standard                                              ; test_top       ;              ; GPIO_0[32]                                                                                   ; 3.3-V LVTTL                       ; QSF Assignment ;
; I/O Standard                                              ; test_top       ;              ; GPIO_0[33]                                                                                   ; 3.3-V LVTTL                       ; QSF Assignment ;
; I/O Standard                                              ; test_top       ;              ; GPIO_0[34]                                                                                   ; 3.3-V LVTTL                       ; QSF Assignment ;
; I/O Standard                                              ; test_top       ;              ; GPIO_0[35]                                                                                   ; 3.3-V LVTTL                       ; QSF Assignment ;
; I/O Standard                                              ; test_top       ;              ; GPIO_0[3]                                                                                    ; 3.3-V LVTTL                       ; QSF Assignment ;
; I/O Standard                                              ; test_top       ;              ; GPIO_0[4]                                                                                    ; 3.3-V LVTTL                       ; QSF Assignment ;
; I/O Standard                                              ; test_top       ;              ; GPIO_0[5]                                                                                    ; 3.3-V LVTTL                       ; QSF Assignment ;
; I/O Standard                                              ; test_top       ;              ; GPIO_0[6]                                                                                    ; 3.3-V LVTTL                       ; QSF Assignment ;
; I/O Standard                                              ; test_top       ;              ; GPIO_0[7]                                                                                    ; 3.3-V LVTTL                       ; QSF Assignment ;
; I/O Standard                                              ; test_top       ;              ; GPIO_0[8]                                                                                    ; 3.3-V LVTTL                       ; QSF Assignment ;
; I/O Standard                                              ; test_top       ;              ; GPIO_0[9]                                                                                    ; 3.3-V LVTTL                       ; QSF Assignment ;
; I/O Standard                                              ; test_top       ;              ; GPIO_1[0]                                                                                    ; 3.3-V LVTTL                       ; QSF Assignment ;
; I/O Standard                                              ; test_top       ;              ; GPIO_1[10]                                                                                   ; 3.3-V LVTTL                       ; QSF Assignment ;
; I/O Standard                                              ; test_top       ;              ; GPIO_1[11]                                                                                   ; 3.3-V LVTTL                       ; QSF Assignment ;
; I/O Standard                                              ; test_top       ;              ; GPIO_1[12]                                                                                   ; 3.3-V LVTTL                       ; QSF Assignment ;
; I/O Standard                                              ; test_top       ;              ; GPIO_1[13]                                                                                   ; 3.3-V LVTTL                       ; QSF Assignment ;
; I/O Standard                                              ; test_top       ;              ; GPIO_1[14]                                                                                   ; 3.3-V LVTTL                       ; QSF Assignment ;
; I/O Standard                                              ; test_top       ;              ; GPIO_1[15]                                                                                   ; 3.3-V LVTTL                       ; QSF Assignment ;
; I/O Standard                                              ; test_top       ;              ; GPIO_1[16]                                                                                   ; 3.3-V LVTTL                       ; QSF Assignment ;
; I/O Standard                                              ; test_top       ;              ; GPIO_1[17]                                                                                   ; 3.3-V LVTTL                       ; QSF Assignment ;
; I/O Standard                                              ; test_top       ;              ; GPIO_1[18]                                                                                   ; 3.3-V LVTTL                       ; QSF Assignment ;
; I/O Standard                                              ; test_top       ;              ; GPIO_1[19]                                                                                   ; 3.3-V LVTTL                       ; QSF Assignment ;
; I/O Standard                                              ; test_top       ;              ; GPIO_1[1]                                                                                    ; 3.3-V LVTTL                       ; QSF Assignment ;
; I/O Standard                                              ; test_top       ;              ; GPIO_1[20]                                                                                   ; 3.3-V LVTTL                       ; QSF Assignment ;
; I/O Standard                                              ; test_top       ;              ; GPIO_1[21]                                                                                   ; 3.3-V LVTTL                       ; QSF Assignment ;
; I/O Standard                                              ; test_top       ;              ; GPIO_1[22]                                                                                   ; 3.3-V LVTTL                       ; QSF Assignment ;
; I/O Standard                                              ; test_top       ;              ; GPIO_1[23]                                                                                   ; 3.3-V LVTTL                       ; QSF Assignment ;
; I/O Standard                                              ; test_top       ;              ; GPIO_1[24]                                                                                   ; 3.3-V LVTTL                       ; QSF Assignment ;
; I/O Standard                                              ; test_top       ;              ; GPIO_1[25]                                                                                   ; 3.3-V LVTTL                       ; QSF Assignment ;
; I/O Standard                                              ; test_top       ;              ; GPIO_1[26]                                                                                   ; 3.3-V LVTTL                       ; QSF Assignment ;
; I/O Standard                                              ; test_top       ;              ; GPIO_1[27]                                                                                   ; 3.3-V LVTTL                       ; QSF Assignment ;
; I/O Standard                                              ; test_top       ;              ; GPIO_1[28]                                                                                   ; 3.3-V LVTTL                       ; QSF Assignment ;
; I/O Standard                                              ; test_top       ;              ; GPIO_1[29]                                                                                   ; 3.3-V LVTTL                       ; QSF Assignment ;
; I/O Standard                                              ; test_top       ;              ; GPIO_1[2]                                                                                    ; 3.3-V LVTTL                       ; QSF Assignment ;
; I/O Standard                                              ; test_top       ;              ; GPIO_1[30]                                                                                   ; 3.3-V LVTTL                       ; QSF Assignment ;
; I/O Standard                                              ; test_top       ;              ; GPIO_1[31]                                                                                   ; 3.3-V LVTTL                       ; QSF Assignment ;
; I/O Standard                                              ; test_top       ;              ; GPIO_1[32]                                                                                   ; 3.3-V LVTTL                       ; QSF Assignment ;
; I/O Standard                                              ; test_top       ;              ; GPIO_1[33]                                                                                   ; 3.3-V LVTTL                       ; QSF Assignment ;
; I/O Standard                                              ; test_top       ;              ; GPIO_1[34]                                                                                   ; 3.3-V LVTTL                       ; QSF Assignment ;
; I/O Standard                                              ; test_top       ;              ; GPIO_1[35]                                                                                   ; 3.3-V LVTTL                       ; QSF Assignment ;
; I/O Standard                                              ; test_top       ;              ; GPIO_1[3]                                                                                    ; 3.3-V LVTTL                       ; QSF Assignment ;
; I/O Standard                                              ; test_top       ;              ; GPIO_1[4]                                                                                    ; 3.3-V LVTTL                       ; QSF Assignment ;
; I/O Standard                                              ; test_top       ;              ; GPIO_1[5]                                                                                    ; 3.3-V LVTTL                       ; QSF Assignment ;
; I/O Standard                                              ; test_top       ;              ; GPIO_1[6]                                                                                    ; 3.3-V LVTTL                       ; QSF Assignment ;
; I/O Standard                                              ; test_top       ;              ; GPIO_1[7]                                                                                    ; 3.3-V LVTTL                       ; QSF Assignment ;
; I/O Standard                                              ; test_top       ;              ; GPIO_1[8]                                                                                    ; 3.3-V LVTTL                       ; QSF Assignment ;
; I/O Standard                                              ; test_top       ;              ; GPIO_1[9]                                                                                    ; 3.3-V LVTTL                       ; QSF Assignment ;
; I/O Standard                                              ; test_top       ;              ; HEX0[0]                                                                                      ; 3.3-V LVTTL                       ; QSF Assignment ;
; I/O Standard                                              ; test_top       ;              ; HEX0[1]                                                                                      ; 3.3-V LVTTL                       ; QSF Assignment ;
; I/O Standard                                              ; test_top       ;              ; HEX0[2]                                                                                      ; 3.3-V LVTTL                       ; QSF Assignment ;
; I/O Standard                                              ; test_top       ;              ; HEX0[3]                                                                                      ; 3.3-V LVTTL                       ; QSF Assignment ;
; I/O Standard                                              ; test_top       ;              ; HEX0[4]                                                                                      ; 3.3-V LVTTL                       ; QSF Assignment ;
; I/O Standard                                              ; test_top       ;              ; HEX0[5]                                                                                      ; 3.3-V LVTTL                       ; QSF Assignment ;
; I/O Standard                                              ; test_top       ;              ; HEX0[6]                                                                                      ; 3.3-V LVTTL                       ; QSF Assignment ;
; I/O Standard                                              ; test_top       ;              ; HEX1[0]                                                                                      ; 3.3-V LVTTL                       ; QSF Assignment ;
; I/O Standard                                              ; test_top       ;              ; HEX1[1]                                                                                      ; 3.3-V LVTTL                       ; QSF Assignment ;
; I/O Standard                                              ; test_top       ;              ; HEX1[2]                                                                                      ; 3.3-V LVTTL                       ; QSF Assignment ;
; I/O Standard                                              ; test_top       ;              ; HEX1[3]                                                                                      ; 3.3-V LVTTL                       ; QSF Assignment ;
; I/O Standard                                              ; test_top       ;              ; HEX1[4]                                                                                      ; 3.3-V LVTTL                       ; QSF Assignment ;
; I/O Standard                                              ; test_top       ;              ; HEX1[5]                                                                                      ; 3.3-V LVTTL                       ; QSF Assignment ;
; I/O Standard                                              ; test_top       ;              ; HEX1[6]                                                                                      ; 3.3-V LVTTL                       ; QSF Assignment ;
; I/O Standard                                              ; test_top       ;              ; HEX2[0]                                                                                      ; 3.3-V LVTTL                       ; QSF Assignment ;
; I/O Standard                                              ; test_top       ;              ; HEX2[1]                                                                                      ; 3.3-V LVTTL                       ; QSF Assignment ;
; I/O Standard                                              ; test_top       ;              ; HEX2[2]                                                                                      ; 3.3-V LVTTL                       ; QSF Assignment ;
; I/O Standard                                              ; test_top       ;              ; HEX2[3]                                                                                      ; 3.3-V LVTTL                       ; QSF Assignment ;
; I/O Standard                                              ; test_top       ;              ; HEX2[4]                                                                                      ; 3.3-V LVTTL                       ; QSF Assignment ;
; I/O Standard                                              ; test_top       ;              ; HEX2[5]                                                                                      ; 3.3-V LVTTL                       ; QSF Assignment ;
; I/O Standard                                              ; test_top       ;              ; HEX2[6]                                                                                      ; 3.3-V LVTTL                       ; QSF Assignment ;
; I/O Standard                                              ; test_top       ;              ; HEX3[0]                                                                                      ; 3.3-V LVTTL                       ; QSF Assignment ;
; I/O Standard                                              ; test_top       ;              ; HEX3[1]                                                                                      ; 3.3-V LVTTL                       ; QSF Assignment ;
; I/O Standard                                              ; test_top       ;              ; HEX3[2]                                                                                      ; 3.3-V LVTTL                       ; QSF Assignment ;
; I/O Standard                                              ; test_top       ;              ; HEX3[3]                                                                                      ; 3.3-V LVTTL                       ; QSF Assignment ;
; I/O Standard                                              ; test_top       ;              ; HEX3[4]                                                                                      ; 3.3-V LVTTL                       ; QSF Assignment ;
; I/O Standard                                              ; test_top       ;              ; HEX3[5]                                                                                      ; 3.3-V LVTTL                       ; QSF Assignment ;
; I/O Standard                                              ; test_top       ;              ; HEX3[6]                                                                                      ; 3.3-V LVTTL                       ; QSF Assignment ;
; I/O Standard                                              ; test_top       ;              ; HEX4[0]                                                                                      ; 3.3-V LVTTL                       ; QSF Assignment ;
; I/O Standard                                              ; test_top       ;              ; HEX4[1]                                                                                      ; 3.3-V LVTTL                       ; QSF Assignment ;
; I/O Standard                                              ; test_top       ;              ; HEX4[2]                                                                                      ; 3.3-V LVTTL                       ; QSF Assignment ;
; I/O Standard                                              ; test_top       ;              ; HEX4[3]                                                                                      ; 3.3-V LVTTL                       ; QSF Assignment ;
; I/O Standard                                              ; test_top       ;              ; HEX4[4]                                                                                      ; 3.3-V LVTTL                       ; QSF Assignment ;
; I/O Standard                                              ; test_top       ;              ; HEX4[5]                                                                                      ; 3.3-V LVTTL                       ; QSF Assignment ;
; I/O Standard                                              ; test_top       ;              ; HEX4[6]                                                                                      ; 3.3-V LVTTL                       ; QSF Assignment ;
; I/O Standard                                              ; test_top       ;              ; HEX5[0]                                                                                      ; 3.3-V LVTTL                       ; QSF Assignment ;
; I/O Standard                                              ; test_top       ;              ; HEX5[1]                                                                                      ; 3.3-V LVTTL                       ; QSF Assignment ;
; I/O Standard                                              ; test_top       ;              ; HEX5[2]                                                                                      ; 3.3-V LVTTL                       ; QSF Assignment ;
; I/O Standard                                              ; test_top       ;              ; HEX5[3]                                                                                      ; 3.3-V LVTTL                       ; QSF Assignment ;
; I/O Standard                                              ; test_top       ;              ; HEX5[4]                                                                                      ; 3.3-V LVTTL                       ; QSF Assignment ;
; I/O Standard                                              ; test_top       ;              ; HEX5[5]                                                                                      ; 3.3-V LVTTL                       ; QSF Assignment ;
; I/O Standard                                              ; test_top       ;              ; HEX5[6]                                                                                      ; 3.3-V LVTTL                       ; QSF Assignment ;
; I/O Standard                                              ; test_top       ;              ; HPS_CONV_USB_N                                                                               ; 3.3-V LVTTL                       ; QSF Assignment ;
; I/O Standard                                              ; test_top       ;              ; HPS_DDR3_ADDR[0]                                                                             ; SSTL-15 CLASS I                   ; QSF Assignment ;
; I/O Standard                                              ; test_top       ;              ; HPS_DDR3_ADDR[10]                                                                            ; SSTL-15 CLASS I                   ; QSF Assignment ;
; I/O Standard                                              ; test_top       ;              ; HPS_DDR3_ADDR[11]                                                                            ; SSTL-15 CLASS I                   ; QSF Assignment ;
; I/O Standard                                              ; test_top       ;              ; HPS_DDR3_ADDR[12]                                                                            ; SSTL-15 CLASS I                   ; QSF Assignment ;
; I/O Standard                                              ; test_top       ;              ; HPS_DDR3_ADDR[13]                                                                            ; SSTL-15 CLASS I                   ; QSF Assignment ;
; I/O Standard                                              ; test_top       ;              ; HPS_DDR3_ADDR[14]                                                                            ; SSTL-15 CLASS I                   ; QSF Assignment ;
; I/O Standard                                              ; test_top       ;              ; HPS_DDR3_ADDR[1]                                                                             ; SSTL-15 CLASS I                   ; QSF Assignment ;
; I/O Standard                                              ; test_top       ;              ; HPS_DDR3_ADDR[2]                                                                             ; SSTL-15 CLASS I                   ; QSF Assignment ;
; I/O Standard                                              ; test_top       ;              ; HPS_DDR3_ADDR[3]                                                                             ; SSTL-15 CLASS I                   ; QSF Assignment ;
; I/O Standard                                              ; test_top       ;              ; HPS_DDR3_ADDR[4]                                                                             ; SSTL-15 CLASS I                   ; QSF Assignment ;
; I/O Standard                                              ; test_top       ;              ; HPS_DDR3_ADDR[5]                                                                             ; SSTL-15 CLASS I                   ; QSF Assignment ;
; I/O Standard                                              ; test_top       ;              ; HPS_DDR3_ADDR[6]                                                                             ; SSTL-15 CLASS I                   ; QSF Assignment ;
; I/O Standard                                              ; test_top       ;              ; HPS_DDR3_ADDR[7]                                                                             ; SSTL-15 CLASS I                   ; QSF Assignment ;
; I/O Standard                                              ; test_top       ;              ; HPS_DDR3_ADDR[8]                                                                             ; SSTL-15 CLASS I                   ; QSF Assignment ;
; I/O Standard                                              ; test_top       ;              ; HPS_DDR3_ADDR[9]                                                                             ; SSTL-15 CLASS I                   ; QSF Assignment ;
; I/O Standard                                              ; test_top       ;              ; HPS_DDR3_BA[0]                                                                               ; SSTL-15 CLASS I                   ; QSF Assignment ;
; I/O Standard                                              ; test_top       ;              ; HPS_DDR3_BA[1]                                                                               ; SSTL-15 CLASS I                   ; QSF Assignment ;
; I/O Standard                                              ; test_top       ;              ; HPS_DDR3_BA[2]                                                                               ; SSTL-15 CLASS I                   ; QSF Assignment ;
; I/O Standard                                              ; test_top       ;              ; HPS_DDR3_CAS_N                                                                               ; SSTL-15 CLASS I                   ; QSF Assignment ;
; I/O Standard                                              ; test_top       ;              ; HPS_DDR3_CKE                                                                                 ; SSTL-15 CLASS I                   ; QSF Assignment ;
; I/O Standard                                              ; test_top       ;              ; HPS_DDR3_CK_N                                                                                ; DIFFERENTIAL 1.5-V SSTL CLASS I   ; QSF Assignment ;
; I/O Standard                                              ; test_top       ;              ; HPS_DDR3_CK_P                                                                                ; DIFFERENTIAL 1.5-V SSTL CLASS I   ; QSF Assignment ;
; I/O Standard                                              ; test_top       ;              ; HPS_DDR3_CS_N                                                                                ; SSTL-15 CLASS I                   ; QSF Assignment ;
; I/O Standard                                              ; test_top       ;              ; HPS_DDR3_DM[0]                                                                               ; SSTL-15 CLASS I                   ; QSF Assignment ;
; I/O Standard                                              ; test_top       ;              ; HPS_DDR3_DM[1]                                                                               ; SSTL-15 CLASS I                   ; QSF Assignment ;
; I/O Standard                                              ; test_top       ;              ; HPS_DDR3_DM[2]                                                                               ; SSTL-15 CLASS I                   ; QSF Assignment ;
; I/O Standard                                              ; test_top       ;              ; HPS_DDR3_DM[3]                                                                               ; SSTL-15 CLASS I                   ; QSF Assignment ;
; I/O Standard                                              ; test_top       ;              ; HPS_DDR3_DQS_N[0]                                                                            ; DIFFERENTIAL 1.5-V SSTL CLASS I   ; QSF Assignment ;
; I/O Standard                                              ; test_top       ;              ; HPS_DDR3_DQS_N[1]                                                                            ; DIFFERENTIAL 1.5-V SSTL CLASS I   ; QSF Assignment ;
; I/O Standard                                              ; test_top       ;              ; HPS_DDR3_DQS_N[2]                                                                            ; DIFFERENTIAL 1.5-V SSTL CLASS I   ; QSF Assignment ;
; I/O Standard                                              ; test_top       ;              ; HPS_DDR3_DQS_N[3]                                                                            ; DIFFERENTIAL 1.5-V SSTL CLASS I   ; QSF Assignment ;
; I/O Standard                                              ; test_top       ;              ; HPS_DDR3_DQS_P[0]                                                                            ; DIFFERENTIAL 1.5-V SSTL CLASS I   ; QSF Assignment ;
; I/O Standard                                              ; test_top       ;              ; HPS_DDR3_DQS_P[1]                                                                            ; DIFFERENTIAL 1.5-V SSTL CLASS I   ; QSF Assignment ;
; I/O Standard                                              ; test_top       ;              ; HPS_DDR3_DQS_P[2]                                                                            ; DIFFERENTIAL 1.5-V SSTL CLASS I   ; QSF Assignment ;
; I/O Standard                                              ; test_top       ;              ; HPS_DDR3_DQS_P[3]                                                                            ; DIFFERENTIAL 1.5-V SSTL CLASS I   ; QSF Assignment ;
; I/O Standard                                              ; test_top       ;              ; HPS_DDR3_DQ[0]                                                                               ; SSTL-15 CLASS I                   ; QSF Assignment ;
; I/O Standard                                              ; test_top       ;              ; HPS_DDR3_DQ[10]                                                                              ; SSTL-15 CLASS I                   ; QSF Assignment ;
; I/O Standard                                              ; test_top       ;              ; HPS_DDR3_DQ[11]                                                                              ; SSTL-15 CLASS I                   ; QSF Assignment ;
; I/O Standard                                              ; test_top       ;              ; HPS_DDR3_DQ[12]                                                                              ; SSTL-15 CLASS I                   ; QSF Assignment ;
; I/O Standard                                              ; test_top       ;              ; HPS_DDR3_DQ[13]                                                                              ; SSTL-15 CLASS I                   ; QSF Assignment ;
; I/O Standard                                              ; test_top       ;              ; HPS_DDR3_DQ[14]                                                                              ; SSTL-15 CLASS I                   ; QSF Assignment ;
; I/O Standard                                              ; test_top       ;              ; HPS_DDR3_DQ[15]                                                                              ; SSTL-15 CLASS I                   ; QSF Assignment ;
; I/O Standard                                              ; test_top       ;              ; HPS_DDR3_DQ[16]                                                                              ; SSTL-15 CLASS I                   ; QSF Assignment ;
; I/O Standard                                              ; test_top       ;              ; HPS_DDR3_DQ[17]                                                                              ; SSTL-15 CLASS I                   ; QSF Assignment ;
; I/O Standard                                              ; test_top       ;              ; HPS_DDR3_DQ[18]                                                                              ; SSTL-15 CLASS I                   ; QSF Assignment ;
; I/O Standard                                              ; test_top       ;              ; HPS_DDR3_DQ[19]                                                                              ; SSTL-15 CLASS I                   ; QSF Assignment ;
; I/O Standard                                              ; test_top       ;              ; HPS_DDR3_DQ[1]                                                                               ; SSTL-15 CLASS I                   ; QSF Assignment ;
; I/O Standard                                              ; test_top       ;              ; HPS_DDR3_DQ[20]                                                                              ; SSTL-15 CLASS I                   ; QSF Assignment ;
; I/O Standard                                              ; test_top       ;              ; HPS_DDR3_DQ[21]                                                                              ; SSTL-15 CLASS I                   ; QSF Assignment ;
; I/O Standard                                              ; test_top       ;              ; HPS_DDR3_DQ[22]                                                                              ; SSTL-15 CLASS I                   ; QSF Assignment ;
; I/O Standard                                              ; test_top       ;              ; HPS_DDR3_DQ[23]                                                                              ; SSTL-15 CLASS I                   ; QSF Assignment ;
; I/O Standard                                              ; test_top       ;              ; HPS_DDR3_DQ[24]                                                                              ; SSTL-15 CLASS I                   ; QSF Assignment ;
; I/O Standard                                              ; test_top       ;              ; HPS_DDR3_DQ[25]                                                                              ; SSTL-15 CLASS I                   ; QSF Assignment ;
; I/O Standard                                              ; test_top       ;              ; HPS_DDR3_DQ[26]                                                                              ; SSTL-15 CLASS I                   ; QSF Assignment ;
; I/O Standard                                              ; test_top       ;              ; HPS_DDR3_DQ[27]                                                                              ; SSTL-15 CLASS I                   ; QSF Assignment ;
; I/O Standard                                              ; test_top       ;              ; HPS_DDR3_DQ[28]                                                                              ; SSTL-15 CLASS I                   ; QSF Assignment ;
; I/O Standard                                              ; test_top       ;              ; HPS_DDR3_DQ[29]                                                                              ; SSTL-15 CLASS I                   ; QSF Assignment ;
; I/O Standard                                              ; test_top       ;              ; HPS_DDR3_DQ[2]                                                                               ; SSTL-15 CLASS I                   ; QSF Assignment ;
; I/O Standard                                              ; test_top       ;              ; HPS_DDR3_DQ[30]                                                                              ; SSTL-15 CLASS I                   ; QSF Assignment ;
; I/O Standard                                              ; test_top       ;              ; HPS_DDR3_DQ[31]                                                                              ; SSTL-15 CLASS I                   ; QSF Assignment ;
; I/O Standard                                              ; test_top       ;              ; HPS_DDR3_DQ[3]                                                                               ; SSTL-15 CLASS I                   ; QSF Assignment ;
; I/O Standard                                              ; test_top       ;              ; HPS_DDR3_DQ[4]                                                                               ; SSTL-15 CLASS I                   ; QSF Assignment ;
; I/O Standard                                              ; test_top       ;              ; HPS_DDR3_DQ[5]                                                                               ; SSTL-15 CLASS I                   ; QSF Assignment ;
; I/O Standard                                              ; test_top       ;              ; HPS_DDR3_DQ[6]                                                                               ; SSTL-15 CLASS I                   ; QSF Assignment ;
; I/O Standard                                              ; test_top       ;              ; HPS_DDR3_DQ[7]                                                                               ; SSTL-15 CLASS I                   ; QSF Assignment ;
; I/O Standard                                              ; test_top       ;              ; HPS_DDR3_DQ[8]                                                                               ; SSTL-15 CLASS I                   ; QSF Assignment ;
; I/O Standard                                              ; test_top       ;              ; HPS_DDR3_DQ[9]                                                                               ; SSTL-15 CLASS I                   ; QSF Assignment ;
; I/O Standard                                              ; test_top       ;              ; HPS_DDR3_ODT                                                                                 ; SSTL-15 CLASS I                   ; QSF Assignment ;
; I/O Standard                                              ; test_top       ;              ; HPS_DDR3_RAS_N                                                                               ; SSTL-15 CLASS I                   ; QSF Assignment ;
; I/O Standard                                              ; test_top       ;              ; HPS_DDR3_RESET_N                                                                             ; SSTL-15 CLASS I                   ; QSF Assignment ;
; I/O Standard                                              ; test_top       ;              ; HPS_DDR3_RZQ                                                                                 ; SSTL-15 CLASS I                   ; QSF Assignment ;
; I/O Standard                                              ; test_top       ;              ; HPS_DDR3_WE_N                                                                                ; SSTL-15 CLASS I                   ; QSF Assignment ;
; I/O Standard                                              ; test_top       ;              ; HPS_ENET_GTX_CLK                                                                             ; 3.3-V LVTTL                       ; QSF Assignment ;
; I/O Standard                                              ; test_top       ;              ; HPS_ENET_INT_N                                                                               ; 3.3-V LVTTL                       ; QSF Assignment ;
; I/O Standard                                              ; test_top       ;              ; HPS_ENET_MDC                                                                                 ; 3.3-V LVTTL                       ; QSF Assignment ;
; I/O Standard                                              ; test_top       ;              ; HPS_ENET_MDIO                                                                                ; 3.3-V LVTTL                       ; QSF Assignment ;
; I/O Standard                                              ; test_top       ;              ; HPS_ENET_RX_CLK                                                                              ; 3.3-V LVTTL                       ; QSF Assignment ;
; I/O Standard                                              ; test_top       ;              ; HPS_ENET_RX_DATA[0]                                                                          ; 3.3-V LVTTL                       ; QSF Assignment ;
; I/O Standard                                              ; test_top       ;              ; HPS_ENET_RX_DATA[1]                                                                          ; 3.3-V LVTTL                       ; QSF Assignment ;
; I/O Standard                                              ; test_top       ;              ; HPS_ENET_RX_DATA[2]                                                                          ; 3.3-V LVTTL                       ; QSF Assignment ;
; I/O Standard                                              ; test_top       ;              ; HPS_ENET_RX_DATA[3]                                                                          ; 3.3-V LVTTL                       ; QSF Assignment ;
; I/O Standard                                              ; test_top       ;              ; HPS_ENET_RX_DV                                                                               ; 3.3-V LVTTL                       ; QSF Assignment ;
; I/O Standard                                              ; test_top       ;              ; HPS_ENET_TX_DATA[0]                                                                          ; 3.3-V LVTTL                       ; QSF Assignment ;
; I/O Standard                                              ; test_top       ;              ; HPS_ENET_TX_DATA[1]                                                                          ; 3.3-V LVTTL                       ; QSF Assignment ;
; I/O Standard                                              ; test_top       ;              ; HPS_ENET_TX_DATA[2]                                                                          ; 3.3-V LVTTL                       ; QSF Assignment ;
; I/O Standard                                              ; test_top       ;              ; HPS_ENET_TX_DATA[3]                                                                          ; 3.3-V LVTTL                       ; QSF Assignment ;
; I/O Standard                                              ; test_top       ;              ; HPS_ENET_TX_EN                                                                               ; 3.3-V LVTTL                       ; QSF Assignment ;
; I/O Standard                                              ; test_top       ;              ; HPS_FLASH_DATA[0]                                                                            ; 3.3-V LVTTL                       ; QSF Assignment ;
; I/O Standard                                              ; test_top       ;              ; HPS_FLASH_DATA[1]                                                                            ; 3.3-V LVTTL                       ; QSF Assignment ;
; I/O Standard                                              ; test_top       ;              ; HPS_FLASH_DATA[2]                                                                            ; 3.3-V LVTTL                       ; QSF Assignment ;
; I/O Standard                                              ; test_top       ;              ; HPS_FLASH_DATA[3]                                                                            ; 3.3-V LVTTL                       ; QSF Assignment ;
; I/O Standard                                              ; test_top       ;              ; HPS_FLASH_DCLK                                                                               ; 3.3-V LVTTL                       ; QSF Assignment ;
; I/O Standard                                              ; test_top       ;              ; HPS_FLASH_NCSO                                                                               ; 3.3-V LVTTL                       ; QSF Assignment ;
; I/O Standard                                              ; test_top       ;              ; HPS_GSENSOR_INT                                                                              ; 3.3-V LVTTL                       ; QSF Assignment ;
; I/O Standard                                              ; test_top       ;              ; HPS_I2C1_SCLK                                                                                ; 3.3-V LVTTL                       ; QSF Assignment ;
; I/O Standard                                              ; test_top       ;              ; HPS_I2C1_SDAT                                                                                ; 3.3-V LVTTL                       ; QSF Assignment ;
; I/O Standard                                              ; test_top       ;              ; HPS_I2C2_SCLK                                                                                ; 3.3-V LVTTL                       ; QSF Assignment ;
; I/O Standard                                              ; test_top       ;              ; HPS_I2C2_SDAT                                                                                ; 3.3-V LVTTL                       ; QSF Assignment ;
; I/O Standard                                              ; test_top       ;              ; HPS_I2C_CONTROL                                                                              ; 3.3-V LVTTL                       ; QSF Assignment ;
; I/O Standard                                              ; test_top       ;              ; HPS_KEY                                                                                      ; 3.3-V LVTTL                       ; QSF Assignment ;
; I/O Standard                                              ; test_top       ;              ; HPS_LED                                                                                      ; 3.3-V LVTTL                       ; QSF Assignment ;
; I/O Standard                                              ; test_top       ;              ; HPS_LTC_GPIO                                                                                 ; 3.3-V LVTTL                       ; QSF Assignment ;
; I/O Standard                                              ; test_top       ;              ; HPS_SD_CLK                                                                                   ; 3.3-V LVTTL                       ; QSF Assignment ;
; I/O Standard                                              ; test_top       ;              ; HPS_SD_CMD                                                                                   ; 3.3-V LVTTL                       ; QSF Assignment ;
; I/O Standard                                              ; test_top       ;              ; HPS_SD_DATA[0]                                                                               ; 3.3-V LVTTL                       ; QSF Assignment ;
; I/O Standard                                              ; test_top       ;              ; HPS_SD_DATA[1]                                                                               ; 3.3-V LVTTL                       ; QSF Assignment ;
; I/O Standard                                              ; test_top       ;              ; HPS_SD_DATA[2]                                                                               ; 3.3-V LVTTL                       ; QSF Assignment ;
; I/O Standard                                              ; test_top       ;              ; HPS_SD_DATA[3]                                                                               ; 3.3-V LVTTL                       ; QSF Assignment ;
; I/O Standard                                              ; test_top       ;              ; HPS_SPIM_CLK                                                                                 ; 3.3-V LVTTL                       ; QSF Assignment ;
; I/O Standard                                              ; test_top       ;              ; HPS_SPIM_MISO                                                                                ; 3.3-V LVTTL                       ; QSF Assignment ;
; I/O Standard                                              ; test_top       ;              ; HPS_SPIM_MOSI                                                                                ; 3.3-V LVTTL                       ; QSF Assignment ;
; I/O Standard                                              ; test_top       ;              ; HPS_SPIM_SS                                                                                  ; 3.3-V LVTTL                       ; QSF Assignment ;
; I/O Standard                                              ; test_top       ;              ; HPS_UART_RX                                                                                  ; 3.3-V LVTTL                       ; QSF Assignment ;
; I/O Standard                                              ; test_top       ;              ; HPS_UART_TX                                                                                  ; 3.3-V LVTTL                       ; QSF Assignment ;
; I/O Standard                                              ; test_top       ;              ; HPS_USB_CLKOUT                                                                               ; 3.3-V LVTTL                       ; QSF Assignment ;
; I/O Standard                                              ; test_top       ;              ; HPS_USB_DATA[0]                                                                              ; 3.3-V LVTTL                       ; QSF Assignment ;
; I/O Standard                                              ; test_top       ;              ; HPS_USB_DATA[1]                                                                              ; 3.3-V LVTTL                       ; QSF Assignment ;
; I/O Standard                                              ; test_top       ;              ; HPS_USB_DATA[2]                                                                              ; 3.3-V LVTTL                       ; QSF Assignment ;
; I/O Standard                                              ; test_top       ;              ; HPS_USB_DATA[3]                                                                              ; 3.3-V LVTTL                       ; QSF Assignment ;
; I/O Standard                                              ; test_top       ;              ; HPS_USB_DATA[4]                                                                              ; 3.3-V LVTTL                       ; QSF Assignment ;
; I/O Standard                                              ; test_top       ;              ; HPS_USB_DATA[5]                                                                              ; 3.3-V LVTTL                       ; QSF Assignment ;
; I/O Standard                                              ; test_top       ;              ; HPS_USB_DATA[6]                                                                              ; 3.3-V LVTTL                       ; QSF Assignment ;
; I/O Standard                                              ; test_top       ;              ; HPS_USB_DATA[7]                                                                              ; 3.3-V LVTTL                       ; QSF Assignment ;
; I/O Standard                                              ; test_top       ;              ; HPS_USB_DIR                                                                                  ; 3.3-V LVTTL                       ; QSF Assignment ;
; I/O Standard                                              ; test_top       ;              ; HPS_USB_NXT                                                                                  ; 3.3-V LVTTL                       ; QSF Assignment ;
; I/O Standard                                              ; test_top       ;              ; HPS_USB_STP                                                                                  ; 3.3-V LVTTL                       ; QSF Assignment ;
; I/O Standard                                              ; test_top       ;              ; IRDA_RXD                                                                                     ; 3.3-V LVTTL                       ; QSF Assignment ;
; I/O Standard                                              ; test_top       ;              ; IRDA_TXD                                                                                     ; 3.3-V LVTTL                       ; QSF Assignment ;
; I/O Standard                                              ; test_top       ;              ; KEY[0]                                                                                       ; 3.3-V LVTTL                       ; QSF Assignment ;
; I/O Standard                                              ; test_top       ;              ; KEY[1]                                                                                       ; 3.3-V LVTTL                       ; QSF Assignment ;
; I/O Standard                                              ; test_top       ;              ; KEY[2]                                                                                       ; 3.3-V LVTTL                       ; QSF Assignment ;
; I/O Standard                                              ; test_top       ;              ; KEY[3]                                                                                       ; 3.3-V LVTTL                       ; QSF Assignment ;
; I/O Standard                                              ; test_top       ;              ; LEDR[0]                                                                                      ; 3.3-V LVTTL                       ; QSF Assignment ;
; I/O Standard                                              ; test_top       ;              ; LEDR[1]                                                                                      ; 3.3-V LVTTL                       ; QSF Assignment ;
; I/O Standard                                              ; test_top       ;              ; LEDR[2]                                                                                      ; 3.3-V LVTTL                       ; QSF Assignment ;
; I/O Standard                                              ; test_top       ;              ; LEDR[3]                                                                                      ; 3.3-V LVTTL                       ; QSF Assignment ;
; I/O Standard                                              ; test_top       ;              ; LEDR[4]                                                                                      ; 3.3-V LVTTL                       ; QSF Assignment ;
; I/O Standard                                              ; test_top       ;              ; LEDR[5]                                                                                      ; 3.3-V LVTTL                       ; QSF Assignment ;
; I/O Standard                                              ; test_top       ;              ; LEDR[6]                                                                                      ; 3.3-V LVTTL                       ; QSF Assignment ;
; I/O Standard                                              ; test_top       ;              ; LEDR[7]                                                                                      ; 3.3-V LVTTL                       ; QSF Assignment ;
; I/O Standard                                              ; test_top       ;              ; LEDR[8]                                                                                      ; 3.3-V LVTTL                       ; QSF Assignment ;
; I/O Standard                                              ; test_top       ;              ; LEDR[9]                                                                                      ; 3.3-V LVTTL                       ; QSF Assignment ;
; I/O Standard                                              ; test_top       ;              ; PS2_CLK                                                                                      ; 3.3-V LVTTL                       ; QSF Assignment ;
; I/O Standard                                              ; test_top       ;              ; PS2_CLK2                                                                                     ; 3.3-V LVTTL                       ; QSF Assignment ;
; I/O Standard                                              ; test_top       ;              ; PS2_DAT                                                                                      ; 3.3-V LVTTL                       ; QSF Assignment ;
; I/O Standard                                              ; test_top       ;              ; PS2_DAT2                                                                                     ; 3.3-V LVTTL                       ; QSF Assignment ;
; I/O Standard                                              ; test_top       ;              ; QSPI_FLASH_CE_n                                                                              ; 3.3-V LVTTL                       ; QSF Assignment ;
; I/O Standard                                              ; test_top       ;              ; QSPI_FLASH_DATA[0]                                                                           ; 3.3-V LVTTL                       ; QSF Assignment ;
; I/O Standard                                              ; test_top       ;              ; QSPI_FLASH_DATA[1]                                                                           ; 3.3-V LVTTL                       ; QSF Assignment ;
; I/O Standard                                              ; test_top       ;              ; QSPI_FLASH_DATA[2]                                                                           ; 3.3-V LVTTL                       ; QSF Assignment ;
; I/O Standard                                              ; test_top       ;              ; QSPI_FLASH_DATA[3]                                                                           ; 3.3-V LVTTL                       ; QSF Assignment ;
; I/O Standard                                              ; test_top       ;              ; QSPI_FLASH_SCLK                                                                              ; 3.3-V LVTTL                       ; QSF Assignment ;
; I/O Standard                                              ; test_top       ;              ; RISCV_JTAG_TCK                                                                               ; 3.3-V LVTTL                       ; QSF Assignment ;
; I/O Standard                                              ; test_top       ;              ; RISCV_JTAG_TDI                                                                               ; 3.3-V LVTTL                       ; QSF Assignment ;
; I/O Standard                                              ; test_top       ;              ; RISCV_JTAG_TDO                                                                               ; 3.3-V LVTTL                       ; QSF Assignment ;
; I/O Standard                                              ; test_top       ;              ; RISCV_JTAG_TMS                                                                               ; 3.3-V LVTTL                       ; QSF Assignment ;
; I/O Standard                                              ; test_top       ;              ; SW[0]                                                                                        ; 3.3-V LVTTL                       ; QSF Assignment ;
; I/O Standard                                              ; test_top       ;              ; SW[1]                                                                                        ; 3.3-V LVTTL                       ; QSF Assignment ;
; I/O Standard                                              ; test_top       ;              ; SW[2]                                                                                        ; 3.3-V LVTTL                       ; QSF Assignment ;
; I/O Standard                                              ; test_top       ;              ; SW[3]                                                                                        ; 3.3-V LVTTL                       ; QSF Assignment ;
; I/O Standard                                              ; test_top       ;              ; SW[4]                                                                                        ; 3.3-V LVTTL                       ; QSF Assignment ;
; I/O Standard                                              ; test_top       ;              ; SW[5]                                                                                        ; 3.3-V LVTTL                       ; QSF Assignment ;
; I/O Standard                                              ; test_top       ;              ; SW[6]                                                                                        ; 3.3-V LVTTL                       ; QSF Assignment ;
; I/O Standard                                              ; test_top       ;              ; SW[7]                                                                                        ; 3.3-V LVTTL                       ; QSF Assignment ;
; I/O Standard                                              ; test_top       ;              ; SW[8]                                                                                        ; 3.3-V LVTTL                       ; QSF Assignment ;
; I/O Standard                                              ; test_top       ;              ; SW[9]                                                                                        ; 3.3-V LVTTL                       ; QSF Assignment ;
; I/O Standard                                              ; test_top       ;              ; TD_CLK27                                                                                     ; 3.3-V LVTTL                       ; QSF Assignment ;
; I/O Standard                                              ; test_top       ;              ; TD_DATA[0]                                                                                   ; 3.3-V LVTTL                       ; QSF Assignment ;
; I/O Standard                                              ; test_top       ;              ; TD_DATA[1]                                                                                   ; 3.3-V LVTTL                       ; QSF Assignment ;
; I/O Standard                                              ; test_top       ;              ; TD_DATA[2]                                                                                   ; 3.3-V LVTTL                       ; QSF Assignment ;
; I/O Standard                                              ; test_top       ;              ; TD_DATA[3]                                                                                   ; 3.3-V LVTTL                       ; QSF Assignment ;
; I/O Standard                                              ; test_top       ;              ; TD_DATA[4]                                                                                   ; 3.3-V LVTTL                       ; QSF Assignment ;
; I/O Standard                                              ; test_top       ;              ; TD_DATA[5]                                                                                   ; 3.3-V LVTTL                       ; QSF Assignment ;
; I/O Standard                                              ; test_top       ;              ; TD_DATA[6]                                                                                   ; 3.3-V LVTTL                       ; QSF Assignment ;
; I/O Standard                                              ; test_top       ;              ; TD_DATA[7]                                                                                   ; 3.3-V LVTTL                       ; QSF Assignment ;
; I/O Standard                                              ; test_top       ;              ; TD_HS                                                                                        ; 3.3-V LVTTL                       ; QSF Assignment ;
; I/O Standard                                              ; test_top       ;              ; TD_RESET_N                                                                                   ; 3.3-V LVTTL                       ; QSF Assignment ;
; I/O Standard                                              ; test_top       ;              ; TD_VS                                                                                        ; 3.3-V LVTTL                       ; QSF Assignment ;
; I/O Standard                                              ; test_top       ;              ; UART_CTS                                                                                     ; 3.3-V LVTTL                       ; QSF Assignment ;
; I/O Standard                                              ; test_top       ;              ; UART_RTS                                                                                     ; 3.3-V LVTTL                       ; QSF Assignment ;
; I/O Standard                                              ; test_top       ;              ; UART_RX                                                                                      ; 3.3-V LVTTL                       ; QSF Assignment ;
; I/O Standard                                              ; test_top       ;              ; UART_TX                                                                                      ; 3.3-V LVTTL                       ; QSF Assignment ;
; I/O Standard                                              ; test_top       ;              ; VGA_BLANK_N                                                                                  ; 3.3-V LVTTL                       ; QSF Assignment ;
; I/O Standard                                              ; test_top       ;              ; VGA_B[0]                                                                                     ; 3.3-V LVTTL                       ; QSF Assignment ;
; I/O Standard                                              ; test_top       ;              ; VGA_B[1]                                                                                     ; 3.3-V LVTTL                       ; QSF Assignment ;
; I/O Standard                                              ; test_top       ;              ; VGA_B[2]                                                                                     ; 3.3-V LVTTL                       ; QSF Assignment ;
; I/O Standard                                              ; test_top       ;              ; VGA_B[3]                                                                                     ; 3.3-V LVTTL                       ; QSF Assignment ;
; I/O Standard                                              ; test_top       ;              ; VGA_B[4]                                                                                     ; 3.3-V LVTTL                       ; QSF Assignment ;
; I/O Standard                                              ; test_top       ;              ; VGA_B[5]                                                                                     ; 3.3-V LVTTL                       ; QSF Assignment ;
; I/O Standard                                              ; test_top       ;              ; VGA_B[6]                                                                                     ; 3.3-V LVTTL                       ; QSF Assignment ;
; I/O Standard                                              ; test_top       ;              ; VGA_B[7]                                                                                     ; 3.3-V LVTTL                       ; QSF Assignment ;
; I/O Standard                                              ; test_top       ;              ; VGA_CLK                                                                                      ; 3.3-V LVTTL                       ; QSF Assignment ;
; I/O Standard                                              ; test_top       ;              ; VGA_G[0]                                                                                     ; 3.3-V LVTTL                       ; QSF Assignment ;
; I/O Standard                                              ; test_top       ;              ; VGA_G[1]                                                                                     ; 3.3-V LVTTL                       ; QSF Assignment ;
; I/O Standard                                              ; test_top       ;              ; VGA_G[2]                                                                                     ; 3.3-V LVTTL                       ; QSF Assignment ;
; I/O Standard                                              ; test_top       ;              ; VGA_G[3]                                                                                     ; 3.3-V LVTTL                       ; QSF Assignment ;
; I/O Standard                                              ; test_top       ;              ; VGA_G[4]                                                                                     ; 3.3-V LVTTL                       ; QSF Assignment ;
; I/O Standard                                              ; test_top       ;              ; VGA_G[5]                                                                                     ; 3.3-V LVTTL                       ; QSF Assignment ;
; I/O Standard                                              ; test_top       ;              ; VGA_G[6]                                                                                     ; 3.3-V LVTTL                       ; QSF Assignment ;
; I/O Standard                                              ; test_top       ;              ; VGA_G[7]                                                                                     ; 3.3-V LVTTL                       ; QSF Assignment ;
; I/O Standard                                              ; test_top       ;              ; VGA_HS                                                                                       ; 3.3-V LVTTL                       ; QSF Assignment ;
; I/O Standard                                              ; test_top       ;              ; VGA_R[0]                                                                                     ; 3.3-V LVTTL                       ; QSF Assignment ;
; I/O Standard                                              ; test_top       ;              ; VGA_R[1]                                                                                     ; 3.3-V LVTTL                       ; QSF Assignment ;
; I/O Standard                                              ; test_top       ;              ; VGA_R[2]                                                                                     ; 3.3-V LVTTL                       ; QSF Assignment ;
; I/O Standard                                              ; test_top       ;              ; VGA_R[3]                                                                                     ; 3.3-V LVTTL                       ; QSF Assignment ;
; I/O Standard                                              ; test_top       ;              ; VGA_R[4]                                                                                     ; 3.3-V LVTTL                       ; QSF Assignment ;
; I/O Standard                                              ; test_top       ;              ; VGA_R[5]                                                                                     ; 3.3-V LVTTL                       ; QSF Assignment ;
; I/O Standard                                              ; test_top       ;              ; VGA_R[6]                                                                                     ; 3.3-V LVTTL                       ; QSF Assignment ;
; I/O Standard                                              ; test_top       ;              ; VGA_R[7]                                                                                     ; 3.3-V LVTTL                       ; QSF Assignment ;
; I/O Standard                                              ; test_top       ;              ; VGA_SYNC_N                                                                                   ; 3.3-V LVTTL                       ; QSF Assignment ;
; I/O Standard                                              ; test_top       ;              ; VGA_VS                                                                                       ; 3.3-V LVTTL                       ; QSF Assignment ;
; PLL Compensation Mode                                     ; test_top       ;              ; u0|hps_0|hps_io|border|hps_sdram_inst|pll0|fbout                                             ; DIRECT                            ; QSF Assignment ;
; Global Signal                                             ; test_top       ;              ; u0|hps_0|hps_io|border|hps_sdram_inst|p0|umemphy|uio_pads|dq_ddio[0].read_capture_clk_buffer ; OFF                               ; QSF Assignment ;
; Global Signal                                             ; test_top       ;              ; u0|hps_0|hps_io|border|hps_sdram_inst|p0|umemphy|uio_pads|dq_ddio[1].read_capture_clk_buffer ; OFF                               ; QSF Assignment ;
; Global Signal                                             ; test_top       ;              ; u0|hps_0|hps_io|border|hps_sdram_inst|p0|umemphy|uio_pads|dq_ddio[2].read_capture_clk_buffer ; OFF                               ; QSF Assignment ;
; Global Signal                                             ; test_top       ;              ; u0|hps_0|hps_io|border|hps_sdram_inst|p0|umemphy|uio_pads|dq_ddio[3].read_capture_clk_buffer ; OFF                               ; QSF Assignment ;
; Global Signal                                             ; test_top       ;              ; u0|hps_0|hps_io|border|hps_sdram_inst|p0|umemphy|uread_datapath|reset_n_fifo_wraddress[0]    ; OFF                               ; QSF Assignment ;
; Global Signal                                             ; test_top       ;              ; u0|hps_0|hps_io|border|hps_sdram_inst|p0|umemphy|uread_datapath|reset_n_fifo_wraddress[1]    ; OFF                               ; QSF Assignment ;
; Global Signal                                             ; test_top       ;              ; u0|hps_0|hps_io|border|hps_sdram_inst|p0|umemphy|uread_datapath|reset_n_fifo_wraddress[2]    ; OFF                               ; QSF Assignment ;
; Global Signal                                             ; test_top       ;              ; u0|hps_0|hps_io|border|hps_sdram_inst|p0|umemphy|uread_datapath|reset_n_fifo_wraddress[3]    ; OFF                               ; QSF Assignment ;
; Global Signal                                             ; test_top       ;              ; u0|hps_0|hps_io|border|hps_sdram_inst|p0|umemphy|uread_datapath|reset_n_fifo_write_side[0]   ; OFF                               ; QSF Assignment ;
; Global Signal                                             ; test_top       ;              ; u0|hps_0|hps_io|border|hps_sdram_inst|p0|umemphy|uread_datapath|reset_n_fifo_write_side[1]   ; OFF                               ; QSF Assignment ;
; Global Signal                                             ; test_top       ;              ; u0|hps_0|hps_io|border|hps_sdram_inst|p0|umemphy|uread_datapath|reset_n_fifo_write_side[2]   ; OFF                               ; QSF Assignment ;
; Global Signal                                             ; test_top       ;              ; u0|hps_0|hps_io|border|hps_sdram_inst|p0|umemphy|uread_datapath|reset_n_fifo_write_side[3]   ; OFF                               ; QSF Assignment ;
; Global Signal                                             ; test_top       ;              ; u0|hps_0|hps_io|border|hps_sdram_inst|p0|umemphy|ureset|phy_reset_mem_stable_n               ; OFF                               ; QSF Assignment ;
; Global Signal                                             ; test_top       ;              ; u0|hps_0|hps_io|border|hps_sdram_inst|p0|umemphy|ureset|phy_reset_n                          ; OFF                               ; QSF Assignment ;
; Current Strength                                          ; test_top       ;              ; HPS_DDR3_ADDR[0]                                                                             ; MAXIMUM CURRENT                   ; QSF Assignment ;
; Current Strength                                          ; test_top       ;              ; HPS_DDR3_ADDR[10]                                                                            ; MAXIMUM CURRENT                   ; QSF Assignment ;
; Current Strength                                          ; test_top       ;              ; HPS_DDR3_ADDR[11]                                                                            ; MAXIMUM CURRENT                   ; QSF Assignment ;
; Current Strength                                          ; test_top       ;              ; HPS_DDR3_ADDR[12]                                                                            ; MAXIMUM CURRENT                   ; QSF Assignment ;
; Current Strength                                          ; test_top       ;              ; HPS_DDR3_ADDR[13]                                                                            ; MAXIMUM CURRENT                   ; QSF Assignment ;
; Current Strength                                          ; test_top       ;              ; HPS_DDR3_ADDR[14]                                                                            ; MAXIMUM CURRENT                   ; QSF Assignment ;
; Current Strength                                          ; test_top       ;              ; HPS_DDR3_ADDR[1]                                                                             ; MAXIMUM CURRENT                   ; QSF Assignment ;
; Current Strength                                          ; test_top       ;              ; HPS_DDR3_ADDR[2]                                                                             ; MAXIMUM CURRENT                   ; QSF Assignment ;
; Current Strength                                          ; test_top       ;              ; HPS_DDR3_ADDR[3]                                                                             ; MAXIMUM CURRENT                   ; QSF Assignment ;
; Current Strength                                          ; test_top       ;              ; HPS_DDR3_ADDR[4]                                                                             ; MAXIMUM CURRENT                   ; QSF Assignment ;
; Current Strength                                          ; test_top       ;              ; HPS_DDR3_ADDR[5]                                                                             ; MAXIMUM CURRENT                   ; QSF Assignment ;
; Current Strength                                          ; test_top       ;              ; HPS_DDR3_ADDR[6]                                                                             ; MAXIMUM CURRENT                   ; QSF Assignment ;
; Current Strength                                          ; test_top       ;              ; HPS_DDR3_ADDR[7]                                                                             ; MAXIMUM CURRENT                   ; QSF Assignment ;
; Current Strength                                          ; test_top       ;              ; HPS_DDR3_ADDR[8]                                                                             ; MAXIMUM CURRENT                   ; QSF Assignment ;
; Current Strength                                          ; test_top       ;              ; HPS_DDR3_ADDR[9]                                                                             ; MAXIMUM CURRENT                   ; QSF Assignment ;
; Current Strength                                          ; test_top       ;              ; HPS_DDR3_BA[0]                                                                               ; MAXIMUM CURRENT                   ; QSF Assignment ;
; Current Strength                                          ; test_top       ;              ; HPS_DDR3_BA[1]                                                                               ; MAXIMUM CURRENT                   ; QSF Assignment ;
; Current Strength                                          ; test_top       ;              ; HPS_DDR3_BA[2]                                                                               ; MAXIMUM CURRENT                   ; QSF Assignment ;
; Current Strength                                          ; test_top       ;              ; HPS_DDR3_CAS_N                                                                               ; MAXIMUM CURRENT                   ; QSF Assignment ;
; Current Strength                                          ; test_top       ;              ; HPS_DDR3_CKE                                                                                 ; MAXIMUM CURRENT                   ; QSF Assignment ;
; Current Strength                                          ; test_top       ;              ; HPS_DDR3_CS_N                                                                                ; MAXIMUM CURRENT                   ; QSF Assignment ;
; Current Strength                                          ; test_top       ;              ; HPS_DDR3_ODT                                                                                 ; MAXIMUM CURRENT                   ; QSF Assignment ;
; Current Strength                                          ; test_top       ;              ; HPS_DDR3_RAS_N                                                                               ; MAXIMUM CURRENT                   ; QSF Assignment ;
; Current Strength                                          ; test_top       ;              ; HPS_DDR3_RESET_N                                                                             ; MAXIMUM CURRENT                   ; QSF Assignment ;
; Current Strength                                          ; test_top       ;              ; HPS_DDR3_WE_N                                                                                ; MAXIMUM CURRENT                   ; QSF Assignment ;
; Input Termination                                         ; test_top       ;              ; HPS_DDR3_DQS_N[0]                                                                            ; PARALLEL 50 OHM WITH CALIBRATION  ; QSF Assignment ;
; Input Termination                                         ; test_top       ;              ; HPS_DDR3_DQS_N[1]                                                                            ; PARALLEL 50 OHM WITH CALIBRATION  ; QSF Assignment ;
; Input Termination                                         ; test_top       ;              ; HPS_DDR3_DQS_N[2]                                                                            ; PARALLEL 50 OHM WITH CALIBRATION  ; QSF Assignment ;
; Input Termination                                         ; test_top       ;              ; HPS_DDR3_DQS_N[3]                                                                            ; PARALLEL 50 OHM WITH CALIBRATION  ; QSF Assignment ;
; Input Termination                                         ; test_top       ;              ; HPS_DDR3_DQS_P[0]                                                                            ; PARALLEL 50 OHM WITH CALIBRATION  ; QSF Assignment ;
; Input Termination                                         ; test_top       ;              ; HPS_DDR3_DQS_P[1]                                                                            ; PARALLEL 50 OHM WITH CALIBRATION  ; QSF Assignment ;
; Input Termination                                         ; test_top       ;              ; HPS_DDR3_DQS_P[2]                                                                            ; PARALLEL 50 OHM WITH CALIBRATION  ; QSF Assignment ;
; Input Termination                                         ; test_top       ;              ; HPS_DDR3_DQS_P[3]                                                                            ; PARALLEL 50 OHM WITH CALIBRATION  ; QSF Assignment ;
; Input Termination                                         ; test_top       ;              ; HPS_DDR3_DQ[0]                                                                               ; PARALLEL 50 OHM WITH CALIBRATION  ; QSF Assignment ;
; Input Termination                                         ; test_top       ;              ; HPS_DDR3_DQ[10]                                                                              ; PARALLEL 50 OHM WITH CALIBRATION  ; QSF Assignment ;
; Input Termination                                         ; test_top       ;              ; HPS_DDR3_DQ[11]                                                                              ; PARALLEL 50 OHM WITH CALIBRATION  ; QSF Assignment ;
; Input Termination                                         ; test_top       ;              ; HPS_DDR3_DQ[12]                                                                              ; PARALLEL 50 OHM WITH CALIBRATION  ; QSF Assignment ;
; Input Termination                                         ; test_top       ;              ; HPS_DDR3_DQ[13]                                                                              ; PARALLEL 50 OHM WITH CALIBRATION  ; QSF Assignment ;
; Input Termination                                         ; test_top       ;              ; HPS_DDR3_DQ[14]                                                                              ; PARALLEL 50 OHM WITH CALIBRATION  ; QSF Assignment ;
; Input Termination                                         ; test_top       ;              ; HPS_DDR3_DQ[15]                                                                              ; PARALLEL 50 OHM WITH CALIBRATION  ; QSF Assignment ;
; Input Termination                                         ; test_top       ;              ; HPS_DDR3_DQ[16]                                                                              ; PARALLEL 50 OHM WITH CALIBRATION  ; QSF Assignment ;
; Input Termination                                         ; test_top       ;              ; HPS_DDR3_DQ[17]                                                                              ; PARALLEL 50 OHM WITH CALIBRATION  ; QSF Assignment ;
; Input Termination                                         ; test_top       ;              ; HPS_DDR3_DQ[18]                                                                              ; PARALLEL 50 OHM WITH CALIBRATION  ; QSF Assignment ;
; Input Termination                                         ; test_top       ;              ; HPS_DDR3_DQ[19]                                                                              ; PARALLEL 50 OHM WITH CALIBRATION  ; QSF Assignment ;
; Input Termination                                         ; test_top       ;              ; HPS_DDR3_DQ[1]                                                                               ; PARALLEL 50 OHM WITH CALIBRATION  ; QSF Assignment ;
; Input Termination                                         ; test_top       ;              ; HPS_DDR3_DQ[20]                                                                              ; PARALLEL 50 OHM WITH CALIBRATION  ; QSF Assignment ;
; Input Termination                                         ; test_top       ;              ; HPS_DDR3_DQ[21]                                                                              ; PARALLEL 50 OHM WITH CALIBRATION  ; QSF Assignment ;
; Input Termination                                         ; test_top       ;              ; HPS_DDR3_DQ[22]                                                                              ; PARALLEL 50 OHM WITH CALIBRATION  ; QSF Assignment ;
; Input Termination                                         ; test_top       ;              ; HPS_DDR3_DQ[23]                                                                              ; PARALLEL 50 OHM WITH CALIBRATION  ; QSF Assignment ;
; Input Termination                                         ; test_top       ;              ; HPS_DDR3_DQ[24]                                                                              ; PARALLEL 50 OHM WITH CALIBRATION  ; QSF Assignment ;
; Input Termination                                         ; test_top       ;              ; HPS_DDR3_DQ[25]                                                                              ; PARALLEL 50 OHM WITH CALIBRATION  ; QSF Assignment ;
; Input Termination                                         ; test_top       ;              ; HPS_DDR3_DQ[26]                                                                              ; PARALLEL 50 OHM WITH CALIBRATION  ; QSF Assignment ;
; Input Termination                                         ; test_top       ;              ; HPS_DDR3_DQ[27]                                                                              ; PARALLEL 50 OHM WITH CALIBRATION  ; QSF Assignment ;
; Input Termination                                         ; test_top       ;              ; HPS_DDR3_DQ[28]                                                                              ; PARALLEL 50 OHM WITH CALIBRATION  ; QSF Assignment ;
; Input Termination                                         ; test_top       ;              ; HPS_DDR3_DQ[29]                                                                              ; PARALLEL 50 OHM WITH CALIBRATION  ; QSF Assignment ;
; Input Termination                                         ; test_top       ;              ; HPS_DDR3_DQ[2]                                                                               ; PARALLEL 50 OHM WITH CALIBRATION  ; QSF Assignment ;
; Input Termination                                         ; test_top       ;              ; HPS_DDR3_DQ[30]                                                                              ; PARALLEL 50 OHM WITH CALIBRATION  ; QSF Assignment ;
; Input Termination                                         ; test_top       ;              ; HPS_DDR3_DQ[31]                                                                              ; PARALLEL 50 OHM WITH CALIBRATION  ; QSF Assignment ;
; Input Termination                                         ; test_top       ;              ; HPS_DDR3_DQ[3]                                                                               ; PARALLEL 50 OHM WITH CALIBRATION  ; QSF Assignment ;
; Input Termination                                         ; test_top       ;              ; HPS_DDR3_DQ[4]                                                                               ; PARALLEL 50 OHM WITH CALIBRATION  ; QSF Assignment ;
; Input Termination                                         ; test_top       ;              ; HPS_DDR3_DQ[5]                                                                               ; PARALLEL 50 OHM WITH CALIBRATION  ; QSF Assignment ;
; Input Termination                                         ; test_top       ;              ; HPS_DDR3_DQ[6]                                                                               ; PARALLEL 50 OHM WITH CALIBRATION  ; QSF Assignment ;
; Input Termination                                         ; test_top       ;              ; HPS_DDR3_DQ[7]                                                                               ; PARALLEL 50 OHM WITH CALIBRATION  ; QSF Assignment ;
; Input Termination                                         ; test_top       ;              ; HPS_DDR3_DQ[8]                                                                               ; PARALLEL 50 OHM WITH CALIBRATION  ; QSF Assignment ;
; Input Termination                                         ; test_top       ;              ; HPS_DDR3_DQ[9]                                                                               ; PARALLEL 50 OHM WITH CALIBRATION  ; QSF Assignment ;
; Output Termination                                        ; test_top       ;              ; HPS_DDR3_CK_N                                                                                ; SERIES 50 OHM WITHOUT CALIBRATION ; QSF Assignment ;
; Output Termination                                        ; test_top       ;              ; HPS_DDR3_CK_P                                                                                ; SERIES 50 OHM WITHOUT CALIBRATION ; QSF Assignment ;
; Output Termination                                        ; test_top       ;              ; HPS_DDR3_DM[0]                                                                               ; SERIES 50 OHM WITH CALIBRATION    ; QSF Assignment ;
; Output Termination                                        ; test_top       ;              ; HPS_DDR3_DM[1]                                                                               ; SERIES 50 OHM WITH CALIBRATION    ; QSF Assignment ;
; Output Termination                                        ; test_top       ;              ; HPS_DDR3_DM[2]                                                                               ; SERIES 50 OHM WITH CALIBRATION    ; QSF Assignment ;
; Output Termination                                        ; test_top       ;              ; HPS_DDR3_DM[3]                                                                               ; SERIES 50 OHM WITH CALIBRATION    ; QSF Assignment ;
; Output Termination                                        ; test_top       ;              ; HPS_DDR3_DQS_N[0]                                                                            ; SERIES 50 OHM WITH CALIBRATION    ; QSF Assignment ;
; Output Termination                                        ; test_top       ;              ; HPS_DDR3_DQS_N[1]                                                                            ; SERIES 50 OHM WITH CALIBRATION    ; QSF Assignment ;
; Output Termination                                        ; test_top       ;              ; HPS_DDR3_DQS_N[2]                                                                            ; SERIES 50 OHM WITH CALIBRATION    ; QSF Assignment ;
; Output Termination                                        ; test_top       ;              ; HPS_DDR3_DQS_N[3]                                                                            ; SERIES 50 OHM WITH CALIBRATION    ; QSF Assignment ;
; Output Termination                                        ; test_top       ;              ; HPS_DDR3_DQS_P[0]                                                                            ; SERIES 50 OHM WITH CALIBRATION    ; QSF Assignment ;
; Output Termination                                        ; test_top       ;              ; HPS_DDR3_DQS_P[1]                                                                            ; SERIES 50 OHM WITH CALIBRATION    ; QSF Assignment ;
; Output Termination                                        ; test_top       ;              ; HPS_DDR3_DQS_P[2]                                                                            ; SERIES 50 OHM WITH CALIBRATION    ; QSF Assignment ;
; Output Termination                                        ; test_top       ;              ; HPS_DDR3_DQS_P[3]                                                                            ; SERIES 50 OHM WITH CALIBRATION    ; QSF Assignment ;
; Output Termination                                        ; test_top       ;              ; HPS_DDR3_DQ[0]                                                                               ; SERIES 50 OHM WITH CALIBRATION    ; QSF Assignment ;
; Output Termination                                        ; test_top       ;              ; HPS_DDR3_DQ[10]                                                                              ; SERIES 50 OHM WITH CALIBRATION    ; QSF Assignment ;
; Output Termination                                        ; test_top       ;              ; HPS_DDR3_DQ[11]                                                                              ; SERIES 50 OHM WITH CALIBRATION    ; QSF Assignment ;
; Output Termination                                        ; test_top       ;              ; HPS_DDR3_DQ[12]                                                                              ; SERIES 50 OHM WITH CALIBRATION    ; QSF Assignment ;
; Output Termination                                        ; test_top       ;              ; HPS_DDR3_DQ[13]                                                                              ; SERIES 50 OHM WITH CALIBRATION    ; QSF Assignment ;
; Output Termination                                        ; test_top       ;              ; HPS_DDR3_DQ[14]                                                                              ; SERIES 50 OHM WITH CALIBRATION    ; QSF Assignment ;
; Output Termination                                        ; test_top       ;              ; HPS_DDR3_DQ[15]                                                                              ; SERIES 50 OHM WITH CALIBRATION    ; QSF Assignment ;
; Output Termination                                        ; test_top       ;              ; HPS_DDR3_DQ[16]                                                                              ; SERIES 50 OHM WITH CALIBRATION    ; QSF Assignment ;
; Output Termination                                        ; test_top       ;              ; HPS_DDR3_DQ[17]                                                                              ; SERIES 50 OHM WITH CALIBRATION    ; QSF Assignment ;
; Output Termination                                        ; test_top       ;              ; HPS_DDR3_DQ[18]                                                                              ; SERIES 50 OHM WITH CALIBRATION    ; QSF Assignment ;
; Output Termination                                        ; test_top       ;              ; HPS_DDR3_DQ[19]                                                                              ; SERIES 50 OHM WITH CALIBRATION    ; QSF Assignment ;
; Output Termination                                        ; test_top       ;              ; HPS_DDR3_DQ[1]                                                                               ; SERIES 50 OHM WITH CALIBRATION    ; QSF Assignment ;
; Output Termination                                        ; test_top       ;              ; HPS_DDR3_DQ[20]                                                                              ; SERIES 50 OHM WITH CALIBRATION    ; QSF Assignment ;
; Output Termination                                        ; test_top       ;              ; HPS_DDR3_DQ[21]                                                                              ; SERIES 50 OHM WITH CALIBRATION    ; QSF Assignment ;
; Output Termination                                        ; test_top       ;              ; HPS_DDR3_DQ[22]                                                                              ; SERIES 50 OHM WITH CALIBRATION    ; QSF Assignment ;
; Output Termination                                        ; test_top       ;              ; HPS_DDR3_DQ[23]                                                                              ; SERIES 50 OHM WITH CALIBRATION    ; QSF Assignment ;
; Output Termination                                        ; test_top       ;              ; HPS_DDR3_DQ[24]                                                                              ; SERIES 50 OHM WITH CALIBRATION    ; QSF Assignment ;
; Output Termination                                        ; test_top       ;              ; HPS_DDR3_DQ[25]                                                                              ; SERIES 50 OHM WITH CALIBRATION    ; QSF Assignment ;
; Output Termination                                        ; test_top       ;              ; HPS_DDR3_DQ[26]                                                                              ; SERIES 50 OHM WITH CALIBRATION    ; QSF Assignment ;
; Output Termination                                        ; test_top       ;              ; HPS_DDR3_DQ[27]                                                                              ; SERIES 50 OHM WITH CALIBRATION    ; QSF Assignment ;
; Output Termination                                        ; test_top       ;              ; HPS_DDR3_DQ[28]                                                                              ; SERIES 50 OHM WITH CALIBRATION    ; QSF Assignment ;
; Output Termination                                        ; test_top       ;              ; HPS_DDR3_DQ[29]                                                                              ; SERIES 50 OHM WITH CALIBRATION    ; QSF Assignment ;
; Output Termination                                        ; test_top       ;              ; HPS_DDR3_DQ[2]                                                                               ; SERIES 50 OHM WITH CALIBRATION    ; QSF Assignment ;
; Output Termination                                        ; test_top       ;              ; HPS_DDR3_DQ[30]                                                                              ; SERIES 50 OHM WITH CALIBRATION    ; QSF Assignment ;
; Output Termination                                        ; test_top       ;              ; HPS_DDR3_DQ[31]                                                                              ; SERIES 50 OHM WITH CALIBRATION    ; QSF Assignment ;
; Output Termination                                        ; test_top       ;              ; HPS_DDR3_DQ[3]                                                                               ; SERIES 50 OHM WITH CALIBRATION    ; QSF Assignment ;
; Output Termination                                        ; test_top       ;              ; HPS_DDR3_DQ[4]                                                                               ; SERIES 50 OHM WITH CALIBRATION    ; QSF Assignment ;
; Output Termination                                        ; test_top       ;              ; HPS_DDR3_DQ[5]                                                                               ; SERIES 50 OHM WITH CALIBRATION    ; QSF Assignment ;
; Output Termination                                        ; test_top       ;              ; HPS_DDR3_DQ[6]                                                                               ; SERIES 50 OHM WITH CALIBRATION    ; QSF Assignment ;
; Output Termination                                        ; test_top       ;              ; HPS_DDR3_DQ[7]                                                                               ; SERIES 50 OHM WITH CALIBRATION    ; QSF Assignment ;
; Output Termination                                        ; test_top       ;              ; HPS_DDR3_DQ[8]                                                                               ; SERIES 50 OHM WITH CALIBRATION    ; QSF Assignment ;
; Output Termination                                        ; test_top       ;              ; HPS_DDR3_DQ[9]                                                                               ; SERIES 50 OHM WITH CALIBRATION    ; QSF Assignment ;
; D5 Delay (output register to io buffer)                   ; test_top       ;              ; HPS_DDR3_CK_N                                                                                ; 2                                 ; QSF Assignment ;
; D5 Delay (output register to io buffer)                   ; test_top       ;              ; HPS_DDR3_CK_P                                                                                ; 2                                 ; QSF Assignment ;
; Enable Beneficial Skew Optimization for non global clocks ; test_top       ;              ; u0|hps_0|hps_io|border|hps_sdram_inst                                                        ; ON                                ; QSF Assignment ;
+-----------------------------------------------------------+----------------+--------------+----------------------------------------------------------------------------------------------+-----------------------------------+----------------+


+---------------------------------------------------------------------------------------------------+
; Incremental Compilation Preservation Summary                                                      ;
+---------------------+---------------------+----------------------------+--------------------------+
; Type                ; Total [A + B]       ; From Design Partitions [A] ; From Rapid Recompile [B] ;
+---------------------+---------------------+----------------------------+--------------------------+
; Placement (by node) ;                     ;                            ;                          ;
;     -- Requested    ; 0.00 % ( 0 / 2720 ) ; 0.00 % ( 0 / 2720 )        ; 0.00 % ( 0 / 2720 )      ;
;     -- Achieved     ; 0.00 % ( 0 / 2720 ) ; 0.00 % ( 0 / 2720 )        ; 0.00 % ( 0 / 2720 )      ;
;                     ;                     ;                            ;                          ;
; Routing (by net)    ;                     ;                            ;                          ;
;     -- Requested    ; 0.00 % ( 0 / 0 )    ; 0.00 % ( 0 / 0 )           ; 0.00 % ( 0 / 0 )         ;
;     -- Achieved     ; 0.00 % ( 0 / 0 )    ; 0.00 % ( 0 / 0 )           ; 0.00 % ( 0 / 0 )         ;
+---------------------+---------------------+----------------------------+--------------------------+


+----------------------------------------------------------------------------------------------------------------------------------------------------------------------------------------+
; Incremental Compilation Partition Settings                                                                                                                                             ;
+--------------------------------+----------------+-------------------+-------------------------+------------------------+------------------------------+--------------------------------+
; Partition Name                 ; Partition Type ; Netlist Type Used ; Preservation Level Used ; Netlist Type Requested ; Preservation Level Requested ; Contents                       ;
+--------------------------------+----------------+-------------------+-------------------------+------------------------+------------------------------+--------------------------------+
; Top                            ; User-created   ; Source File       ; N/A                     ; Source File            ; N/A                          ;                                ;
; sld_hub:auto_hub               ; Auto-generated ; Post-Synthesis    ; N/A                     ; Post-Synthesis         ; N/A                          ; sld_hub:auto_hub               ;
; hard_block:auto_generated_inst ; Auto-generated ; Source File       ; N/A                     ; Source File            ; N/A                          ; hard_block:auto_generated_inst ;
+--------------------------------+----------------+-------------------+-------------------------+------------------------+------------------------------+--------------------------------+


+------------------------------------------------------------------------------------------------------------------------------------+
; Incremental Compilation Placement Preservation                                                                                     ;
+--------------------------------+-----------------------+-------------------------+-------------------+---------------------+-------+
; Partition Name                 ; Preservation Achieved ; Preservation Level Used ; Netlist Type Used ; Preservation Method ; Notes ;
+--------------------------------+-----------------------+-------------------------+-------------------+---------------------+-------+
; Top                            ; 0.00 % ( 0 / 2527 )   ; N/A                     ; Source File       ; N/A                 ;       ;
; sld_hub:auto_hub               ; 0.00 % ( 0 / 184 )    ; N/A                     ; Post-Synthesis    ; N/A                 ;       ;
; hard_block:auto_generated_inst ; 0.00 % ( 0 / 9 )      ; N/A                     ; Source File       ; N/A                 ;       ;
+--------------------------------+-----------------------+-------------------------+-------------------+---------------------+-------+


+------------------------------------------------------------------------------------------+
; Fitter Resource Usage Summary                                                            ;
+-------------------------------------------------------------+--------------------+-------+
; Resource                                                    ; Usage              ; %     ;
+-------------------------------------------------------------+--------------------+-------+
; Logic utilization (ALMs needed / total ALMs on device)      ; 1,055 / 32,070     ; 3 %   ;
; ALMs needed [=A-B+C]                                        ; 1,055              ;       ;
;     [A] ALMs used in final placement [=a+b+c+d]             ; 1,055 / 32,070     ; 3 %   ;
;         [a] ALMs used for LUT logic and registers           ; 204                ;       ;
;         [b] ALMs used for LUT logic                         ; 509                ;       ;
;         [c] ALMs used for registers                         ; 342                ;       ;
;         [d] ALMs used for memory (up to half of total ALMs) ; 0                  ;       ;
;     [B] Estimate of ALMs recoverable by dense packing       ; 0 / 32,070         ; 0 %   ;
;     [C] Estimate of ALMs unavailable [=a+b+c+d]             ; 0 / 32,070         ; 0 %   ;
;         [a] Due to location constrained logic               ; 0                  ;       ;
;         [b] Due to LAB-wide signal conflicts                ; 0                  ;       ;
;         [c] Due to LAB input limits                         ; 0                  ;       ;
;         [d] Due to virtual I/Os                             ; 0                  ;       ;
;                                                             ;                    ;       ;
; Difficulty packing design                                   ; No fit             ;       ;
;                                                             ;                    ;       ;
; Total LABs:  partially or completely used                   ; 115 / 3,207        ; 4 %   ;
;     -- Logic LABs                                           ; 115                ;       ;
;     -- Memory LABs (up to half of total LABs)               ; 0                  ;       ;
;                                                             ;                    ;       ;
; Combinational ALUT usage for logic                          ; 1,417              ;       ;
;     -- 7 input functions                                    ; 11                 ;       ;
;     -- 6 input functions                                    ; 480                ;       ;
;     -- 5 input functions                                    ; 106                ;       ;
;     -- 4 input functions                                    ; 271                ;       ;
;     -- <=3 input functions                                  ; 549                ;       ;
; Combinational ALUT usage for route-throughs                 ; 0                  ;       ;
;                                                             ;                    ;       ;
; Dedicated logic registers                                   ; 1,091              ;       ;
;     -- By type:                                             ;                    ;       ;
;         -- Primary logic registers                          ; 1,091 / 64,140     ; 2 %   ;
;         -- Secondary logic registers                        ; 0 / 64,140         ; 0 %   ;
;     -- By function:                                         ;                    ;       ;
;         -- Design implementation registers                  ; 1,091              ;       ;
;         -- Routing optimization registers                   ; 0                  ;       ;
;                                                             ;                    ;       ;
; Virtual pins                                                ; 0                  ;       ;
; I/O pins                                                    ; 47 / 457           ; 10 %  ;
;     -- Clock pins                                           ; 2 / 8              ; 25 %  ;
;     -- Dedicated input pins                                 ; 3 / 21             ; 14 %  ;
;                                                             ;                    ;       ;
; Hard processor system peripheral utilization                ;                    ;       ;
;     -- Boot from FPGA                                       ; 0 / 1 ( 0 % )      ;       ;
;     -- Clock resets                                         ; 0 / 1 ( 0 % )      ;       ;
;     -- Cross trigger                                        ; 0 / 1 ( 0 % )      ;       ;
;     -- S2F AXI                                              ; 0 / 1 ( 0 % )      ;       ;
;     -- F2S AXI                                              ; 0 / 1 ( 0 % )      ;       ;
;     -- AXI Lightweight                                      ; 0 / 1 ( 0 % )      ;       ;
;     -- SDRAM                                                ; 0 / 1 ( 0 % )      ;       ;
;     -- Interrupts                                           ; 0 / 1 ( 0 % )      ;       ;
;     -- JTAG                                                 ; 0 / 1 ( 0 % )      ;       ;
;     -- Loan I/O                                             ; 0 / 1 ( 0 % )      ;       ;
;     -- MPU event standby                                    ; 0 / 1 ( 0 % )      ;       ;
;     -- MPU general purpose                                  ; 0 / 1 ( 0 % )      ;       ;
;     -- STM event                                            ; 0 / 1 ( 0 % )      ;       ;
;     -- TPIU trace                                           ; 0 / 1 ( 0 % )      ;       ;
;     -- DMA                                                  ; 0 / 1 ( 0 % )      ;       ;
;     -- CAN                                                  ; 0 / 2 ( 0 % )      ;       ;
;     -- EMAC                                                 ; 0 / 2 ( 0 % )      ;       ;
;     -- I2C                                                  ; 0 / 4 ( 0 % )      ;       ;
;     -- NAND Flash                                           ; 0 / 1 ( 0 % )      ;       ;
;     -- QSPI                                                 ; 0 / 1 ( 0 % )      ;       ;
;     -- SDMMC                                                ; 0 / 1 ( 0 % )      ;       ;
;     -- SPI Master                                           ; 0 / 2 ( 0 % )      ;       ;
;     -- SPI Slave                                            ; 0 / 2 ( 0 % )      ;       ;
;     -- UART                                                 ; 0 / 2 ( 0 % )      ;       ;
;     -- USB                                                  ; 0 / 2 ( 0 % )      ;       ;
;                                                             ;                    ;       ;
; M10K blocks                                                 ; 4 / 397            ; 1 %   ;
; Total MLAB memory bits                                      ; 0                  ;       ;
; Total block memory bits                                     ; 26,624 / 4,065,280 ; < 1 % ;
; Total block memory implementation bits                      ; 40,960 / 4,065,280 ; 1 %   ;
;                                                             ;                    ;       ;
; Total DSP Blocks                                            ; 70 / 87            ; 80 %  ;
;                                                             ;                    ;       ;
; Fractional PLLs                                             ; 0 / 6              ; 0 %   ;
; Global signals                                              ; 1                  ;       ;
;     -- Global clocks                                        ; 1 / 16             ; 6 %   ;
;     -- Quadrant clocks                                      ; 0 / 66             ; 0 %   ;
;     -- Horizontal periphery clocks                          ; 0 / 18             ; 0 %   ;
; SERDES Transmitters                                         ; 0 / 100            ; 0 %   ;
; SERDES Receivers                                            ; 0 / 100            ; 0 %   ;
; JTAGs                                                       ; 1 / 1              ; 100 % ;
; ASMI blocks                                                 ; 0 / 1              ; 0 %   ;
; CRC blocks                                                  ; 0 / 1              ; 0 %   ;
; Remote update blocks                                        ; 0 / 1              ; 0 %   ;
; Oscillator blocks                                           ; 0 / 1              ; 0 %   ;
; Impedance control blocks                                    ; 0 / 4              ; 0 %   ;
; Hard Memory Controllers                                     ; 0 / 2              ; 0 %   ;
; Maximum fan-out                                             ; 547                ;       ;
; Highest non-global fan-out                                  ; 433                ;       ;
; Total fan-out                                               ; 11943              ;       ;
; Average fan-out                                             ; 4.39               ;       ;
+-------------------------------------------------------------+--------------------+-------+


+-------------------------------------------------------------------------------------------------------------------------------------------------------------------------------------------------------------------------------------------------------------------------------------+
; Input Pins                                                                                                                                                                                                                                                                          ;
+------+-------+----------+--------------+--------------+--------------+-----------------------+--------------------+--------+----------------+-----------------+----------+--------------+--------------+-------------+---------------------------+----------------------+-----------+
; Name ; Pin # ; I/O Bank ; X coordinate ; Y coordinate ; Z coordinate ; Combinational Fan-Out ; Registered Fan-Out ; Global ; Input Register ; PCI I/O Enabled ; Bus Hold ; Weak Pull Up ; I/O Standard ; Termination ; Termination Control Block ; Location assigned by ; Slew Rate ;
+------+-------+----------+--------------+--------------+--------------+-----------------------+--------------------+--------+----------------+-----------------+----------+--------------+--------------+-------------+---------------------------+----------------------+-----------+
; bt0  ; AC25  ; 5A       ; 89           ; 4            ; 60           ; 1                     ; 0                  ; no     ; no             ; no              ; no       ; Off          ; 2.5 V        ; Off         ; --                        ; Fitter               ; no        ;
; bt1  ; W20   ; 5A       ; 89           ; 6            ; 3            ; 1                     ; 0                  ; no     ; no             ; no              ; no       ; Off          ; 2.5 V        ; Off         ; --                        ; Fitter               ; no        ;
; clk  ; AA26  ; 5B       ; 89           ; 23           ; 3            ; 549                   ; 0                  ; yes    ; no             ; no              ; no       ; Off          ; 2.5 V        ; Off         ; --                        ; Fitter               ; no        ;
+------+-------+----------+--------------+--------------+--------------+-----------------------+--------------------+--------+----------------+-----------------+----------+--------------+--------------+-------------+---------------------------+----------------------+-----------+


+-----------------------------------------------------------------------------------------------------------------------------------------------------------------------------------------------------------------------------------------------------------------------------------------------------------------------------------------------------------------------------------------------------------------------------------------------------------------------------------------------+
; Output Pins                                                                                                                                                                                                                                                                                                                                                                                                                                                                                   ;
+----------+-------+----------+--------------+--------------+--------------+-----------------+------------------------+-----------+-----------------+------------+---------------+----------+--------------+--------------+------------------+-----------------------------------+---------------------------+----------------------------+-----------------------------+---------------------+-----------------------------+----------------------+----------------------+---------------------+
; Name     ; Pin # ; I/O Bank ; X coordinate ; Y coordinate ; Z coordinate ; Output Register ; Output Enable Register ; Slew Rate ; PCI I/O Enabled ; Open Drain ; TRI Primitive ; Bus Hold ; Weak Pull Up ; I/O Standard ; Current Strength ; Termination                       ; Termination Control Block ; Output Buffer Pre-emphasis ; Voltage Output Differential ; Output Buffer Delay ; Output Buffer Delay Control ; Location assigned by ; Output Enable Source ; Output Enable Group ;
+----------+-------+----------+--------------+--------------+--------------+-----------------+------------------------+-----------+-----------------+------------+---------------+----------+--------------+--------------+------------------+-----------------------------------+---------------------------+----------------------------+-----------------------------+---------------------+-----------------------------+----------------------+----------------------+---------------------+
; nums[0]  ; AA25  ; 5A       ; 89           ; 9            ; 37           ; no              ; no                     ; 1         ; no              ; no         ; no            ; no       ; Off          ; 2.5 V        ; Default          ; Series 50 Ohm without Calibration ; --                        ; no                         ; no                          ; 0                   ; Off                         ; Fitter               ; -                    ; -                   ;
; nums[10] ; AE29  ; 5B       ; 89           ; 23           ; 37           ; no              ; no                     ; 1         ; no              ; no         ; no            ; no       ; Off          ; 2.5 V        ; Default          ; Series 50 Ohm without Calibration ; --                        ; no                         ; no                          ; 0                   ; Off                         ; Fitter               ; -                    ; -                   ;
; nums[11] ; AA28  ; 5B       ; 89           ; 21           ; 54           ; no              ; no                     ; 1         ; no              ; no         ; no            ; no       ; Off          ; 2.5 V        ; Default          ; Series 50 Ohm without Calibration ; --                        ; no                         ; no                          ; 0                   ; Off                         ; Fitter               ; -                    ; -                   ;
; nums[12] ; AD30  ; 5B       ; 89           ; 25           ; 37           ; no              ; no                     ; 1         ; no              ; no         ; no            ; no       ; Off          ; 2.5 V        ; Default          ; Series 50 Ohm without Calibration ; --                        ; no                         ; no                          ; 0                   ; Off                         ; Fitter               ; -                    ; -                   ;
; nums[13] ; AB28  ; 5B       ; 89           ; 21           ; 37           ; no              ; no                     ; 1         ; no              ; no         ; no            ; no       ; Off          ; 2.5 V        ; Default          ; Series 50 Ohm without Calibration ; --                        ; no                         ; no                          ; 0                   ; Off                         ; Fitter               ; -                    ; -                   ;
; nums[14] ; AC28  ; 5B       ; 89           ; 20           ; 77           ; no              ; no                     ; 1         ; no              ; no         ; no            ; no       ; Off          ; 2.5 V        ; Default          ; Series 50 Ohm without Calibration ; --                        ; no                         ; no                          ; 0                   ; Off                         ; Fitter               ; -                    ; -                   ;
; nums[15] ; AD29  ; 5B       ; 89           ; 23           ; 54           ; no              ; no                     ; 1         ; no              ; no         ; no            ; no       ; Off          ; 2.5 V        ; Default          ; Series 50 Ohm without Calibration ; --                        ; no                         ; no                          ; 0                   ; Off                         ; Fitter               ; -                    ; -                   ;
; nums[1]  ; Y27   ; 5B       ; 89           ; 25           ; 20           ; no              ; no                     ; 1         ; no              ; no         ; no            ; no       ; Off          ; 2.5 V        ; Default          ; Series 50 Ohm without Calibration ; --                        ; no                         ; no                          ; 0                   ; Off                         ; Fitter               ; -                    ; -                   ;
; nums[2]  ; Y26   ; 5B       ; 89           ; 25           ; 3            ; no              ; no                     ; 1         ; no              ; no         ; no            ; no       ; Off          ; 2.5 V        ; Default          ; Series 50 Ohm without Calibration ; --                        ; no                         ; no                          ; 0                   ; Off                         ; Fitter               ; -                    ; -                   ;
; nums[3]  ; AB27  ; 5B       ; 89           ; 23           ; 20           ; no              ; no                     ; 1         ; no              ; no         ; no            ; no       ; Off          ; 2.5 V        ; Default          ; Series 50 Ohm without Calibration ; --                        ; no                         ; no                          ; 0                   ; Off                         ; Fitter               ; -                    ; -                   ;
; nums[4]  ; V25   ; 5B       ; 89           ; 20           ; 60           ; no              ; no                     ; 1         ; no              ; no         ; no            ; no       ; Off          ; 2.5 V        ; Default          ; Series 50 Ohm without Calibration ; --                        ; no                         ; no                          ; 0                   ; Off                         ; Fitter               ; -                    ; -                   ;
; nums[5]  ; AB30  ; 5B       ; 89           ; 21           ; 3            ; no              ; no                     ; 1         ; no              ; no         ; no            ; no       ; Off          ; 2.5 V        ; Default          ; Series 50 Ohm without Calibration ; --                        ; no                         ; no                          ; 0                   ; Off                         ; Fitter               ; -                    ; -                   ;
; nums[6]  ; W25   ; 5B       ; 89           ; 20           ; 43           ; no              ; no                     ; 1         ; no              ; no         ; no            ; no       ; Off          ; 2.5 V        ; Default          ; Series 50 Ohm without Calibration ; --                        ; no                         ; no                          ; 0                   ; Off                         ; Fitter               ; -                    ; -                   ;
; nums[7]  ; AA30  ; 5B       ; 89           ; 21           ; 20           ; no              ; no                     ; 1         ; no              ; no         ; no            ; no       ; Off          ; 2.5 V        ; Default          ; Series 50 Ohm without Calibration ; --                        ; no                         ; no                          ; 0                   ; Off                         ; Fitter               ; -                    ; -                   ;
; nums[8]  ; AC30  ; 5B       ; 89           ; 25           ; 54           ; no              ; no                     ; 1         ; no              ; no         ; no            ; no       ; Off          ; 2.5 V        ; Default          ; Series 50 Ohm without Calibration ; --                        ; no                         ; no                          ; 0                   ; Off                         ; Fitter               ; -                    ; -                   ;
; nums[9]  ; AC29  ; 5B       ; 89           ; 20           ; 94           ; no              ; no                     ; 1         ; no              ; no         ; no            ; no       ; Off          ; 2.5 V        ; Default          ; Series 50 Ohm without Calibration ; --                        ; no                         ; no                          ; 0                   ; Off                         ; Fitter               ; -                    ; -                   ;
; seg1[0]  ; W22   ; 5A       ; 89           ; 8            ; 20           ; no              ; no                     ; 1         ; no              ; no         ; no            ; no       ; Off          ; 2.5 V        ; Default          ; Series 50 Ohm without Calibration ; --                        ; no                         ; no                          ; 0                   ; Off                         ; Fitter               ; -                    ; -                   ;
; seg1[1]  ; Y21   ; 5A       ; 89           ; 6            ; 20           ; no              ; no                     ; 1         ; no              ; no         ; no            ; no       ; Off          ; 2.5 V        ; Default          ; Series 50 Ohm without Calibration ; --                        ; no                         ; no                          ; 0                   ; Off                         ; Fitter               ; -                    ; -                   ;
; seg1[2]  ; AD25  ; 5A       ; 89           ; 4            ; 43           ; no              ; no                     ; 1         ; no              ; no         ; no            ; no       ; Off          ; 2.5 V        ; Default          ; Series 50 Ohm without Calibration ; --                        ; no                         ; no                          ; 0                   ; Off                         ; Fitter               ; -                    ; -                   ;
; seg1[3]  ; AB22  ; 5A       ; 89           ; 9            ; 3            ; no              ; no                     ; 1         ; no              ; no         ; no            ; no       ; Off          ; 2.5 V        ; Default          ; Series 50 Ohm without Calibration ; --                        ; no                         ; no                          ; 0                   ; Off                         ; Fitter               ; -                    ; -                   ;
; seg1[4]  ; W21   ; 5A       ; 89           ; 8            ; 3            ; no              ; no                     ; 1         ; no              ; no         ; no            ; no       ; Off          ; 2.5 V        ; Default          ; Series 50 Ohm without Calibration ; --                        ; no                         ; no                          ; 0                   ; Off                         ; Fitter               ; -                    ; -                   ;
; seg1[5]  ; AC27  ; 5A       ; 89           ; 16           ; 20           ; no              ; no                     ; 1         ; no              ; no         ; no            ; no       ; Off          ; 2.5 V        ; Default          ; Series 50 Ohm without Calibration ; --                        ; no                         ; no                          ; 0                   ; Off                         ; Fitter               ; -                    ; -                   ;
; seg1[6]  ; AB25  ; 5A       ; 89           ; 11           ; 60           ; no              ; no                     ; 1         ; no              ; no         ; no            ; no       ; Off          ; 2.5 V        ; Default          ; Series 50 Ohm without Calibration ; --                        ; no                         ; no                          ; 0                   ; Off                         ; Fitter               ; -                    ; -                   ;
; seg2[0]  ; AD26  ; 5A       ; 89           ; 16           ; 3            ; no              ; no                     ; 1         ; no              ; no         ; no            ; no       ; Off          ; 2.5 V        ; Default          ; Series 50 Ohm without Calibration ; --                        ; no                         ; no                          ; 0                   ; Off                         ; Fitter               ; -                    ; -                   ;
; seg2[1]  ; W24   ; 5A       ; 89           ; 15           ; 20           ; no              ; no                     ; 1         ; no              ; no         ; no            ; no       ; Off          ; 2.5 V        ; Default          ; Series 50 Ohm without Calibration ; --                        ; no                         ; no                          ; 0                   ; Off                         ; Fitter               ; -                    ; -                   ;
; seg2[2]  ; Y24   ; 5A       ; 89           ; 13           ; 20           ; no              ; no                     ; 1         ; no              ; no         ; no            ; no       ; Off          ; 2.5 V        ; Default          ; Series 50 Ohm without Calibration ; --                        ; no                         ; no                          ; 0                   ; Off                         ; Fitter               ; -                    ; -                   ;
; seg2[3]  ; AA24  ; 5A       ; 89           ; 11           ; 43           ; no              ; no                     ; 1         ; no              ; no         ; no            ; no       ; Off          ; 2.5 V        ; Default          ; Series 50 Ohm without Calibration ; --                        ; no                         ; no                          ; 0                   ; Off                         ; Fitter               ; -                    ; -                   ;
; seg2[4]  ; Y23   ; 5A       ; 89           ; 13           ; 3            ; no              ; no                     ; 1         ; no              ; no         ; no            ; no       ; Off          ; 2.5 V        ; Default          ; Series 50 Ohm without Calibration ; --                        ; no                         ; no                          ; 0                   ; Off                         ; Fitter               ; -                    ; -                   ;
; seg2[5]  ; V23   ; 5A       ; 89           ; 15           ; 3            ; no              ; no                     ; 1         ; no              ; no         ; no            ; no       ; Off          ; 2.5 V        ; Default          ; Series 50 Ohm without Calibration ; --                        ; no                         ; no                          ; 0                   ; Off                         ; Fitter               ; -                    ; -                   ;
; seg2[6]  ; AD27  ; 5A       ; 89           ; 8            ; 54           ; no              ; no                     ; 1         ; no              ; no         ; no            ; no       ; Off          ; 2.5 V        ; Default          ; Series 50 Ohm without Calibration ; --                        ; no                         ; no                          ; 0                   ; Off                         ; Fitter               ; -                    ; -                   ;
; seg3[0]  ; AH29  ; 5A       ; 89           ; 6            ; 54           ; no              ; no                     ; 1         ; no              ; no         ; no            ; no       ; Off          ; 2.5 V        ; Default          ; Series 50 Ohm without Calibration ; --                        ; no                         ; no                          ; 0                   ; Off                         ; Fitter               ; -                    ; -                   ;
; seg3[1]  ; AG27  ; 5A       ; 89           ; 4            ; 77           ; no              ; no                     ; 1         ; no              ; no         ; no            ; no       ; Off          ; 2.5 V        ; Default          ; Series 50 Ohm without Calibration ; --                        ; no                         ; no                          ; 0                   ; Off                         ; Fitter               ; -                    ; -                   ;
; seg3[2]  ; AH28  ; 5A       ; 89           ; 4            ; 94           ; no              ; no                     ; 1         ; no              ; no         ; no            ; no       ; Off          ; 2.5 V        ; Default          ; Series 50 Ohm without Calibration ; --                        ; no                         ; no                          ; 0                   ; Off                         ; Fitter               ; -                    ; -                   ;
; seg3[3]  ; AJ29  ; 5A       ; 89           ; 6            ; 37           ; no              ; no                     ; 1         ; no              ; no         ; no            ; no       ; Off          ; 2.5 V        ; Default          ; Series 50 Ohm without Calibration ; --                        ; no                         ; no                          ; 0                   ; Off                         ; Fitter               ; -                    ; -                   ;
; seg3[4]  ; AE26  ; 5A       ; 89           ; 8            ; 37           ; no              ; no                     ; 1         ; no              ; no         ; no            ; no       ; Off          ; 2.5 V        ; Default          ; Series 50 Ohm without Calibration ; --                        ; no                         ; no                          ; 0                   ; Off                         ; Fitter               ; -                    ; -                   ;
; seg3[5]  ; AG28  ; 5A       ; 89           ; 13           ; 37           ; no              ; no                     ; 1         ; no              ; no         ; no            ; no       ; Off          ; 2.5 V        ; Default          ; Series 50 Ohm without Calibration ; --                        ; no                         ; no                          ; 0                   ; Off                         ; Fitter               ; -                    ; -                   ;
; seg3[6]  ; AG30  ; 5A       ; 89           ; 16           ; 54           ; no              ; no                     ; 1         ; no              ; no         ; no            ; no       ; Off          ; 2.5 V        ; Default          ; Series 50 Ohm without Calibration ; --                        ; no                         ; no                          ; 0                   ; Off                         ; Fitter               ; -                    ; -                   ;
; seg4[0]  ; AB26  ; 5A       ; 89           ; 9            ; 54           ; no              ; no                     ; 1         ; no              ; no         ; no            ; no       ; Off          ; 2.5 V        ; Default          ; Series 50 Ohm without Calibration ; --                        ; no                         ; no                          ; 0                   ; Off                         ; Fitter               ; -                    ; -                   ;
; seg4[1]  ; AF29  ; 5A       ; 89           ; 15           ; 37           ; no              ; no                     ; 1         ; no              ; no         ; no            ; no       ; Off          ; 2.5 V        ; Default          ; Series 50 Ohm without Calibration ; --                        ; no                         ; no                          ; 0                   ; Off                         ; Fitter               ; -                    ; -                   ;
; seg4[2]  ; AE28  ; 5A       ; 89           ; 11           ; 94           ; no              ; no                     ; 1         ; no              ; no         ; no            ; no       ; Off          ; 2.5 V        ; Default          ; Series 50 Ohm without Calibration ; --                        ; no                         ; no                          ; 0                   ; Off                         ; Fitter               ; -                    ; -                   ;
; seg4[3]  ; AE27  ; 5A       ; 89           ; 11           ; 77           ; no              ; no                     ; 1         ; no              ; no         ; no            ; no       ; Off          ; 2.5 V        ; Default          ; Series 50 Ohm without Calibration ; --                        ; no                         ; no                          ; 0                   ; Off                         ; Fitter               ; -                    ; -                   ;
; seg4[4]  ; AF28  ; 5A       ; 89           ; 13           ; 54           ; no              ; no                     ; 1         ; no              ; no         ; no            ; no       ; Off          ; 2.5 V        ; Default          ; Series 50 Ohm without Calibration ; --                        ; no                         ; no                          ; 0                   ; Off                         ; Fitter               ; -                    ; -                   ;
; seg4[5]  ; AF30  ; 5A       ; 89           ; 15           ; 54           ; no              ; no                     ; 1         ; no              ; no         ; no            ; no       ; Off          ; 2.5 V        ; Default          ; Series 50 Ohm without Calibration ; --                        ; no                         ; no                          ; 0                   ; Off                         ; Fitter               ; -                    ; -                   ;
; seg4[6]  ; AH30  ; 5A       ; 89           ; 16           ; 37           ; no              ; no                     ; 1         ; no              ; no         ; no            ; no       ; Off          ; 2.5 V        ; Default          ; Series 50 Ohm without Calibration ; --                        ; no                         ; no                          ; 0                   ; Off                         ; Fitter               ; -                    ; -                   ;
+----------+-------+----------+--------------+--------------+--------------+-----------------+------------------------+-----------+-----------------+------------+---------------+----------+--------------+--------------+------------------+-----------------------------------+---------------------------+----------------------------+-----------------------------+---------------------+-----------------------------+----------------------+----------------------+---------------------+


+-----------------------------------------------------------------------------+
; I/O Bank Usage                                                              ;
+----------+-------------------+---------------+--------------+---------------+
; I/O Bank ; Usage             ; VCCIO Voltage ; VREF Voltage ; VCCPD Voltage ;
+----------+-------------------+---------------+--------------+---------------+
; B2L      ; 0 / 0 ( -- )      ; --            ; --           ; --            ;
; B1L      ; 0 / 0 ( -- )      ; --            ; --           ; --            ;
; 3A       ; 0 / 32 ( 0 % )    ; 2.5V          ; --           ; 2.5V          ;
; 3B       ; 0 / 48 ( 0 % )    ; 2.5V          ; --           ; 2.5V          ;
; 4A       ; 0 / 80 ( 0 % )    ; 2.5V          ; --           ; 2.5V          ;
; 5A       ; 31 / 32 ( 97 % )  ; 2.5V          ; --           ; 2.5V          ;
; 5B       ; 16 / 16 ( 100 % ) ; 2.5V          ; --           ; 2.5V          ;
; 6B       ; 0 / 44 ( 0 % )    ; 2.5V          ; --           ; 2.5V          ;
; 6A       ; 0 / 56 ( 0 % )    ; 2.5V          ; --           ; 2.5V          ;
; 7A       ; 0 / 19 ( 0 % )    ; 2.5V          ; --           ; 2.5V          ;
; 7B       ; 0 / 22 ( 0 % )    ; 2.5V          ; --           ; 2.5V          ;
; 7C       ; 0 / 12 ( 0 % )    ; 2.5V          ; --           ; 2.5V          ;
; 7D       ; 0 / 14 ( 0 % )    ; 2.5V          ; --           ; 2.5V          ;
; 8A       ; 0 / 80 ( 0 % )    ; 2.5V          ; --           ; 2.5V          ;
+----------+-------------------+---------------+--------------+---------------+


+-----------------------------------------------------------------------------------------------------------------------------------------------------------------------------------+
; All Package Pins                                                                                                                                                                  ;
+----------+------------+----------------+---------------------------------+--------+--------------+---------------------+--------------+-----------------+----------+--------------+
; Location ; Pad Number ; I/O Bank       ; Pin Name/Usage                  ; Dir.   ; I/O Standard ; Voltage             ; I/O Type     ; User Assignment ; Bus Hold ; Weak Pull Up ;
+----------+------------+----------------+---------------------------------+--------+--------------+---------------------+--------------+-----------------+----------+--------------+
; A2       ;            ;                ; GND                             ; gnd    ;              ;                     ; --           ;                 ; --       ; --           ;
; A3       ; 493        ; 8A             ; RESERVED_INPUT_WITH_WEAK_PULLUP ;        ;              ;                     ; Column I/O   ;                 ; no       ; On           ;
; A4       ; 491        ; 8A             ; RESERVED_INPUT_WITH_WEAK_PULLUP ;        ;              ;                     ; Column I/O   ;                 ; no       ; On           ;
; A5       ; 489        ; 8A             ; RESERVED_INPUT_WITH_WEAK_PULLUP ;        ;              ;                     ; Column I/O   ;                 ; no       ; On           ;
; A6       ; 487        ; 8A             ; RESERVED_INPUT_WITH_WEAK_PULLUP ;        ;              ;                     ; Column I/O   ;                 ; no       ; On           ;
; A7       ;            ; 8A             ; VCCIO8A                         ; power  ;              ; 2.5V                ; --           ;                 ; --       ; --           ;
; A8       ; 473        ; 8A             ; RESERVED_INPUT_WITH_WEAK_PULLUP ;        ;              ;                     ; Column I/O   ;                 ; no       ; On           ;
; A9       ; 471        ; 8A             ; RESERVED_INPUT_WITH_WEAK_PULLUP ;        ;              ;                     ; Column I/O   ;                 ; no       ; On           ;
; A10      ; 465        ; 8A             ; RESERVED_INPUT_WITH_WEAK_PULLUP ;        ;              ;                     ; Column I/O   ;                 ; no       ; On           ;
; A11      ; 463        ; 8A             ; RESERVED_INPUT_WITH_WEAK_PULLUP ;        ;              ;                     ; Column I/O   ;                 ; no       ; On           ;
; A12      ;            ;                ; GND                             ; gnd    ;              ;                     ; --           ;                 ; --       ; --           ;
; A13      ; 461        ; 8A             ; RESERVED_INPUT_WITH_WEAK_PULLUP ;        ;              ;                     ; Column I/O   ;                 ; no       ; On           ;
; A14      ; 455        ; 7D             ; RESERVED_INPUT_WITH_WEAK_PULLUP ;        ;              ;                     ; Column I/O   ;                 ; no       ; On           ;
; A15      ; 447        ; 7D             ; RESERVED_INPUT_WITH_WEAK_PULLUP ;        ;              ;                     ; Column I/O   ;                 ; no       ; On           ;
; A16      ; 439        ; 7C             ; RESERVED_INPUT_WITH_WEAK_PULLUP ;        ;              ;                     ; Column I/O   ;                 ; no       ; On           ;
; A17      ;            ;                ; GND                             ; gnd    ;              ;                     ; --           ;                 ; --       ; --           ;
; A18      ; 425        ; 7B             ; RESERVED_INPUT_WITH_WEAK_PULLUP ;        ;              ;                     ; Column I/O   ;                 ; no       ; On           ;
; A19      ; 423        ; 7B             ; RESERVED_INPUT_WITH_WEAK_PULLUP ;        ;              ;                     ; Column I/O   ;                 ; no       ; On           ;
; A20      ; 415        ; 7B             ; RESERVED_INPUT_WITH_WEAK_PULLUP ;        ;              ;                     ; Column I/O   ;                 ; no       ; On           ;
; A21      ; 411        ; 7B             ; RESERVED_INPUT_WITH_WEAK_PULLUP ;        ;              ;                     ; Column I/O   ;                 ; no       ; On           ;
; A22      ;            ;                ; GND                             ; gnd    ;              ;                     ; --           ;                 ; --       ; --           ;
; A23      ; 395        ; 7A             ; RESERVED_INPUT_WITH_WEAK_PULLUP ;        ;              ;                     ; Column I/O   ;                 ; no       ; On           ;
; A24      ; 391        ; 7A             ; RESERVED_INPUT_WITH_WEAK_PULLUP ;        ;              ;                     ; Column I/O   ;                 ; no       ; On           ;
; A25      ; 389        ; 7A             ; RESERVED_INPUT_WITH_WEAK_PULLUP ;        ;              ;                     ; Column I/O   ;                 ; no       ; On           ;
; A26      ; 382        ; 7A             ; ^GND                            ;        ;              ;                     ; --           ;                 ; --       ; --           ;
; A27      ;            ;                ; GND                             ; gnd    ;              ;                     ; --           ;                 ; --       ; --           ;
; A28      ; 380        ; 7A             ; ^HPS_TRST                       ;        ;              ;                     ; --           ;                 ; --       ; --           ;
; A29      ; 378        ; 7A             ; ^HPS_TMS                        ;        ;              ;                     ; --           ;                 ; --       ; --           ;
; AA1      ;            ;                ; GND                             ; gnd    ;              ;                     ; --           ;                 ; --       ; --           ;
; AA2      ;            ;                ; GND                             ; gnd    ;              ;                     ; --           ;                 ; --       ; --           ;
; AA3      ;            ;                ; GND                             ; gnd    ;              ;                     ; --           ;                 ; --       ; --           ;
; AA4      ;            ;                ; GND                             ; gnd    ;              ;                     ; --           ;                 ; --       ; --           ;
; AA5      ;            ; --             ; VCC                             ; power  ;              ; 1.1V                ; --           ;                 ; --       ; --           ;
; AA6      ;            ;                ; GND                             ; gnd    ;              ;                     ; --           ;                 ; --       ; --           ;
; AA7      ;            ;                ; DNU                             ;        ;              ;                     ; --           ;                 ; --       ; --           ;
; AA8      ;            ; --             ; VCCA_FPLL                       ; power  ;              ; 2.5V                ; --           ;                 ; --       ; --           ;
; AA9      ;            ;                ; GND                             ; gnd    ;              ;                     ; --           ;                 ; --       ; --           ;
; AA10     ;            ; 3A             ; VCCPD3A                         ; power  ;              ; 2.5V                ; --           ;                 ; --       ; --           ;
; AA11     ;            ;                ; GND                             ; gnd    ;              ;                     ; --           ;                 ; --       ; --           ;
; AA12     ; 74         ; 3A             ; RESERVED_INPUT_WITH_WEAK_PULLUP ;        ;              ;                     ; Column I/O   ;                 ; no       ; On           ;
; AA13     ; 90         ; 3B             ; RESERVED_INPUT_WITH_WEAK_PULLUP ;        ;              ;                     ; Column I/O   ;                 ; no       ; On           ;
; AA14     ; 122        ; 3B             ; RESERVED_INPUT_WITH_WEAK_PULLUP ;        ;              ;                     ; Column I/O   ;                 ; no       ; On           ;
; AA15     ; 120        ; 3B             ; RESERVED_INPUT_WITH_WEAK_PULLUP ;        ;              ;                     ; Column I/O   ;                 ; no       ; On           ;
; AA16     ; 146        ; 4A             ; RESERVED_INPUT_WITH_WEAK_PULLUP ;        ;              ;                     ; Column I/O   ;                 ; no       ; On           ;
; AA17     ;            ; 4A             ; VCCIO4A                         ; power  ;              ; 2.5V                ; --           ;                 ; --       ; --           ;
; AA18     ; 168        ; 4A             ; RESERVED_INPUT_WITH_WEAK_PULLUP ;        ;              ;                     ; Column I/O   ;                 ; no       ; On           ;
; AA19     ; 176        ; 4A             ; RESERVED_INPUT_WITH_WEAK_PULLUP ;        ;              ;                     ; Column I/O   ;                 ; no       ; On           ;
; AA20     ; 200        ; 4A             ; RESERVED_INPUT_WITH_WEAK_PULLUP ;        ;              ;                     ; Column I/O   ;                 ; no       ; On           ;
; AA21     ; 210        ; 4A             ; RESERVED_INPUT_WITH_WEAK_PULLUP ;        ;              ;                     ; Column I/O   ;                 ; no       ; On           ;
; AA22     ;            ;                ; GND                             ; gnd    ;              ;                     ; --           ;                 ; --       ; --           ;
; AA23     ;            ; --             ; VCCPGM                          ; power  ;              ; 1.8V/2.5V/3.0V/3.3V ; --           ;                 ; --       ; --           ;
; AA24     ; 228        ; 5A             ; seg2[3]                         ; output ; 2.5 V        ;                     ; Row I/O      ; N               ; no       ; Off          ;
; AA25     ; 224        ; 5A             ; nums[0]                         ; output ; 2.5 V        ;                     ; Row I/O      ; N               ; no       ; Off          ;
; AA26     ; 252        ; 5B             ; clk                             ; input  ; 2.5 V        ;                     ; Row I/O      ; N               ; no       ; Off          ;
; AA27     ;            ; 5B             ; VCCIO5B                         ; power  ;              ; 2.5V                ; --           ;                 ; --       ; --           ;
; AA28     ; 251        ; 5B             ; nums[11]                        ; output ; 2.5 V        ;                     ; Row I/O      ; N               ; no       ; Off          ;
; AA29     ;            ; 5B             ; VREFB5BN0                       ; power  ;              ;                     ; --           ;                 ; --       ; --           ;
; AA30     ; 250        ; 5B             ; nums[7]                         ; output ; 2.5 V        ;                     ; Row I/O      ; N               ; no       ; Off          ;
; AB1      ;            ;                ; GND                             ; gnd    ;              ;                     ; --           ;                 ; --       ; --           ;
; AB2      ;            ;                ; GND                             ; gnd    ;              ;                     ; --           ;                 ; --       ; --           ;
; AB3      ;            ;                ; DNU                             ;        ;              ;                     ; --           ;                 ; --       ; --           ;
; AB4      ;            ;                ; DNU                             ;        ;              ;                     ; --           ;                 ; --       ; --           ;
; AB5      ;            ;                ; GND                             ; gnd    ;              ;                     ; --           ;                 ; --       ; --           ;
; AB6      ;            ; --             ; VCCA_FPLL                       ; power  ;              ; 2.5V                ; --           ;                 ; --       ; --           ;
; AB7      ;            ;                ; GND                             ; gnd    ;              ;                     ; --           ;                 ; --       ; --           ;
; AB8      ; 43         ; 3A             ; ^nCSO, DATA4                    ;        ;              ;                     ; Weak Pull Up ;                 ; --       ; On           ;
; AB9      ; 42         ; 3A             ; altera_reserved_tdo             ; output ; 2.5 V        ;                     ; --           ; N               ; no       ; Off          ;
; AB10     ;            ; --             ; VCCPGM                          ; power  ;              ; 1.8V/2.5V/3.0V/3.3V ; --           ;                 ; --       ; --           ;
; AB11     ;            ; --             ; VCC_AUX                         ; power  ;              ; 2.5V                ; --           ;                 ; --       ; --           ;
; AB12     ; 72         ; 3A             ; RESERVED_INPUT_WITH_WEAK_PULLUP ;        ;              ;                     ; Column I/O   ;                 ; no       ; On           ;
; AB13     ; 88         ; 3B             ; RESERVED_INPUT_WITH_WEAK_PULLUP ;        ;              ;                     ; Column I/O   ;                 ; no       ; On           ;
; AB14     ;            ; 3B             ; VCCIO3B                         ; power  ;              ; 2.5V                ; --           ;                 ; --       ; --           ;
; AB15     ; 106        ; 3B             ; RESERVED_INPUT_WITH_WEAK_PULLUP ;        ;              ;                     ; Column I/O   ;                 ; no       ; On           ;
; AB16     ;            ; --             ; VCC_AUX                         ; power  ;              ; 2.5V                ; --           ;                 ; --       ; --           ;
; AB17     ; 144        ; 4A             ; RESERVED_INPUT_WITH_WEAK_PULLUP ;        ;              ;                     ; Column I/O   ;                 ; no       ; On           ;
; AB18     ;            ; 3B, 4A         ; VCCPD3B4A                       ; power  ;              ; 2.5V                ; --           ;                 ; --       ; --           ;
; AB19     ;            ;                ; GND                             ; gnd    ;              ;                     ; --           ;                 ; --       ; --           ;
; AB20     ;            ; 3B, 4A         ; VCCPD3B4A                       ; power  ;              ; 2.5V                ; --           ;                 ; --       ; --           ;
; AB21     ; 208        ; 4A             ; RESERVED_INPUT_WITH_WEAK_PULLUP ;        ;              ;                     ; Column I/O   ;                 ; no       ; On           ;
; AB22     ; 225        ; 5A             ; seg1[3]                         ; output ; 2.5 V        ;                     ; Row I/O      ; N               ; no       ; Off          ;
; AB23     ; 227        ; 5A             ; RESERVED_INPUT_WITH_WEAK_PULLUP ;        ;              ;                     ; Row I/O      ;                 ; no       ; On           ;
; AB24     ;            ; 5A             ; VCCIO5A                         ; power  ;              ; 2.5V                ; --           ;                 ; --       ; --           ;
; AB25     ; 230        ; 5A             ; seg1[6]                         ; output ; 2.5 V        ;                     ; Row I/O      ; N               ; no       ; Off          ;
; AB26     ; 226        ; 5A             ; seg4[0]                         ; output ; 2.5 V        ;                     ; Row I/O      ; N               ; no       ; Off          ;
; AB27     ; 254        ; 5B             ; nums[3]                         ; output ; 2.5 V        ;                     ; Row I/O      ; N               ; no       ; Off          ;
; AB28     ; 249        ; 5B             ; nums[13]                        ; output ; 2.5 V        ;                     ; Row I/O      ; N               ; no       ; Off          ;
; AB29     ;            ;                ; GND                             ; gnd    ;              ;                     ; --           ;                 ; --       ; --           ;
; AB30     ; 248        ; 5B             ; nums[5]                         ; output ; 2.5 V        ;                     ; Row I/O      ; N               ; no       ; Off          ;
; AC1      ;            ;                ; GND                             ; gnd    ;              ;                     ; --           ;                 ; --       ; --           ;
; AC2      ;            ;                ; GND                             ; gnd    ;              ;                     ; --           ;                 ; --       ; --           ;
; AC3      ;            ;                ; GND                             ; gnd    ;              ;                     ; --           ;                 ; --       ; --           ;
; AC4      ;            ;                ; GND                             ; gnd    ;              ;                     ; --           ;                 ; --       ; --           ;
; AC5      ; 46         ; 3A             ; altera_reserved_tck             ; input  ; 2.5 V        ;                     ; --           ; N               ; no       ; Off          ;
; AC6      ;            ;                ; GND                             ; gnd    ;              ;                     ; --           ;                 ; --       ; --           ;
; AC7      ; 45         ; 3A             ; ^AS_DATA3, DATA3                ;        ;              ;                     ; Weak Pull Up ;                 ; --       ; On           ;
; AC8      ;            ;                ; GND                             ; gnd    ;              ;                     ; --           ;                 ; --       ; --           ;
; AC9      ; 58         ; 3A             ; RESERVED_INPUT_WITH_WEAK_PULLUP ;        ;              ;                     ; Column I/O   ;                 ; no       ; On           ;
; AC10     ;            ; 3A             ; VCCPD3A                         ; power  ;              ; 2.5V                ; --           ;                 ; --       ; --           ;
; AC11     ;            ; 3A             ; VCCIO3A                         ; power  ;              ; 2.5V                ; --           ;                 ; --       ; --           ;
; AC12     ; 82         ; 3A             ; RESERVED_INPUT_WITH_WEAK_PULLUP ;        ;              ;                     ; Column I/O   ;                 ; no       ; On           ;
; AC13     ;            ; 3B, 4A         ; VCCPD3B4A                       ; power  ;              ; 2.5V                ; --           ;                 ; --       ; --           ;
; AC14     ; 104        ; 3B             ; RESERVED_INPUT_WITH_WEAK_PULLUP ;        ;              ;                     ; Column I/O   ;                 ; no       ; On           ;
; AC15     ;            ; 3B, 4A         ; VCCPD3B4A                       ; power  ;              ; 2.5V                ; --           ;                 ; --       ; --           ;
; AC16     ;            ;                ; GND                             ; gnd    ;              ;                     ; --           ;                 ; --       ; --           ;
; AC17     ;            ; 3B, 4A         ; VCCPD3B4A                       ; power  ;              ; 2.5V                ; --           ;                 ; --       ; --           ;
; AC18     ; 162        ; 4A             ; RESERVED_INPUT_WITH_WEAK_PULLUP ;        ;              ;                     ; Column I/O   ;                 ; no       ; On           ;
; AC19     ;            ; 3B, 4A         ; VCCPD3B4A                       ; power  ;              ; 2.5V                ; --           ;                 ; --       ; --           ;
; AC20     ; 186        ; 4A             ; RESERVED_INPUT_WITH_WEAK_PULLUP ;        ;              ;                     ; Column I/O   ;                 ; no       ; On           ;
; AC21     ;            ; 4A             ; VCCIO4A                         ; power  ;              ; 2.5V                ; --           ;                 ; --       ; --           ;
; AC22     ; 207        ; 4A             ; RESERVED_INPUT_WITH_WEAK_PULLUP ;        ;              ;                     ; Column I/O   ;                 ; no       ; On           ;
; AC23     ; 205        ; 4A             ; RESERVED_INPUT_WITH_WEAK_PULLUP ;        ;              ;                     ; Column I/O   ;                 ; no       ; On           ;
; AC24     ;            ; 5A             ; VREFB5AN0                       ; power  ;              ;                     ; --           ;                 ; --       ; --           ;
; AC25     ; 215        ; 5A             ; bt0                             ; input  ; 2.5 V        ;                     ; Row I/O      ; N               ; no       ; Off          ;
; AC26     ;            ;                ; GND                             ; gnd    ;              ;                     ; --           ;                 ; --       ; --           ;
; AC27     ; 242        ; 5A             ; seg1[5]                         ; output ; 2.5 V        ;                     ; Row I/O      ; N               ; no       ; Off          ;
; AC28     ; 245        ; 5B             ; nums[14]                        ; output ; 2.5 V        ;                     ; Row I/O      ; N               ; no       ; Off          ;
; AC29     ; 247        ; 5B             ; nums[9]                         ; output ; 2.5 V        ;                     ; Row I/O      ; N               ; no       ; Off          ;
; AC30     ; 259        ; 5B             ; nums[8]                         ; output ; 2.5 V        ;                     ; Row I/O      ; N               ; no       ; Off          ;
; AD1      ;            ;                ; GND                             ; gnd    ;              ;                     ; --           ;                 ; --       ; --           ;
; AD2      ;            ;                ; GND                             ; gnd    ;              ;                     ; --           ;                 ; --       ; --           ;
; AD3      ;            ;                ; DNU                             ;        ;              ;                     ; --           ;                 ; --       ; --           ;
; AD4      ;            ;                ; DNU                             ;        ;              ;                     ; --           ;                 ; --       ; --           ;
; AD5      ;            ;                ; GND                             ; gnd    ;              ;                     ; --           ;                 ; --       ; --           ;
; AD6      ;            ; 3A             ; VREFB3AN0                       ; power  ;              ;                     ; --           ;                 ; --       ; --           ;
; AD7      ; 62         ; 3A             ; RESERVED_INPUT_WITH_WEAK_PULLUP ;        ;              ;                     ; Column I/O   ;                 ; no       ; On           ;
; AD8      ;            ; 3A             ; VCCIO3A                         ; power  ;              ; 2.5V                ; --           ;                 ; --       ; --           ;
; AD9      ; 55         ; 3A             ; RESERVED_INPUT_WITH_WEAK_PULLUP ;        ;              ;                     ; Column I/O   ;                 ; no       ; On           ;
; AD10     ; 56         ; 3A             ; RESERVED_INPUT_WITH_WEAK_PULLUP ;        ;              ;                     ; Column I/O   ;                 ; no       ; On           ;
; AD11     ; 54         ; 3A             ; RESERVED_INPUT_WITH_WEAK_PULLUP ;        ;              ;                     ; Column I/O   ;                 ; no       ; On           ;
; AD12     ; 80         ; 3A             ; RESERVED_INPUT_WITH_WEAK_PULLUP ;        ;              ;                     ; Column I/O   ;                 ; no       ; On           ;
; AD13     ;            ; 3B             ; VCCIO3B                         ; power  ;              ; 2.5V                ; --           ;                 ; --       ; --           ;
; AD14     ; 98         ; 3B             ; RESERVED_INPUT_WITH_WEAK_PULLUP ;        ;              ;                     ; Column I/O   ;                 ; no       ; On           ;
; AD15     ;            ;                ; DNU                             ;        ;              ;                     ; --           ;                 ; --       ; --           ;
; AD16     ;            ; 3B, 4A         ; VCCPD3B4A                       ; power  ;              ; 2.5V                ; --           ;                 ; --       ; --           ;
; AD17     ; 160        ; 4A             ; RESERVED_INPUT_WITH_WEAK_PULLUP ;        ;              ;                     ; Column I/O   ;                 ; no       ; On           ;
; AD18     ;            ; 4A             ; VCCIO4A                         ; power  ;              ; 2.5V                ; --           ;                 ; --       ; --           ;
; AD19     ; 184        ; 4A             ; RESERVED_INPUT_WITH_WEAK_PULLUP ;        ;              ;                     ; Column I/O   ;                 ; no       ; On           ;
; AD20     ; 199        ; 4A             ; RESERVED_INPUT_WITH_WEAK_PULLUP ;        ;              ;                     ; Column I/O   ;                 ; no       ; On           ;
; AD21     ; 197        ; 4A             ; RESERVED_INPUT_WITH_WEAK_PULLUP ;        ;              ;                     ; Column I/O   ;                 ; no       ; On           ;
; AD22     ;            ; --             ; VCC_AUX                         ; power  ;              ; 2.5V                ; --           ;                 ; --       ; --           ;
; AD23     ;            ;                ; GND                             ; gnd    ;              ;                     ; --           ;                 ; --       ; --           ;
; AD24     ; 211        ; 4A             ; RESERVED_INPUT_WITH_WEAK_PULLUP ;        ;              ;                     ; Column I/O   ;                 ; no       ; On           ;
; AD25     ; 213        ; 5A             ; seg1[2]                         ; output ; 2.5 V        ;                     ; Row I/O      ; N               ; no       ; Off          ;
; AD26     ; 240        ; 5A             ; seg2[0]                         ; output ; 2.5 V        ;                     ; Row I/O      ; N               ; no       ; Off          ;
; AD27     ; 222        ; 5A             ; seg2[6]                         ; output ; 2.5 V        ;                     ; Row I/O      ; N               ; no       ; Off          ;
; AD28     ;            ; 5A             ; VCCIO5A                         ; power  ;              ; 2.5V                ; --           ;                 ; --       ; --           ;
; AD29     ; 255        ; 5B             ; nums[15]                        ; output ; 2.5 V        ;                     ; Row I/O      ; N               ; no       ; Off          ;
; AD30     ; 257        ; 5B             ; nums[12]                        ; output ; 2.5 V        ;                     ; Row I/O      ; N               ; no       ; Off          ;
; AE1      ;            ;                ; GND                             ; gnd    ;              ;                     ; --           ;                 ; --       ; --           ;
; AE2      ;            ;                ; GND                             ; gnd    ;              ;                     ; --           ;                 ; --       ; --           ;
; AE3      ;            ;                ; GND                             ; gnd    ;              ;                     ; --           ;                 ; --       ; --           ;
; AE4      ;            ;                ; GND                             ; gnd    ;              ;                     ; --           ;                 ; --       ; --           ;
; AE5      ; 49         ; 3A             ; ^AS_DATA1, DATA1                ;        ;              ;                     ; Weak Pull Up ;                 ; --       ; On           ;
; AE6      ; 51         ; 3A             ; ^AS_DATA0, ASDO, DATA0          ;        ;              ;                     ; Weak Pull Up ;                 ; --       ; On           ;
; AE7      ; 60         ; 3A             ; RESERVED_INPUT_WITH_WEAK_PULLUP ;        ;              ;                     ; Column I/O   ;                 ; no       ; On           ;
; AE8      ; 47         ; 3A             ; ^AS_DATA2, DATA2                ;        ;              ;                     ; Weak Pull Up ;                 ; --       ; On           ;
; AE9      ; 53         ; 3A             ; RESERVED_INPUT_WITH_WEAK_PULLUP ;        ;              ;                     ; Column I/O   ;                 ; no       ; On           ;
; AE10     ;            ;                ; GND                             ; gnd    ;              ;                     ; --           ;                 ; --       ; --           ;
; AE11     ; 59         ; 3A             ; RESERVED_INPUT_WITH_WEAK_PULLUP ;        ;              ;                     ; Column I/O   ;                 ; no       ; On           ;
; AE12     ; 52         ; 3A             ; RESERVED_INPUT_WITH_WEAK_PULLUP ;        ;              ;                     ; Column I/O   ;                 ; no       ; On           ;
; AE13     ; 95         ; 3B             ; RESERVED_INPUT_WITH_WEAK_PULLUP ;        ;              ;                     ; Column I/O   ;                 ; no       ; On           ;
; AE14     ; 96         ; 3B             ; RESERVED_INPUT_WITH_WEAK_PULLUP ;        ;              ;                     ; Column I/O   ;                 ; no       ; On           ;
; AE15     ;            ; 3B             ; VCCIO3B                         ; power  ;              ; 2.5V                ; --           ;                 ; --       ; --           ;
; AE16     ; 139        ; 4A             ; RESERVED_INPUT_WITH_WEAK_PULLUP ;        ;              ;                     ; Column I/O   ;                 ; no       ; On           ;
; AE17     ; 135        ; 4A             ; RESERVED_INPUT_WITH_WEAK_PULLUP ;        ;              ;                     ; Column I/O   ;                 ; no       ; On           ;
; AE18     ; 167        ; 4A             ; RESERVED_INPUT_WITH_WEAK_PULLUP ;        ;              ;                     ; Column I/O   ;                 ; no       ; On           ;
; AE19     ; 165        ; 4A             ; RESERVED_INPUT_WITH_WEAK_PULLUP ;        ;              ;                     ; Column I/O   ;                 ; no       ; On           ;
; AE20     ;            ;                ; GND                             ; gnd    ;              ;                     ; --           ;                 ; --       ; --           ;
; AE21     ;            ; 3B, 4A         ; VCCPD3B4A                       ; power  ;              ; 2.5V                ; --           ;                 ; --       ; --           ;
; AE22     ; 191        ; 4A             ; RESERVED_INPUT_WITH_WEAK_PULLUP ;        ;              ;                     ; Column I/O   ;                 ; no       ; On           ;
; AE23     ; 189        ; 4A             ; RESERVED_INPUT_WITH_WEAK_PULLUP ;        ;              ;                     ; Column I/O   ;                 ; no       ; On           ;
; AE24     ; 209        ; 4A             ; RESERVED_INPUT_WITH_WEAK_PULLUP ;        ;              ;                     ; Column I/O   ;                 ; no       ; On           ;
; AE25     ;            ; 4A             ; VCCIO4A                         ; power  ;              ; 2.5V                ; --           ;                 ; --       ; --           ;
; AE26     ; 220        ; 5A             ; seg3[4]                         ; output ; 2.5 V        ;                     ; Row I/O      ; N               ; no       ; Off          ;
; AE27     ; 229        ; 5A             ; seg4[3]                         ; output ; 2.5 V        ;                     ; Row I/O      ; N               ; no       ; Off          ;
; AE28     ; 231        ; 5A             ; seg4[2]                         ; output ; 2.5 V        ;                     ; Row I/O      ; N               ; no       ; Off          ;
; AE29     ; 253        ; 5B             ; nums[10]                        ; output ; 2.5 V        ;                     ; Row I/O      ; N               ; no       ; Off          ;
; AE30     ;            ; 5B             ; VCCIO5B                         ; power  ;              ; 2.5V                ; --           ;                 ; --       ; --           ;
; AF1      ;            ;                ; GND                             ; gnd    ;              ;                     ; --           ;                 ; --       ; --           ;
; AF2      ;            ;                ; GND                             ; gnd    ;              ;                     ; --           ;                 ; --       ; --           ;
; AF3      ;            ;                ; GND                             ; gnd    ;              ;                     ; --           ;                 ; --       ; --           ;
; AF4      ; 66         ; 3A             ; RESERVED_INPUT_WITH_WEAK_PULLUP ;        ;              ;                     ; Column I/O   ;                 ; no       ; On           ;
; AF5      ; 64         ; 3A             ; RESERVED_INPUT_WITH_WEAK_PULLUP ;        ;              ;                     ; Column I/O   ;                 ; no       ; On           ;
; AF6      ; 75         ; 3A             ; RESERVED_INPUT_WITH_WEAK_PULLUP ;        ;              ;                     ; Column I/O   ;                 ; no       ; On           ;
; AF7      ;            ; 3A             ; VCCIO3A                         ; power  ;              ; 2.5V                ; --           ;                 ; --       ; --           ;
; AF8      ; 70         ; 3A             ; RESERVED_INPUT_WITH_WEAK_PULLUP ;        ;              ;                     ; Column I/O   ;                 ; no       ; On           ;
; AF9      ; 67         ; 3A             ; RESERVED_INPUT_WITH_WEAK_PULLUP ;        ;              ;                     ; Column I/O   ;                 ; no       ; On           ;
; AF10     ; 57         ; 3A             ; RESERVED_INPUT_WITH_WEAK_PULLUP ;        ;              ;                     ; Column I/O   ;                 ; no       ; On           ;
; AF11     ; 87         ; 3B             ; RESERVED_INPUT_WITH_WEAK_PULLUP ;        ;              ;                     ; Column I/O   ;                 ; no       ; On           ;
; AF12     ;            ;                ; GND                             ; gnd    ;              ;                     ; --           ;                 ; --       ; --           ;
; AF13     ; 93         ; 3B             ; RESERVED_INPUT_WITH_WEAK_PULLUP ;        ;              ;                     ; Column I/O   ;                 ; no       ; On           ;
; AF14     ; 114        ; 3B             ; RESERVED_INPUT_WITH_WEAK_PULLUP ;        ;              ;                     ; Column I/O   ;                 ; no       ; On           ;
; AF15     ; 112        ; 3B             ; RESERVED_INPUT_WITH_WEAK_PULLUP ;        ;              ;                     ; Column I/O   ;                 ; no       ; On           ;
; AF16     ; 137        ; 4A             ; RESERVED_INPUT_WITH_WEAK_PULLUP ;        ;              ;                     ; Column I/O   ;                 ; no       ; On           ;
; AF17     ;            ;                ; GND                             ; gnd    ;              ;                     ; --           ;                 ; --       ; --           ;
; AF18     ; 133        ; 4A             ; RESERVED_INPUT_WITH_WEAK_PULLUP ;        ;              ;                     ; Column I/O   ;                 ; no       ; On           ;
; AF19     ; 159        ; 4A             ; RESERVED_INPUT_WITH_WEAK_PULLUP ;        ;              ;                     ; Column I/O   ;                 ; no       ; On           ;
; AF20     ; 175        ; 4A             ; RESERVED_INPUT_WITH_WEAK_PULLUP ;        ;              ;                     ; Column I/O   ;                 ; no       ; On           ;
; AF21     ; 173        ; 4A             ; RESERVED_INPUT_WITH_WEAK_PULLUP ;        ;              ;                     ; Column I/O   ;                 ; no       ; On           ;
; AF22     ;            ; 4A             ; VCCIO4A                         ; power  ;              ; 2.5V                ; --           ;                 ; --       ; --           ;
; AF23     ; 183        ; 4A             ; RESERVED_INPUT_WITH_WEAK_PULLUP ;        ;              ;                     ; Column I/O   ;                 ; no       ; On           ;
; AF24     ; 181        ; 4A             ; RESERVED_INPUT_WITH_WEAK_PULLUP ;        ;              ;                     ; Column I/O   ;                 ; no       ; On           ;
; AF25     ; 206        ; 4A             ; RESERVED_INPUT_WITH_WEAK_PULLUP ;        ;              ;                     ; Column I/O   ;                 ; no       ; On           ;
; AF26     ; 204        ; 4A             ; RESERVED_INPUT_WITH_WEAK_PULLUP ;        ;              ;                     ; Column I/O   ;                 ; no       ; On           ;
; AF27     ;            ;                ; GND                             ; gnd    ;              ;                     ; --           ;                 ; --       ; --           ;
; AF28     ; 235        ; 5A             ; seg4[4]                         ; output ; 2.5 V        ;                     ; Row I/O      ; N               ; no       ; Off          ;
; AF29     ; 237        ; 5A             ; seg4[1]                         ; output ; 2.5 V        ;                     ; Row I/O      ; N               ; no       ; Off          ;
; AF30     ; 239        ; 5A             ; seg4[5]                         ; output ; 2.5 V        ;                     ; Row I/O      ; N               ; no       ; Off          ;
; AG1      ; 71         ; 3A             ; RESERVED_INPUT_WITH_WEAK_PULLUP ;        ;              ;                     ; Column I/O   ;                 ; no       ; On           ;
; AG2      ; 83         ; 3A             ; RESERVED_INPUT_WITH_WEAK_PULLUP ;        ;              ;                     ; Column I/O   ;                 ; no       ; On           ;
; AG3      ; 63         ; 3A             ; RESERVED_INPUT_WITH_WEAK_PULLUP ;        ;              ;                     ; Column I/O   ;                 ; no       ; On           ;
; AG4      ;            ; 3A             ; VCCIO3A                         ; power  ;              ; 2.5V                ; --           ;                 ; --       ; --           ;
; AG5      ; 78         ; 3A             ; RESERVED_INPUT_WITH_WEAK_PULLUP ;        ;              ;                     ; Column I/O   ;                 ; no       ; On           ;
; AG6      ; 73         ; 3A             ; RESERVED_INPUT_WITH_WEAK_PULLUP ;        ;              ;                     ; Column I/O   ;                 ; no       ; On           ;
; AG7      ; 68         ; 3A             ; RESERVED_INPUT_WITH_WEAK_PULLUP ;        ;              ;                     ; Column I/O   ;                 ; no       ; On           ;
; AG8      ; 65         ; 3A             ; RESERVED_INPUT_WITH_WEAK_PULLUP ;        ;              ;                     ; Column I/O   ;                 ; no       ; On           ;
; AG9      ;            ;                ; GND                             ; gnd    ;              ;                     ; --           ;                 ; --       ; --           ;
; AG10     ; 86         ; 3B             ; RESERVED_INPUT_WITH_WEAK_PULLUP ;        ;              ;                     ; Column I/O   ;                 ; no       ; On           ;
; AG11     ; 85         ; 3B             ; RESERVED_INPUT_WITH_WEAK_PULLUP ;        ;              ;                     ; Column I/O   ;                 ; no       ; On           ;
; AG12     ; 103        ; 3B             ; RESERVED_INPUT_WITH_WEAK_PULLUP ;        ;              ;                     ; Column I/O   ;                 ; no       ; On           ;
; AG13     ; 101        ; 3B             ; RESERVED_INPUT_WITH_WEAK_PULLUP ;        ;              ;                     ; Column I/O   ;                 ; no       ; On           ;
; AG14     ;            ;                ; GND                             ; gnd    ;              ;                     ; --           ;                 ; --       ; --           ;
; AG15     ; 127        ; 3B             ; RESERVED_INPUT_WITH_WEAK_PULLUP ;        ;              ;                     ; Column I/O   ;                 ; no       ; On           ;
; AG16     ; 134        ; 4A             ; RESERVED_INPUT_WITH_WEAK_PULLUP ;        ;              ;                     ; Column I/O   ;                 ; no       ; On           ;
; AG17     ; 132        ; 4A             ; RESERVED_INPUT_WITH_WEAK_PULLUP ;        ;              ;                     ; Column I/O   ;                 ; no       ; On           ;
; AG18     ; 150        ; 4A             ; RESERVED_INPUT_WITH_WEAK_PULLUP ;        ;              ;                     ; Column I/O   ;                 ; no       ; On           ;
; AG19     ;            ; 4A             ; VCCIO4A                         ; power  ;              ; 2.5V                ; --           ;                 ; --       ; --           ;
; AG20     ; 157        ; 4A             ; RESERVED_INPUT_WITH_WEAK_PULLUP ;        ;              ;                     ; Column I/O   ;                 ; no       ; On           ;
; AG21     ; 143        ; 4A             ; RESERVED_INPUT_WITH_WEAK_PULLUP ;        ;              ;                     ; Column I/O   ;                 ; no       ; On           ;
; AG22     ; 166        ; 4A             ; RESERVED_INPUT_WITH_WEAK_PULLUP ;        ;              ;                     ; Column I/O   ;                 ; no       ; On           ;
; AG23     ; 163        ; 4A             ; RESERVED_INPUT_WITH_WEAK_PULLUP ;        ;              ;                     ; Column I/O   ;                 ; no       ; On           ;
; AG24     ;            ;                ; GND                             ; gnd    ;              ;                     ; --           ;                 ; --       ; --           ;
; AG25     ; 190        ; 4A             ; RESERVED_INPUT_WITH_WEAK_PULLUP ;        ;              ;                     ; Column I/O   ;                 ; no       ; On           ;
; AG26     ; 203        ; 4A             ; RESERVED_INPUT_WITH_WEAK_PULLUP ;        ;              ;                     ; Column I/O   ;                 ; no       ; On           ;
; AG27     ; 212        ; 5A             ; seg3[1]                         ; output ; 2.5 V        ;                     ; Row I/O      ; N               ; no       ; Off          ;
; AG28     ; 233        ; 5A             ; seg3[5]                         ; output ; 2.5 V        ;                     ; Row I/O      ; N               ; no       ; Off          ;
; AG29     ;            ; 5A             ; VCCIO5A                         ; power  ;              ; 2.5V                ; --           ;                 ; --       ; --           ;
; AG30     ; 243        ; 5A             ; seg3[6]                         ; output ; 2.5 V        ;                     ; Row I/O      ; N               ; no       ; Off          ;
; AH1      ;            ;                ; GND                             ; gnd    ;              ;                     ; --           ;                 ; --       ; --           ;
; AH2      ; 69         ; 3A             ; RESERVED_INPUT_WITH_WEAK_PULLUP ;        ;              ;                     ; Column I/O   ;                 ; no       ; On           ;
; AH3      ; 81         ; 3A             ; RESERVED_INPUT_WITH_WEAK_PULLUP ;        ;              ;                     ; Column I/O   ;                 ; no       ; On           ;
; AH4      ; 61         ; 3A             ; RESERVED_INPUT_WITH_WEAK_PULLUP ;        ;              ;                     ; Column I/O   ;                 ; no       ; On           ;
; AH5      ; 76         ; 3A             ; RESERVED_INPUT_WITH_WEAK_PULLUP ;        ;              ;                     ; Column I/O   ;                 ; no       ; On           ;
; AH6      ;            ;                ; GND                             ; gnd    ;              ;                     ; --           ;                 ; --       ; --           ;
; AH7      ; 115        ; 3B             ; RESERVED_INPUT_WITH_WEAK_PULLUP ;        ;              ;                     ; Column I/O   ;                 ; no       ; On           ;
; AH8      ; 113        ; 3B             ; RESERVED_INPUT_WITH_WEAK_PULLUP ;        ;              ;                     ; Column I/O   ;                 ; no       ; On           ;
; AH9      ; 84         ; 3B             ; RESERVED_INPUT_WITH_WEAK_PULLUP ;        ;              ;                     ; Column I/O   ;                 ; no       ; On           ;
; AH10     ; 118        ; 3B             ; RESERVED_INPUT_WITH_WEAK_PULLUP ;        ;              ;                     ; Column I/O   ;                 ; no       ; On           ;
; AH11     ;            ;                ; GND                             ; gnd    ;              ;                     ; --           ;                 ; --       ; --           ;
; AH12     ; 126        ; 3B             ; RESERVED_INPUT_WITH_WEAK_PULLUP ;        ;              ;                     ; Column I/O   ;                 ; no       ; On           ;
; AH13     ; 111        ; 3B             ; RESERVED_INPUT_WITH_WEAK_PULLUP ;        ;              ;                     ; Column I/O   ;                 ; no       ; On           ;
; AH14     ; 109        ; 3B             ; RESERVED_INPUT_WITH_WEAK_PULLUP ;        ;              ;                     ; Column I/O   ;                 ; no       ; On           ;
; AH15     ; 125        ; 3B             ; RESERVED_INPUT_WITH_WEAK_PULLUP ;        ;              ;                     ; Column I/O   ;                 ; no       ; On           ;
; AH16     ;            ; 4A             ; VCCIO4A                         ; power  ;              ; 2.5V                ; --           ;                 ; --       ; --           ;
; AH17     ; 147        ; 4A             ; RESERVED_INPUT_WITH_WEAK_PULLUP ;        ;              ;                     ; Column I/O   ;                 ; no       ; On           ;
; AH18     ; 145        ; 4A             ; RESERVED_INPUT_WITH_WEAK_PULLUP ;        ;              ;                     ; Column I/O   ;                 ; no       ; On           ;
; AH19     ; 148        ; 4A             ; RESERVED_INPUT_WITH_WEAK_PULLUP ;        ;              ;                     ; Column I/O   ;                 ; no       ; On           ;
; AH20     ; 141        ; 4A             ; RESERVED_INPUT_WITH_WEAK_PULLUP ;        ;              ;                     ; Column I/O   ;                 ; no       ; On           ;
; AH21     ;            ;                ; GND                             ; gnd    ;              ;                     ; --           ;                 ; --       ; --           ;
; AH22     ; 164        ; 4A             ; RESERVED_INPUT_WITH_WEAK_PULLUP ;        ;              ;                     ; Column I/O   ;                 ; no       ; On           ;
; AH23     ; 174        ; 4A             ; RESERVED_INPUT_WITH_WEAK_PULLUP ;        ;              ;                     ; Column I/O   ;                 ; no       ; On           ;
; AH24     ; 161        ; 4A             ; RESERVED_INPUT_WITH_WEAK_PULLUP ;        ;              ;                     ; Column I/O   ;                 ; no       ; On           ;
; AH25     ; 188        ; 4A             ; RESERVED_INPUT_WITH_WEAK_PULLUP ;        ;              ;                     ; Column I/O   ;                 ; no       ; On           ;
; AH26     ;            ; 4A             ; VCCIO4A                         ; power  ;              ; 2.5V                ; --           ;                 ; --       ; --           ;
; AH27     ; 201        ; 4A             ; RESERVED_INPUT_WITH_WEAK_PULLUP ;        ;              ;                     ; Column I/O   ;                 ; no       ; On           ;
; AH28     ; 214        ; 5A             ; seg3[2]                         ; output ; 2.5 V        ;                     ; Row I/O      ; N               ; no       ; Off          ;
; AH29     ; 218        ; 5A             ; seg3[0]                         ; output ; 2.5 V        ;                     ; Row I/O      ; N               ; no       ; Off          ;
; AH30     ; 241        ; 5A             ; seg4[6]                         ; output ; 2.5 V        ;                     ; Row I/O      ; N               ; no       ; Off          ;
; AJ1      ; 79         ; 3A             ; RESERVED_INPUT_WITH_WEAK_PULLUP ;        ;              ;                     ; Column I/O   ;                 ; no       ; On           ;
; AJ2      ; 77         ; 3A             ; RESERVED_INPUT_WITH_WEAK_PULLUP ;        ;              ;                     ; Column I/O   ;                 ; no       ; On           ;
; AJ3      ;            ;                ; GND                             ; gnd    ;              ;                     ; --           ;                 ; --       ; --           ;
; AJ4      ; 94         ; 3B             ; RESERVED_INPUT_WITH_WEAK_PULLUP ;        ;              ;                     ; Column I/O   ;                 ; no       ; On           ;
; AJ5      ; 99         ; 3B             ; RESERVED_INPUT_WITH_WEAK_PULLUP ;        ;              ;                     ; Column I/O   ;                 ; no       ; On           ;
; AJ6      ; 102        ; 3B             ; RESERVED_INPUT_WITH_WEAK_PULLUP ;        ;              ;                     ; Column I/O   ;                 ; no       ; On           ;
; AJ7      ; 100        ; 3B             ; RESERVED_INPUT_WITH_WEAK_PULLUP ;        ;              ;                     ; Column I/O   ;                 ; no       ; On           ;
; AJ8      ;            ; 3B             ; VCCIO3B                         ; power  ;              ; 2.5V                ; --           ;                 ; --       ; --           ;
; AJ9      ; 110        ; 3B             ; RESERVED_INPUT_WITH_WEAK_PULLUP ;        ;              ;                     ; Column I/O   ;                 ; no       ; On           ;
; AJ10     ; 116        ; 3B             ; RESERVED_INPUT_WITH_WEAK_PULLUP ;        ;              ;                     ; Column I/O   ;                 ; no       ; On           ;
; AJ11     ; 119        ; 3B             ; RESERVED_INPUT_WITH_WEAK_PULLUP ;        ;              ;                     ; Column I/O   ;                 ; no       ; On           ;
; AJ12     ; 124        ; 3B             ; RESERVED_INPUT_WITH_WEAK_PULLUP ;        ;              ;                     ; Column I/O   ;                 ; no       ; On           ;
; AJ13     ;            ; 3B             ; VCCIO3B                         ; power  ;              ; 2.5V                ; --           ;                 ; --       ; --           ;
; AJ14     ; 131        ; 3B             ; RESERVED_INPUT_WITH_WEAK_PULLUP ;        ;              ;                     ; Column I/O   ;                 ; no       ; On           ;
; AJ15     ;            ; 3B             ; VREFB3BN0                       ; power  ;              ;                     ; --           ;                 ; --       ; --           ;
; AJ16     ; 142        ; 4A             ; RESERVED_INPUT_WITH_WEAK_PULLUP ;        ;              ;                     ; Column I/O   ;                 ; no       ; On           ;
; AJ17     ; 151        ; 4A             ; RESERVED_INPUT_WITH_WEAK_PULLUP ;        ;              ;                     ; Column I/O   ;                 ; no       ; On           ;
; AJ18     ;            ;                ; GND                             ; gnd    ;              ;                     ; --           ;                 ; --       ; --           ;
; AJ19     ; 155        ; 4A             ; RESERVED_INPUT_WITH_WEAK_PULLUP ;        ;              ;                     ; Column I/O   ;                 ; no       ; On           ;
; AJ20     ; 158        ; 4A             ; RESERVED_INPUT_WITH_WEAK_PULLUP ;        ;              ;                     ; Column I/O   ;                 ; no       ; On           ;
; AJ21     ; 156        ; 4A             ; RESERVED_INPUT_WITH_WEAK_PULLUP ;        ;              ;                     ; Column I/O   ;                 ; no       ; On           ;
; AJ22     ; 172        ; 4A             ; RESERVED_INPUT_WITH_WEAK_PULLUP ;        ;              ;                     ; Column I/O   ;                 ; no       ; On           ;
; AJ23     ;            ; 4A             ; VCCIO4A                         ; power  ;              ; 2.5V                ; --           ;                 ; --       ; --           ;
; AJ24     ; 182        ; 4A             ; RESERVED_INPUT_WITH_WEAK_PULLUP ;        ;              ;                     ; Column I/O   ;                 ; no       ; On           ;
; AJ25     ; 180        ; 4A             ; RESERVED_INPUT_WITH_WEAK_PULLUP ;        ;              ;                     ; Column I/O   ;                 ; no       ; On           ;
; AJ26     ; 187        ; 4A             ; RESERVED_INPUT_WITH_WEAK_PULLUP ;        ;              ;                     ; Column I/O   ;                 ; no       ; On           ;
; AJ27     ; 195        ; 4A             ; RESERVED_INPUT_WITH_WEAK_PULLUP ;        ;              ;                     ; Column I/O   ;                 ; no       ; On           ;
; AJ28     ;            ;                ; GND                             ; gnd    ;              ;                     ; --           ;                 ; --       ; --           ;
; AJ29     ; 216        ; 5A             ; seg3[3]                         ; output ; 2.5 V        ;                     ; Row I/O      ; N               ; no       ; Off          ;
; AJ30     ;            ;                ; GND                             ; gnd    ;              ;                     ; --           ;                 ; --       ; --           ;
; AK2      ; 91         ; 3B             ; RESERVED_INPUT_WITH_WEAK_PULLUP ;        ;              ;                     ; Column I/O   ;                 ; no       ; On           ;
; AK3      ; 89         ; 3B             ; RESERVED_INPUT_WITH_WEAK_PULLUP ;        ;              ;                     ; Column I/O   ;                 ; no       ; On           ;
; AK4      ; 92         ; 3B             ; RESERVED_INPUT_WITH_WEAK_PULLUP ;        ;              ;                     ; Column I/O   ;                 ; no       ; On           ;
; AK5      ;            ;                ; GND                             ; gnd    ;              ;                     ; --           ;                 ; --       ; --           ;
; AK6      ; 97         ; 3B             ; RESERVED_INPUT_WITH_WEAK_PULLUP ;        ;              ;                     ; Column I/O   ;                 ; no       ; On           ;
; AK7      ; 107        ; 3B             ; RESERVED_INPUT_WITH_WEAK_PULLUP ;        ;              ;                     ; Column I/O   ;                 ; no       ; On           ;
; AK8      ; 105        ; 3B             ; RESERVED_INPUT_WITH_WEAK_PULLUP ;        ;              ;                     ; Column I/O   ;                 ; no       ; On           ;
; AK9      ; 108        ; 3B             ; RESERVED_INPUT_WITH_WEAK_PULLUP ;        ;              ;                     ; Column I/O   ;                 ; no       ; On           ;
; AK10     ;            ; 3B             ; VCCIO3B                         ; power  ;              ; 2.5V                ; --           ;                 ; --       ; --           ;
; AK11     ; 117        ; 3B             ; RESERVED_INPUT_WITH_WEAK_PULLUP ;        ;              ;                     ; Column I/O   ;                 ; no       ; On           ;
; AK12     ; 123        ; 3B             ; RESERVED_INPUT_WITH_WEAK_PULLUP ;        ;              ;                     ; Column I/O   ;                 ; no       ; On           ;
; AK13     ; 121        ; 3B             ; RESERVED_INPUT_WITH_WEAK_PULLUP ;        ;              ;                     ; Column I/O   ;                 ; no       ; On           ;
; AK14     ; 129        ; 3B             ; RESERVED_INPUT_WITH_WEAK_PULLUP ;        ;              ;                     ; Column I/O   ;                 ; no       ; On           ;
; AK15     ;            ;                ; GND                             ; gnd    ;              ;                     ; --           ;                 ; --       ; --           ;
; AK16     ; 140        ; 4A             ; RESERVED_INPUT_WITH_WEAK_PULLUP ;        ;              ;                     ; Column I/O   ;                 ; no       ; On           ;
; AK17     ;            ; 4A             ; VREFB4AN0                       ; power  ;              ;                     ; --           ;                 ; --       ; --           ;
; AK18     ; 149        ; 4A             ; RESERVED_INPUT_WITH_WEAK_PULLUP ;        ;              ;                     ; Column I/O   ;                 ; no       ; On           ;
; AK19     ; 153        ; 4A             ; RESERVED_INPUT_WITH_WEAK_PULLUP ;        ;              ;                     ; Column I/O   ;                 ; no       ; On           ;
; AK20     ;            ; 4A             ; VCCIO4A                         ; power  ;              ; 2.5V                ; --           ;                 ; --       ; --           ;
; AK21     ; 171        ; 4A             ; RESERVED_INPUT_WITH_WEAK_PULLUP ;        ;              ;                     ; Column I/O   ;                 ; no       ; On           ;
; AK22     ; 169        ; 4A             ; RESERVED_INPUT_WITH_WEAK_PULLUP ;        ;              ;                     ; Column I/O   ;                 ; no       ; On           ;
; AK23     ; 179        ; 4A             ; RESERVED_INPUT_WITH_WEAK_PULLUP ;        ;              ;                     ; Column I/O   ;                 ; no       ; On           ;
; AK24     ; 177        ; 4A             ; RESERVED_INPUT_WITH_WEAK_PULLUP ;        ;              ;                     ; Column I/O   ;                 ; no       ; On           ;
; AK25     ;            ;                ; GND                             ; gnd    ;              ;                     ; --           ;                 ; --       ; --           ;
; AK26     ; 185        ; 4A             ; RESERVED_INPUT_WITH_WEAK_PULLUP ;        ;              ;                     ; Column I/O   ;                 ; no       ; On           ;
; AK27     ; 193        ; 4A             ; RESERVED_INPUT_WITH_WEAK_PULLUP ;        ;              ;                     ; Column I/O   ;                 ; no       ; On           ;
; AK28     ; 198        ; 4A             ; RESERVED_INPUT_WITH_WEAK_PULLUP ;        ;              ;                     ; Column I/O   ;                 ; no       ; On           ;
; AK29     ; 196        ; 4A             ; RESERVED_INPUT_WITH_WEAK_PULLUP ;        ;              ;                     ; Column I/O   ;                 ; no       ; On           ;
; B1       ; 509        ; 8A             ; RESERVED_INPUT_WITH_WEAK_PULLUP ;        ;              ;                     ; Column I/O   ;                 ; no       ; On           ;
; B2       ; 507        ; 8A             ; RESERVED_INPUT_WITH_WEAK_PULLUP ;        ;              ;                     ; Column I/O   ;                 ; no       ; On           ;
; B3       ; 513        ; 8A             ; RESERVED_INPUT_WITH_WEAK_PULLUP ;        ;              ;                     ; Column I/O   ;                 ; no       ; On           ;
; B4       ;            ; 8A             ; VCCIO8A                         ; power  ;              ; 2.5V                ; --           ;                 ; --       ; --           ;
; B5       ; 512        ; 8A             ; RESERVED_INPUT_WITH_WEAK_PULLUP ;        ;              ;                     ; Column I/O   ;                 ; no       ; On           ;
; B6       ; 510        ; 8A             ; RESERVED_INPUT_WITH_WEAK_PULLUP ;        ;              ;                     ; Column I/O   ;                 ; no       ; On           ;
; B7       ; 477        ; 8A             ; RESERVED_INPUT_WITH_WEAK_PULLUP ;        ;              ;                     ; Column I/O   ;                 ; no       ; On           ;
; B8       ; 481        ; 8A             ; RESERVED_INPUT_WITH_WEAK_PULLUP ;        ;              ;                     ; Column I/O   ;                 ; no       ; On           ;
; B9       ;            ;                ; GND                             ; gnd    ;              ;                     ; --           ;                 ; --       ; --           ;
; B10      ;            ; 8A             ; VREFB8AN0                       ; power  ;              ;                     ; --           ;                 ; --       ; --           ;
; B11      ; 469        ; 8A             ; RESERVED_INPUT_WITH_WEAK_PULLUP ;        ;              ;                     ; Column I/O   ;                 ; no       ; On           ;
; B12      ; 464        ; 8A             ; RESERVED_INPUT_WITH_WEAK_PULLUP ;        ;              ;                     ; Column I/O   ;                 ; no       ; On           ;
; B13      ; 459        ; 8A             ; RESERVED_INPUT_WITH_WEAK_PULLUP ;        ;              ;                     ; Column I/O   ;                 ; no       ; On           ;
; B14      ;            ;                ; GND                             ; gnd    ;              ;                     ; --           ;                 ; --       ; --           ;
; B15      ; 451        ; 7D             ; RESERVED_INPUT_WITH_WEAK_PULLUP ;        ;              ;                     ; Column I/O   ;                 ; no       ; On           ;
; B16      ; 441        ; 7C             ; RESERVED_INPUT_WITH_WEAK_PULLUP ;        ;              ;                     ; Column I/O   ;                 ; no       ; On           ;
; B17      ; 431        ; 7C             ; RESERVED_INPUT_WITH_WEAK_PULLUP ;        ;              ;                     ; Column I/O   ;                 ; no       ; On           ;
; B18      ; 418        ; 7B             ; RESERVED_INPUT_WITH_WEAK_PULLUP ;        ;              ;                     ; Column I/O   ;                 ; no       ; On           ;
; B19      ;            ;                ; GND                             ; gnd    ;              ;                     ; --           ;                 ; --       ; --           ;
; B20      ; 417        ; 7B             ; RESERVED_INPUT_WITH_WEAK_PULLUP ;        ;              ;                     ; Column I/O   ;                 ; no       ; On           ;
; B21      ; 413        ; 7B             ; RESERVED_INPUT_WITH_WEAK_PULLUP ;        ;              ;                     ; Column I/O   ;                 ; no       ; On           ;
; B22      ; 399        ; 7A             ; RESERVED_INPUT_WITH_WEAK_PULLUP ;        ;              ;                     ; Column I/O   ;                 ; no       ; On           ;
; B23      ; 397        ; 7A             ; RESERVED_INPUT_WITH_WEAK_PULLUP ;        ;              ;                     ; Column I/O   ;                 ; no       ; On           ;
; B24      ;            ;                ; GND                             ; gnd    ;              ;                     ; --           ;                 ; --       ; --           ;
; B25      ; 387        ; 7A             ; RESERVED_INPUT_WITH_WEAK_PULLUP ;        ;              ;                     ; Column I/O   ;                 ; no       ; On           ;
; B26      ; 386        ; 7A             ; RESERVED_INPUT_WITH_WEAK_PULLUP ;        ;              ;                     ; Column I/O   ;                 ; no       ; On           ;
; B27      ; 381        ; 7A             ; ^HPS_TDI                        ;        ;              ;                     ; --           ;                 ; --       ; --           ;
; B28      ; 376        ; 7A             ; ^HPS_TDO                        ;        ;              ;                     ; --           ;                 ; --       ; --           ;
; B29      ;            ;                ; GND                             ; gnd    ;              ;                     ; --           ;                 ; --       ; --           ;
; B30      ; 365        ; 6A             ; RESERVED_INPUT_WITH_WEAK_PULLUP ;        ;              ;                     ; Row I/O      ;                 ; no       ; On           ;
; C1       ;            ;                ; GND                             ; gnd    ;              ;                     ; --           ;                 ; --       ; --           ;
; C2       ; 517        ; 8A             ; RESERVED_INPUT_WITH_WEAK_PULLUP ;        ;              ;                     ; Column I/O   ;                 ; no       ; On           ;
; C3       ; 511        ; 8A             ; RESERVED_INPUT_WITH_WEAK_PULLUP ;        ;              ;                     ; Column I/O   ;                 ; no       ; On           ;
; C4       ; 501        ; 8A             ; RESERVED_INPUT_WITH_WEAK_PULLUP ;        ;              ;                     ; Column I/O   ;                 ; no       ; On           ;
; C5       ; 497        ; 8A             ; RESERVED_INPUT_WITH_WEAK_PULLUP ;        ;              ;                     ; Column I/O   ;                 ; no       ; On           ;
; C6       ;            ;                ; GND                             ; gnd    ;              ;                     ; --           ;                 ; --       ; --           ;
; C7       ; 475        ; 8A             ; RESERVED_INPUT_WITH_WEAK_PULLUP ;        ;              ;                     ; Column I/O   ;                 ; no       ; On           ;
; C8       ; 479        ; 8A             ; RESERVED_INPUT_WITH_WEAK_PULLUP ;        ;              ;                     ; Column I/O   ;                 ; no       ; On           ;
; C9       ; 485        ; 8A             ; RESERVED_INPUT_WITH_WEAK_PULLUP ;        ;              ;                     ; Column I/O   ;                 ; no       ; On           ;
; C10      ; 483        ; 8A             ; RESERVED_INPUT_WITH_WEAK_PULLUP ;        ;              ;                     ; Column I/O   ;                 ; no       ; On           ;
; C11      ;            ; 8A             ; VCCIO8A                         ; power  ;              ; 2.5V                ; --           ;                 ; --       ; --           ;
; C12      ; 467        ; 8A             ; RESERVED_INPUT_WITH_WEAK_PULLUP ;        ;              ;                     ; Column I/O   ;                 ; no       ; On           ;
; C13      ; 462        ; 8A             ; RESERVED_INPUT_WITH_WEAK_PULLUP ;        ;              ;                     ; Column I/O   ;                 ; no       ; On           ;
; C14      ; 448        ; 7D             ; RESERVED_INPUT_WITH_WEAK_PULLUP ;        ;              ;                     ; Column I/O   ;                 ; no       ; On           ;
; C15      ; 453        ; 7D             ; RESERVED_INPUT_WITH_WEAK_PULLUP ;        ;              ;                     ; Column I/O   ;                 ; no       ; On           ;
; C16      ;            ;                ; GND                             ; gnd    ;              ;                     ; --           ;                 ; --       ; --           ;
; C17      ; 433        ; 7C             ; RESERVED_INPUT_WITH_WEAK_PULLUP ;        ;              ;                     ; Column I/O   ;                 ; no       ; On           ;
; C18      ; 435        ; 7C             ; RESERVED_INPUT_WITH_WEAK_PULLUP ;        ;              ;                     ; Column I/O   ;                 ; no       ; On           ;
; C19      ; 427        ; 7B             ; RESERVED_INPUT_WITH_WEAK_PULLUP ;        ;              ;                     ; Column I/O   ;                 ; no       ; On           ;
; C20      ; 421        ; 7B             ; RESERVED_INPUT_WITH_WEAK_PULLUP ;        ;              ;                     ; Column I/O   ;                 ; no       ; On           ;
; C21      ;            ;                ; GND                             ; gnd    ;              ;                     ; --           ;                 ; --       ; --           ;
; C22      ; 396        ; 7A             ; RESERVED_INPUT_WITH_WEAK_PULLUP ;        ;              ;                     ; Column I/O   ;                 ; no       ; On           ;
; C23      ; 401        ; 7A             ; RESERVED_INPUT_WITH_WEAK_PULLUP ;        ;              ;                     ; Column I/O   ;                 ; no       ; On           ;
; C24      ; 393        ; 7A             ; RESERVED_INPUT_WITH_WEAK_PULLUP ;        ;              ;                     ; Column I/O   ;                 ; no       ; On           ;
; C25      ; 388        ; 7A             ; RESERVED_INPUT_WITH_WEAK_PULLUP ;        ;              ;                     ; Column I/O   ;                 ; no       ; On           ;
; C26      ;            ;                ; GND                             ; gnd    ;              ;                     ; --           ;                 ; --       ; --           ;
; C27      ; 374        ; 7A             ; ^HPS_nRST                       ;        ;              ;                     ; --           ;                 ; --       ; --           ;
; C28      ; 369        ; 6A             ; RESERVED_INPUT_WITH_WEAK_PULLUP ;        ;              ;                     ; Row I/O      ;                 ; no       ; On           ;
; C29      ; 367        ; 6A             ; RESERVED_INPUT_WITH_WEAK_PULLUP ;        ;              ;                     ; Row I/O      ;                 ; no       ; On           ;
; C30      ; 363        ; 6A             ; RESERVED_INPUT_WITH_WEAK_PULLUP ;        ;              ;                     ; Row I/O      ;                 ; no       ; On           ;
; D1       ; 529        ; 8A             ; RESERVED_INPUT_WITH_WEAK_PULLUP ;        ;              ;                     ; Column I/O   ;                 ; no       ; On           ;
; D2       ; 515        ; 8A             ; RESERVED_INPUT_WITH_WEAK_PULLUP ;        ;              ;                     ; Column I/O   ;                 ; no       ; On           ;
; D3       ;            ;                ; GND                             ; gnd    ;              ;                     ; --           ;                 ; --       ; --           ;
; D4       ; 521        ; 8A             ; RESERVED_INPUT_WITH_WEAK_PULLUP ;        ;              ;                     ; Column I/O   ;                 ; no       ; On           ;
; D5       ; 499        ; 8A             ; RESERVED_INPUT_WITH_WEAK_PULLUP ;        ;              ;                     ; Column I/O   ;                 ; no       ; On           ;
; D6       ; 495        ; 8A             ; RESERVED_INPUT_WITH_WEAK_PULLUP ;        ;              ;                     ; Column I/O   ;                 ; no       ; On           ;
; D7       ; 505        ; 8A             ; RESERVED_INPUT_WITH_WEAK_PULLUP ;        ;              ;                     ; Column I/O   ;                 ; no       ; On           ;
; D8       ;            ; 8A             ; VCCIO8A                         ; power  ;              ; 2.5V                ; --           ;                 ; --       ; --           ;
; D9       ; 480        ; 8A             ; RESERVED_INPUT_WITH_WEAK_PULLUP ;        ;              ;                     ; Column I/O   ;                 ; no       ; On           ;
; D10      ; 472        ; 8A             ; RESERVED_INPUT_WITH_WEAK_PULLUP ;        ;              ;                     ; Column I/O   ;                 ; no       ; On           ;
; D11      ; 470        ; 8A             ; RESERVED_INPUT_WITH_WEAK_PULLUP ;        ;              ;                     ; Column I/O   ;                 ; no       ; On           ;
; D12      ; 496        ; 8A             ; RESERVED_INPUT_WITH_WEAK_PULLUP ;        ;              ;                     ; Column I/O   ;                 ; no       ; On           ;
; D13      ;            ;                ; GND                             ; gnd    ;              ;                     ; --           ;                 ; --       ; --           ;
; D14      ; 446        ; 7D             ; RESERVED_INPUT_WITH_WEAK_PULLUP ;        ;              ;                     ; Column I/O   ;                 ; no       ; On           ;
; D15      ; 449        ; 7D             ; RESERVED_INPUT_WITH_WEAK_PULLUP ;        ;              ;                     ; Column I/O   ;                 ; no       ; On           ;
; D16      ; 445        ; 7D             ; RESERVED_INPUT_WITH_WEAK_PULLUP ;        ;              ;                     ; Column I/O   ;                 ; no       ; On           ;
; D17      ; 440        ; 7C             ; RESERVED_INPUT_WITH_WEAK_PULLUP ;        ;              ;                     ; Column I/O   ;                 ; no       ; On           ;
; D18      ;            ; 7C             ; VCCIO7C_HPS                     ; power  ;              ; 2.5V                ; --           ;                 ; --       ; --           ;
; D19      ; 426        ; 7B             ; RESERVED_INPUT_WITH_WEAK_PULLUP ;        ;              ;                     ; Column I/O   ;                 ; no       ; On           ;
; D20      ; 420        ; 7B             ; RESERVED_INPUT_WITH_WEAK_PULLUP ;        ;              ;                     ; Column I/O   ;                 ; no       ; On           ;
; D21      ; 419        ; 7B             ; RESERVED_INPUT_WITH_WEAK_PULLUP ;        ;              ;                     ; Column I/O   ;                 ; no       ; On           ;
; D22      ; 402        ; 7A             ; RESERVED_INPUT_WITH_WEAK_PULLUP ;        ;              ;                     ; Column I/O   ;                 ; no       ; On           ;
; D23      ;            ;                ; GND                             ; gnd    ;              ;                     ; --           ;                 ; --       ; --           ;
; D24      ; 404        ; 7A             ; RESERVED_INPUT_WITH_WEAK_PULLUP ;        ;              ;                     ; Column I/O   ;                 ; no       ; On           ;
; D25      ; 384        ; 7A             ; ^HPS_CLK1                       ;        ;              ;                     ; --           ;                 ; --       ; --           ;
; D26      ; 373        ; 7A             ; ^GND                            ;        ;              ;                     ; --           ;                 ; --       ; --           ;
; D27      ; 371        ; 6A             ; HPS_RZQ_0                       ;        ;              ;                     ; --           ;                 ; no       ; On           ;
; D28      ;            ; 6A             ; VCCIO6A_HPS                     ; power  ;              ; 2.5V                ; --           ;                 ; --       ; --           ;
; D29      ; 361        ; 6A             ; RESERVED_INPUT_WITH_WEAK_PULLUP ;        ;              ;                     ; Row I/O      ;                 ; no       ; On           ;
; D30      ; 359        ; 6A             ; RESERVED_INPUT_WITH_WEAK_PULLUP ;        ;              ;                     ; Row I/O      ;                 ; no       ; On           ;
; E1       ; 527        ; 8A             ; RESERVED_INPUT_WITH_WEAK_PULLUP ;        ;              ;                     ; Column I/O   ;                 ; no       ; On           ;
; E2       ; 525        ; 8A             ; RESERVED_INPUT_WITH_WEAK_PULLUP ;        ;              ;                     ; Column I/O   ;                 ; no       ; On           ;
; E3       ; 523        ; 8A             ; RESERVED_INPUT_WITH_WEAK_PULLUP ;        ;              ;                     ; Column I/O   ;                 ; no       ; On           ;
; E4       ; 519        ; 8A             ; RESERVED_INPUT_WITH_WEAK_PULLUP ;        ;              ;                     ; Column I/O   ;                 ; no       ; On           ;
; E5       ;            ; 8A             ; VCCIO8A                         ; power  ;              ; 2.5V                ; --           ;                 ; --       ; --           ;
; E6       ; 533        ; 8A             ; RESERVED_INPUT_WITH_WEAK_PULLUP ;        ;              ;                     ; Column I/O   ;                 ; no       ; On           ;
; E7       ; 531        ; 8A             ; RESERVED_INPUT_WITH_WEAK_PULLUP ;        ;              ;                     ; Column I/O   ;                 ; no       ; On           ;
; E8       ; 503        ; 8A             ; RESERVED_INPUT_WITH_WEAK_PULLUP ;        ;              ;                     ; Column I/O   ;                 ; no       ; On           ;
; E9       ; 478        ; 8A             ; RESERVED_INPUT_WITH_WEAK_PULLUP ;        ;              ;                     ; Column I/O   ;                 ; no       ; On           ;
; E10      ;            ;                ; GND                             ; gnd    ;              ;                     ; --           ;                 ; --       ; --           ;
; E11      ; 504        ; 8A             ; RESERVED_INPUT_WITH_WEAK_PULLUP ;        ;              ;                     ; Column I/O   ;                 ; no       ; On           ;
; E12      ; 494        ; 8A             ; RESERVED_INPUT_WITH_WEAK_PULLUP ;        ;              ;                     ; Column I/O   ;                 ; no       ; On           ;
; E13      ; 488        ; 8A             ; RESERVED_INPUT_WITH_WEAK_PULLUP ;        ;              ;                     ; Column I/O   ;                 ; no       ; On           ;
; E14      ; 454        ; 7D             ; RESERVED_INPUT_WITH_WEAK_PULLUP ;        ;              ;                     ; Column I/O   ;                 ; no       ; On           ;
; E15      ;            ; 7D             ; VCCIO7D_HPS                     ; power  ;              ; 2.5V                ; --           ;                 ; --       ; --           ;
; E16      ; 443        ; 7D             ; RESERVED_INPUT_WITH_WEAK_PULLUP ;        ;              ;                     ; Column I/O   ;                 ; no       ; On           ;
; E17      ; 438        ; 7C             ; RESERVED_INPUT_WITH_WEAK_PULLUP ;        ;              ;                     ; Column I/O   ;                 ; no       ; On           ;
; E18      ; 437        ; 7C             ; RESERVED_INPUT_WITH_WEAK_PULLUP ;        ;              ;                     ; Column I/O   ;                 ; no       ; On           ;
; E19      ; 424        ; 7B             ; RESERVED_INPUT_WITH_WEAK_PULLUP ;        ;              ;                     ; Column I/O   ;                 ; no       ; On           ;
; E20      ;            ; 7B             ; VCCIO7B_HPS                     ; power  ;              ; 2.5V                ; --           ;                 ; --       ; --           ;
; E21      ; 412        ; 7B             ; RESERVED_INPUT_WITH_WEAK_PULLUP ;        ;              ;                     ; Column I/O   ;                 ; no       ; On           ;
; E22      ;            ; 7A, 7B, 7C, 7D ; VREFB7A7B7C7DN0_HPS             ; power  ;              ;                     ; --           ;                 ; --       ; --           ;
; E23      ; 394        ; 7A             ; RESERVED_INPUT_WITH_WEAK_PULLUP ;        ;              ;                     ; Column I/O   ;                 ; no       ; On           ;
; E24      ; 403        ; 7A             ; RESERVED_INPUT_WITH_WEAK_PULLUP ;        ;              ;                     ; Column I/O   ;                 ; no       ; On           ;
; E25      ;            ;                ; GND                             ; gnd    ;              ;                     ; --           ;                 ; --       ; --           ;
; E26      ;            ;                ; DNU                             ;        ;              ;                     ; --           ;                 ; --       ; --           ;
; E27      ; 357        ; 6A             ; RESERVED_INPUT_WITH_WEAK_PULLUP ;        ;              ;                     ; Row I/O      ;                 ; no       ; On           ;
; E28      ; 351        ; 6A             ; RESERVED_INPUT_WITH_WEAK_PULLUP ;        ;              ;                     ; Row I/O      ;                 ; no       ; On           ;
; E29      ; 353        ; 6A             ; RESERVED_INPUT_WITH_WEAK_PULLUP ;        ;              ;                     ; Row I/O      ;                 ; no       ; On           ;
; E30      ;            ;                ; GND                             ; gnd    ;              ;                     ; --           ;                 ; --       ; --           ;
; F1       ;            ;                ; DNU                             ;        ;              ;                     ; --           ;                 ; --       ; --           ;
; F2       ;            ;                ; GND                             ; gnd    ;              ;                     ; --           ;                 ; --       ; --           ;
; F3       ; 539        ; 9A             ; ^CONF_DONE                      ;        ;              ;                     ; --           ;                 ; --       ; --           ;
; F4       ; 541        ; 9A             ; ^nSTATUS                        ;        ;              ;                     ; --           ;                 ; --       ; --           ;
; F5       ;            ;                ; GND                             ; gnd    ;              ;                     ; --           ;                 ; --       ; --           ;
; F6       ; 537        ; 8A             ; RESERVED_INPUT_WITH_WEAK_PULLUP ;        ;              ;                     ; Column I/O   ;                 ; no       ; On           ;
; F7       ;            ;                ; GND                             ; gnd    ;              ;                     ; --           ;                 ; --       ; --           ;
; F8       ; 536        ; 8A             ; RESERVED_INPUT_WITH_WEAK_PULLUP ;        ;              ;                     ; Column I/O   ;                 ; no       ; On           ;
; F9       ; 534        ; 8A             ; RESERVED_INPUT_WITH_WEAK_PULLUP ;        ;              ;                     ; Column I/O   ;                 ; no       ; On           ;
; F10      ; 528        ; 8A             ; RESERVED_INPUT_WITH_WEAK_PULLUP ;        ;              ;                     ; Column I/O   ;                 ; no       ; On           ;
; F11      ; 502        ; 8A             ; RESERVED_INPUT_WITH_WEAK_PULLUP ;        ;              ;                     ; Column I/O   ;                 ; no       ; On           ;
; F12      ;            ; 8A             ; VCCIO8A                         ; power  ;              ; 2.5V                ; --           ;                 ; --       ; --           ;
; F13      ; 486        ; 8A             ; RESERVED_INPUT_WITH_WEAK_PULLUP ;        ;              ;                     ; Column I/O   ;                 ; no       ; On           ;
; F14      ; 468        ; 8A             ; RESERVED_INPUT_WITH_WEAK_PULLUP ;        ;              ;                     ; Column I/O   ;                 ; no       ; On           ;
; F15      ; 466        ; 8A             ; RESERVED_INPUT_WITH_WEAK_PULLUP ;        ;              ;                     ; Column I/O   ;                 ; no       ; On           ;
; F16      ; 442        ; 7D             ; RESERVED_INPUT_WITH_WEAK_PULLUP ;        ;              ;                     ; Column I/O   ;                 ; no       ; On           ;
; F17      ;            ;                ; GND                             ; gnd    ;              ;                     ; --           ;                 ; --       ; --           ;
; F18      ; 430        ; 7C             ; RESERVED_INPUT_WITH_WEAK_PULLUP ;        ;              ;                     ; Column I/O   ;                 ; no       ; On           ;
; F19      ; 410        ; 7B             ; RESERVED_INPUT_WITH_WEAK_PULLUP ;        ;              ;                     ; Column I/O   ;                 ; no       ; On           ;
; F20      ; 407        ; 7B             ; RESERVED_INPUT_WITH_WEAK_PULLUP ;        ;              ;                     ; Column I/O   ;                 ; no       ; On           ;
; F21      ; 409        ; 7B             ; RESERVED_INPUT_WITH_WEAK_PULLUP ;        ;              ;                     ; Column I/O   ;                 ; no       ; On           ;
; F22      ;            ; 7A             ; VCCIO7A_HPS                     ; power  ;              ; 2.5V                ; --           ;                 ; --       ; --           ;
; F23      ; 375        ; 7A             ; ^HPS_nPOR                       ;        ;              ;                     ; --           ;                 ; --       ; --           ;
; F24      ; 383        ; 7A             ; ^HPS_PORSEL                     ;        ;              ;                     ; --           ;                 ; --       ; --           ;
; F25      ; 385        ; 7A             ; ^HPS_CLK2                       ;        ;              ;                     ; --           ;                 ; --       ; --           ;
; F26      ; 341        ; 6A             ; RESERVED_INPUT_WITH_WEAK_PULLUP ;        ;              ;                     ; Row I/O      ;                 ; no       ; On           ;
; F27      ;            ;                ; GND                             ; gnd    ;              ;                     ; --           ;                 ; --       ; --           ;
; F28      ; 345        ; 6A             ; RESERVED_INPUT_WITH_WEAK_PULLUP ;        ;              ;                     ; Row I/O      ;                 ; no       ; On           ;
; F29      ; 349        ; 6A             ; RESERVED_INPUT_WITH_WEAK_PULLUP ;        ;              ;                     ; Row I/O      ;                 ; no       ; On           ;
; F30      ; 347        ; 6A             ; RESERVED_INPUT_WITH_WEAK_PULLUP ;        ;              ;                     ; Row I/O      ;                 ; no       ; On           ;
; G1       ;            ;                ; GND                             ;        ;              ;                     ; --           ;                 ; --       ; --           ;
; G2       ;            ;                ; DNU                             ;        ;              ;                     ; --           ;                 ; --       ; --           ;
; G3       ;            ;                ; GND                             ; gnd    ;              ;                     ; --           ;                 ; --       ; --           ;
; G4       ;            ;                ; GND                             ; gnd    ;              ;                     ; --           ;                 ; --       ; --           ;
; G5       ; 542        ; 9A             ; ^nCE                            ;        ;              ;                     ; --           ;                 ; --       ; --           ;
; G6       ; 543        ; 9A             ; ^MSEL2                          ;        ;              ;                     ; --           ;                 ; --       ; --           ;
; G7       ; 535        ; 8A             ; RESERVED_INPUT_WITH_WEAK_PULLUP ;        ;              ;                     ; Column I/O   ;                 ; no       ; On           ;
; G8       ; 492        ; 8A             ; RESERVED_INPUT_WITH_WEAK_PULLUP ;        ;              ;                     ; Column I/O   ;                 ; no       ; On           ;
; G9       ;            ; 8A             ; VCCIO8A                         ; power  ;              ; 2.5V                ; --           ;                 ; --       ; --           ;
; G10      ; 526        ; 8A             ; RESERVED_INPUT_WITH_WEAK_PULLUP ;        ;              ;                     ; Column I/O   ;                 ; no       ; On           ;
; G11      ; 520        ; 8A             ; RESERVED_INPUT_WITH_WEAK_PULLUP ;        ;              ;                     ; Column I/O   ;                 ; no       ; On           ;
; G12      ; 518        ; 8A             ; RESERVED_INPUT_WITH_WEAK_PULLUP ;        ;              ;                     ; Column I/O   ;                 ; no       ; On           ;
; G13      ; 484        ; 8A             ; RESERVED_INPUT_WITH_WEAK_PULLUP ;        ;              ;                     ; Column I/O   ;                 ; no       ; On           ;
; G14      ;            ; 8A             ; VCCIO8A                         ; power  ;              ; 2.5V                ; --           ;                 ; --       ; --           ;
; G15      ; 460        ; 8A             ; RESERVED_INPUT_WITH_WEAK_PULLUP ;        ;              ;                     ; Column I/O   ;                 ; no       ; On           ;
; G16      ; 444        ; 7D             ; RESERVED_INPUT_WITH_WEAK_PULLUP ;        ;              ;                     ; Column I/O   ;                 ; no       ; On           ;
; G17      ; 436        ; 7C             ; RESERVED_INPUT_WITH_WEAK_PULLUP ;        ;              ;                     ; Column I/O   ;                 ; no       ; On           ;
; G18      ; 432        ; 7C             ; RESERVED_INPUT_WITH_WEAK_PULLUP ;        ;              ;                     ; Column I/O   ;                 ; no       ; On           ;
; G19      ;            ; 7B             ; VCCIO7B_HPS                     ; power  ;              ; 2.5V                ; --           ;                 ; --       ; --           ;
; G20      ; 416        ; 7B             ; RESERVED_INPUT_WITH_WEAK_PULLUP ;        ;              ;                     ; Column I/O   ;                 ; no       ; On           ;
; G21      ; 392        ; 7A             ; RESERVED_INPUT_WITH_WEAK_PULLUP ;        ;              ;                     ; Column I/O   ;                 ; no       ; On           ;
; G22      ; 400        ; 7A             ; RESERVED_INPUT_WITH_WEAK_PULLUP ;        ;              ;                     ; Column I/O   ;                 ; no       ; On           ;
; G23      ; 377        ; 7A             ; ^VCCRSTCLK_HPS                  ;        ;              ;                     ; --           ;                 ; --       ; --           ;
; G24      ;            ;                ; GND                             ; gnd    ;              ;                     ; --           ;                 ; --       ; --           ;
; G25      ; 370        ; 6A             ; RESERVED_INPUT_WITH_WEAK_PULLUP ;        ;              ;                     ; Row I/O      ;                 ; no       ; On           ;
; G26      ; 362        ; 6A             ; RESERVED_INPUT_WITH_WEAK_PULLUP ;        ;              ;                     ; Row I/O      ;                 ; no       ; On           ;
; G27      ; 339        ; 6A             ; RESERVED_INPUT_WITH_WEAK_PULLUP ;        ;              ;                     ; Row I/O      ;                 ; --       ; --           ;
; G28      ; 335        ; 6A             ; RESERVED_INPUT_WITH_WEAK_PULLUP ;        ;              ;                     ; Row I/O      ;                 ; no       ; On           ;
; G29      ;            ; 6A             ; VCCIO6A_HPS                     ; power  ;              ; 2.5V                ; --           ;                 ; --       ; --           ;
; G30      ; 343        ; 6A             ; RESERVED_INPUT_WITH_WEAK_PULLUP ;        ;              ;                     ; Row I/O      ;                 ; no       ; On           ;
; H1       ;            ;                ; GND                             ; gnd    ;              ;                     ; --           ;                 ; --       ; --           ;
; H2       ;            ;                ; GND                             ; gnd    ;              ;                     ; --           ;                 ; --       ; --           ;
; H3       ;            ;                ; DNU                             ;        ;              ;                     ; --           ;                 ; --       ; --           ;
; H4       ;            ;                ; DNU                             ;        ;              ;                     ; --           ;                 ; --       ; --           ;
; H5       ;            ;                ; GND                             ; gnd    ;              ;                     ; --           ;                 ; --       ; --           ;
; H6       ;            ; 8A             ; VCCIO8A                         ; power  ;              ; 2.5V                ; --           ;                 ; --       ; --           ;
; H7       ; 508        ; 8A             ; RESERVED_INPUT_WITH_WEAK_PULLUP ;        ;              ;                     ; Column I/O   ;                 ; no       ; On           ;
; H8       ; 490        ; 8A             ; RESERVED_INPUT_WITH_WEAK_PULLUP ;        ;              ;                     ; Column I/O   ;                 ; no       ; On           ;
; H9       ;            ; --             ; VCCBAT                          ; power  ;              ; 1.2V                ; --           ;                 ; --       ; --           ;
; H10      ;            ; --             ; VCC_AUX                         ; power  ;              ; 2.5V                ; --           ;                 ; --       ; --           ;
; H11      ;            ;                ; GND                             ; gnd    ;              ;                     ; --           ;                 ; --       ; --           ;
; H12      ; 500        ; 8A             ; RESERVED_INPUT_WITH_WEAK_PULLUP ;        ;              ;                     ; Column I/O   ;                 ; no       ; On           ;
; H13      ; 498        ; 8A             ; RESERVED_INPUT_WITH_WEAK_PULLUP ;        ;              ;                     ; Column I/O   ;                 ; no       ; On           ;
; H14      ; 482        ; 8A             ; RESERVED_INPUT_WITH_WEAK_PULLUP ;        ;              ;                     ; Column I/O   ;                 ; no       ; On           ;
; H15      ; 458        ; 8A             ; RESERVED_INPUT_WITH_WEAK_PULLUP ;        ;              ;                     ; Column I/O   ;                 ; no       ; On           ;
; H16      ;            ; 7D             ; VCCIO7D_HPS                     ; power  ;              ; 2.5V                ; --           ;                 ; --       ; --           ;
; H17      ; 434        ; 7C             ; RESERVED_INPUT_WITH_WEAK_PULLUP ;        ;              ;                     ; Column I/O   ;                 ; no       ; On           ;
; H18      ; 422        ; 7B             ; RESERVED_INPUT_WITH_WEAK_PULLUP ;        ;              ;                     ; Column I/O   ;                 ; no       ; On           ;
; H19      ; 406        ; 7B             ; RESERVED_INPUT_WITH_WEAK_PULLUP ;        ;              ;                     ; Column I/O   ;                 ; no       ; On           ;
; H20      ; 398        ; 7A             ; RESERVED_INPUT_WITH_WEAK_PULLUP ;        ;              ;                     ; Column I/O   ;                 ; no       ; On           ;
; H21      ;            ; 7A             ; VCCIO7A_HPS                     ; power  ;              ; 2.5V                ; --           ;                 ; --       ; --           ;
; H22      ; 379        ; 7A             ; ^HPS_TCK                        ;        ;              ;                     ; --           ;                 ; --       ; --           ;
; H23      ; 390        ; 7A             ; RESERVED_INPUT_WITH_WEAK_PULLUP ;        ;              ;                     ; Column I/O   ;                 ; no       ; On           ;
; H24      ; 364        ; 6A             ; RESERVED_INPUT_WITH_WEAK_PULLUP ;        ;              ;                     ; Row I/O      ;                 ; no       ; On           ;
; H25      ; 368        ; 6A             ; RESERVED_INPUT_WITH_WEAK_PULLUP ;        ;              ;                     ; Row I/O      ;                 ; no       ; On           ;
; H26      ;            ; 6A             ; VCCIO6A_HPS                     ; power  ;              ; 2.5V                ; --           ;                 ; --       ; --           ;
; H27      ; 360        ; 6A             ; RESERVED_INPUT_WITH_WEAK_PULLUP ;        ;              ;                     ; Row I/O      ;                 ; no       ; On           ;
; H28      ; 333        ; 6A             ; RESERVED_INPUT_WITH_WEAK_PULLUP ;        ;              ;                     ; Row I/O      ;                 ; no       ; On           ;
; H29      ; 331        ; 6A             ; RESERVED_INPUT_WITH_WEAK_PULLUP ;        ;              ;                     ; Row I/O      ;                 ; no       ; On           ;
; H30      ; 337        ; 6A             ; RESERVED_INPUT_WITH_WEAK_PULLUP ;        ;              ;                     ; Row I/O      ;                 ; no       ; On           ;
; J1       ;            ;                ; GND                             ; gnd    ;              ;                     ; --           ;                 ; --       ; --           ;
; J2       ;            ;                ; GND                             ; gnd    ;              ;                     ; --           ;                 ; --       ; --           ;
; J3       ;            ;                ; GND                             ; gnd    ;              ;                     ; --           ;                 ; --       ; --           ;
; J4       ;            ;                ; GND                             ; gnd    ;              ;                     ; --           ;                 ; --       ; --           ;
; J5       ; 545        ; 9A             ; ^nCONFIG                        ;        ;              ;                     ; --           ;                 ; --       ; --           ;
; J6       ; 547        ; 9A             ; ^GND                            ;        ;              ;                     ; --           ;                 ; --       ; --           ;
; J7       ; 506        ; 8A             ; RESERVED_INPUT_WITH_WEAK_PULLUP ;        ;              ;                     ; Column I/O   ;                 ; no       ; On           ;
; J8       ;            ;                ; GND                             ; gnd    ;              ;                     ; --           ;                 ; --       ; --           ;
; J9       ; 532        ; 8A             ; RESERVED_INPUT_WITH_WEAK_PULLUP ;        ;              ;                     ; Column I/O   ;                 ; no       ; On           ;
; J10      ; 530        ; 8A             ; RESERVED_INPUT_WITH_WEAK_PULLUP ;        ;              ;                     ; Column I/O   ;                 ; no       ; On           ;
; J11      ;            ; --             ; VCCPGM                          ; power  ;              ; 1.8V/2.5V/3.0V/3.3V ; --           ;                 ; --       ; --           ;
; J12      ; 516        ; 8A             ; RESERVED_INPUT_WITH_WEAK_PULLUP ;        ;              ;                     ; Column I/O   ;                 ; no       ; On           ;
; J13      ;            ; 8A             ; VCCIO8A                         ; power  ;              ; 2.5V                ; --           ;                 ; --       ; --           ;
; J14      ; 476        ; 8A             ; RESERVED_INPUT_WITH_WEAK_PULLUP ;        ;              ;                     ; Column I/O   ;                 ; no       ; On           ;
; J15      ;            ;                ; DNU                             ;        ;              ;                     ; --           ;                 ; --       ; --           ;
; J16      ;            ; --             ; VCC_AUX                         ; power  ;              ; 2.5V                ; --           ;                 ; --       ; --           ;
; J17      ;            ; 7C             ; VCCPD7C_HPS                     ; power  ;              ; 2.5V                ; --           ;                 ; --       ; --           ;
; J18      ;            ;                ; GND                             ; gnd    ;              ;                     ; --           ;                 ; --       ; --           ;
; J19      ; 408        ; 7B             ; RESERVED_INPUT_WITH_WEAK_PULLUP ;        ;              ;                     ; Column I/O   ;                 ; no       ; On           ;
; J20      ;            ; --             ; VCCRSTCLK_HPS                   ; power  ;              ; 1.8V/2.5V/3.0V/3.3V ; --           ;                 ; --       ; --           ;
; J21      ;            ; --             ; VCC_AUX_SHARED                  ; power  ;              ; 2.5V                ; --           ;                 ; --       ; --           ;
; J22      ; 372        ; 7A             ; ^GND                            ;        ;              ;                     ; --           ;                 ; --       ; --           ;
; J23      ; 354        ; 6A             ; RESERVED_INPUT_WITH_WEAK_PULLUP ;        ;              ;                     ; Row I/O      ;                 ; no       ; On           ;
; J24      ; 352        ; 6A             ; RESERVED_INPUT_WITH_WEAK_PULLUP ;        ;              ;                     ; Row I/O      ;                 ; no       ; On           ;
; J25      ; 344        ; 6A             ; RESERVED_INPUT_WITH_WEAK_PULLUP ;        ;              ;                     ; Row I/O      ;                 ; no       ; On           ;
; J26      ; 323        ; 6A             ; RESERVED_INPUT_WITH_WEAK_PULLUP ;        ;              ;                     ; Row I/O      ;                 ; no       ; On           ;
; J27      ; 346        ; 6A             ; RESERVED_INPUT_WITH_WEAK_PULLUP ;        ;              ;                     ; Row I/O      ;                 ; no       ; On           ;
; J28      ;            ;                ; GND                             ; gnd    ;              ;                     ; --           ;                 ; --       ; --           ;
; J29      ; 327        ; 6A             ; RESERVED_INPUT_WITH_WEAK_PULLUP ;        ;              ;                     ; Row I/O      ;                 ; no       ; On           ;
; J30      ; 329        ; 6A             ; RESERVED_INPUT_WITH_WEAK_PULLUP ;        ;              ;                     ; Row I/O      ;                 ; no       ; On           ;
; K1       ;            ;                ; GND                             ; gnd    ;              ;                     ; --           ;                 ; --       ; --           ;
; K2       ;            ;                ; GND                             ; gnd    ;              ;                     ; --           ;                 ; --       ; --           ;
; K3       ;            ;                ; DNU                             ;        ;              ;                     ; --           ;                 ; --       ; --           ;
; K4       ;            ;                ; DNU                             ;        ;              ;                     ; --           ;                 ; --       ; --           ;
; K5       ;            ;                ; GND                             ; gnd    ;              ;                     ; --           ;                 ; --       ; --           ;
; K6       ; 540        ; 9A             ; ^MSEL1                          ;        ;              ;                     ; --           ;                 ; --       ; --           ;
; K7       ; 522        ; 8A             ; RESERVED_INPUT_WITH_WEAK_PULLUP ;        ;              ;                     ; Column I/O   ;                 ; no       ; On           ;
; K8       ; 524        ; 8A             ; RESERVED_INPUT_WITH_WEAK_PULLUP ;        ;              ;                     ; Column I/O   ;                 ; no       ; On           ;
; K9       ;            ; --             ; VCCA_FPLL                       ; power  ;              ; 2.5V                ; --           ;                 ; --       ; --           ;
; K10      ;            ;                ; GND                             ; gnd    ;              ;                     ; --           ;                 ; --       ; --           ;
; K11      ;            ; 8A             ; VCCPD8A                         ; power  ;              ; 2.5V                ; --           ;                 ; --       ; --           ;
; K12      ; 514        ; 8A             ; RESERVED_INPUT_WITH_WEAK_PULLUP ;        ;              ;                     ; Column I/O   ;                 ; no       ; On           ;
; K13      ;            ; 8A             ; VCCPD8A                         ; power  ;              ; 2.5V                ; --           ;                 ; --       ; --           ;
; K14      ; 474        ; 8A             ; RESERVED_INPUT_WITH_WEAK_PULLUP ;        ;              ;                     ; Column I/O   ;                 ; no       ; On           ;
; K15      ;            ;                ; GND                             ; gnd    ;              ;                     ; --           ;                 ; --       ; --           ;
; K16      ;            ; 7D             ; VCCPD7D_HPS                     ; power  ;              ; 2.5V                ; --           ;                 ; --       ; --           ;
; K17      ; 414        ; 7B             ; RESERVED_INPUT_WITH_WEAK_PULLUP ;        ;              ;                     ; Column I/O   ;                 ; no       ; On           ;
; K18      ;            ; 7B             ; VCCPD7B_HPS                     ; power  ;              ; 2.5V                ; --           ;                 ; --       ; --           ;
; K19      ;            ; 7A             ; VCCPD7A_HPS                     ; power  ;              ; 2.5V                ; --           ;                 ; --       ; --           ;
; K20      ;            ;                ; GND                             ; gnd    ;              ;                     ; --           ;                 ; --       ; --           ;
; K21      ; 366        ; 6A             ; RESERVED_INPUT_WITH_WEAK_PULLUP ;        ;              ;                     ; Row I/O      ;                 ; no       ; On           ;
; K22      ; 336        ; 6A             ; RESERVED_INPUT_WITH_WEAK_PULLUP ;        ;              ;                     ; Row I/O      ;                 ; no       ; On           ;
; K23      ; 338        ; 6A             ; RESERVED_INPUT_WITH_WEAK_PULLUP ;        ;              ;                     ; Row I/O      ;                 ; no       ; On           ;
; K24      ;            ; 6A             ; VCCIO6A_HPS                     ; power  ;              ; 2.5V                ; --           ;                 ; --       ; --           ;
; K25      ;            ;                ; GND                             ; gnd    ;              ;                     ; --           ;                 ; --       ; --           ;
; K26      ; 322        ; 6A             ; RESERVED_INPUT_WITH_WEAK_PULLUP ;        ;              ;                     ; Row I/O      ;                 ; no       ; On           ;
; K27      ; 319        ; 6A             ; RESERVED_INPUT_WITH_WEAK_PULLUP ;        ;              ;                     ; Row I/O      ;                 ; no       ; On           ;
; K28      ; 325        ; 6A             ; RESERVED_INPUT_WITH_WEAK_PULLUP ;        ;              ;                     ; Row I/O      ;                 ; no       ; On           ;
; K29      ; 321        ; 6A             ; RESERVED_INPUT_WITH_WEAK_PULLUP ;        ;              ;                     ; Row I/O      ;                 ; no       ; On           ;
; K30      ;            ; 6A             ; VCCIO6A_HPS                     ; power  ;              ; 2.5V                ; --           ;                 ; --       ; --           ;
; L1       ;            ;                ; GND                             ; gnd    ;              ;                     ; --           ;                 ; --       ; --           ;
; L2       ;            ;                ; GND                             ; gnd    ;              ;                     ; --           ;                 ; --       ; --           ;
; L3       ;            ;                ; GND                             ; gnd    ;              ;                     ; --           ;                 ; --       ; --           ;
; L4       ;            ;                ; GND                             ; gnd    ;              ;                     ; --           ;                 ; --       ; --           ;
; L5       ;            ; --             ; VCC                             ; power  ;              ; 1.1V                ; --           ;                 ; --       ; --           ;
; L6       ;            ;                ; GND                             ; gnd    ;              ;                     ; --           ;                 ; --       ; --           ;
; L7       ; 544        ; 9A             ; ^MSEL3                          ;        ;              ;                     ; --           ;                 ; --       ; --           ;
; L8       ; 538        ; 9A             ; ^MSEL0                          ;        ;              ;                     ; --           ;                 ; --       ; --           ;
; L9       ; 546        ; 9A             ; ^MSEL4                          ;        ;              ;                     ; --           ;                 ; --       ; --           ;
; L10      ;            ; 8A             ; VCCPD8A                         ; power  ;              ; 2.5V                ; --           ;                 ; --       ; --           ;
; L11      ;            ;                ; GND                             ; gnd    ;              ;                     ; --           ;                 ; --       ; --           ;
; L12      ;            ; 8A             ; VCCPD8A                         ; power  ;              ; 2.5V                ; --           ;                 ; --       ; --           ;
; L13      ;            ;                ; GND                             ; gnd    ;              ;                     ; --           ;                 ; --       ; --           ;
; L14      ;            ; 8A             ; VCCPD8A                         ; power  ;              ; 2.5V                ; --           ;                 ; --       ; --           ;
; L15      ;            ;                ; GND                             ; gnd    ;              ;                     ; --           ;                 ; --       ; --           ;
; L16      ;            ; --             ; VCC_HPS                         ; power  ;              ; 1.1V                ; --           ;                 ; --       ; --           ;
; L17      ;            ;                ; GND                             ; gnd    ;              ;                     ; --           ;                 ; --       ; --           ;
; L18      ;            ; --             ; VCC_HPS                         ; power  ;              ; 1.1V                ; --           ;                 ; --       ; --           ;
; L19      ;            ;                ; GND                             ; gnd    ;              ;                     ; --           ;                 ; --       ; --           ;
; L20      ;            ; --             ; VCC_HPS                         ; power  ;              ; 1.1V                ; --           ;                 ; --       ; --           ;
; L21      ;            ; --             ; VCCPLL_HPS                      ; power  ;              ; 2.5V                ; --           ;                 ; --       ; --           ;
; L22      ;            ;                ; GND                             ; gnd    ;              ;                     ; --           ;                 ; --       ; --           ;
; L23      ; 350        ; 6A             ; RESERVED_INPUT_WITH_WEAK_PULLUP ;        ;              ;                     ; Row I/O      ;                 ; no       ; On           ;
; L24      ; 328        ; 6A             ; RESERVED_INPUT_WITH_WEAK_PULLUP ;        ;              ;                     ; Row I/O      ;                 ; no       ; On           ;
; L25      ; 330        ; 6A             ; RESERVED_INPUT_WITH_WEAK_PULLUP ;        ;              ;                     ; Row I/O      ;                 ; no       ; On           ;
; L26      ; 320        ; 6A             ; RESERVED_INPUT_WITH_WEAK_PULLUP ;        ;              ;                     ; Row I/O      ;                 ; no       ; On           ;
; L27      ;            ; 6A             ; VCCIO6A_HPS                     ; power  ;              ; 2.5V                ; --           ;                 ; --       ; --           ;
; L28      ; 313        ; 6A             ; RESERVED_INPUT_WITH_WEAK_PULLUP ;        ;              ;                     ; Row I/O      ;                 ; no       ; On           ;
; L29      ; 315        ; 6A             ; RESERVED_INPUT_WITH_WEAK_PULLUP ;        ;              ;                     ; Row I/O      ;                 ; no       ; On           ;
; L30      ; 317        ; 6A             ; RESERVED_INPUT_WITH_WEAK_PULLUP ;        ;              ;                     ; Row I/O      ;                 ; no       ; On           ;
; M1       ;            ;                ; GND                             ; gnd    ;              ;                     ; --           ;                 ; --       ; --           ;
; M2       ;            ;                ; GND                             ; gnd    ;              ;                     ; --           ;                 ; --       ; --           ;
; M3       ;            ;                ; DNU                             ;        ;              ;                     ; --           ;                 ; --       ; --           ;
; M4       ;            ;                ; DNU                             ;        ;              ;                     ; --           ;                 ; --       ; --           ;
; M5       ;            ;                ; GND                             ; gnd    ;              ;                     ; --           ;                 ; --       ; --           ;
; M6       ;            ; --             ; VCC                             ; power  ;              ; 1.1V                ; --           ;                 ; --       ; --           ;
; M7       ;            ;                ; GND                             ; gnd    ;              ;                     ; --           ;                 ; --       ; --           ;
; M8       ;            ;                ; GND                             ; gnd    ;              ;                     ; --           ;                 ; --       ; --           ;
; M9       ;            ; --             ; VCC                             ; power  ;              ; 1.1V                ; --           ;                 ; --       ; --           ;
; M10      ;            ;                ; GND                             ; gnd    ;              ;                     ; --           ;                 ; --       ; --           ;
; M11      ;            ; --             ; VCC                             ; power  ;              ; 1.1V                ; --           ;                 ; --       ; --           ;
; M12      ;            ;                ; GND                             ; gnd    ;              ;                     ; --           ;                 ; --       ; --           ;
; M13      ;            ; --             ; VCC                             ; power  ;              ; 1.1V                ; --           ;                 ; --       ; --           ;
; M14      ;            ;                ; GND                             ; gnd    ;              ;                     ; --           ;                 ; --       ; --           ;
; M15      ;            ; --             ; VCC_HPS                         ; power  ;              ; 1.1V                ; --           ;                 ; --       ; --           ;
; M16      ;            ;                ; GND                             ; gnd    ;              ;                     ; --           ;                 ; --       ; --           ;
; M17      ; 450        ; 7D             ; RESERVED_INPUT_WITH_WEAK_PULLUP ;        ;              ;                     ; Column I/O   ;                 ; no       ; On           ;
; M18      ;            ;                ; GND                             ; gnd    ;              ;                     ; --           ;                 ; --       ; --           ;
; M19      ; 334        ; 6A             ; RESERVED_INPUT_WITH_WEAK_PULLUP ;        ;              ;                     ; Row I/O      ;                 ; no       ; On           ;
; M20      ;            ;                ; GND                             ; gnd    ;              ;                     ; --           ;                 ; --       ; --           ;
; M21      ;            ; 6A, 6B         ; VCCPD6A6B_HPS                   ; power  ;              ; 2.5V                ; --           ;                 ; --       ; --           ;
; M22      ; 308        ; 6A             ; RESERVED_INPUT_WITH_WEAK_PULLUP ;        ;              ;                     ; Row I/O      ;                 ; no       ; On           ;
; M23      ; 348        ; 6A             ; RESERVED_INPUT_WITH_WEAK_PULLUP ;        ;              ;                     ; Row I/O      ;                 ; no       ; On           ;
; M24      ;            ; 6A             ; VCCIO6A_HPS                     ; power  ;              ; 2.5V                ; --           ;                 ; --       ; --           ;
; M25      ; 324        ; 6A             ; RESERVED_INPUT_WITH_WEAK_PULLUP ;        ;              ;                     ; Row I/O      ;                 ; no       ; On           ;
; M26      ; 314        ; 6A             ; RESERVED_INPUT_WITH_WEAK_PULLUP ;        ;              ;                     ; Row I/O      ;                 ; no       ; On           ;
; M27      ; 312        ; 6A             ; RESERVED_INPUT_WITH_WEAK_PULLUP ;        ;              ;                     ; Row I/O      ;                 ; no       ; On           ;
; M28      ; 309        ; 6A             ; RESERVED_INPUT_WITH_WEAK_PULLUP ;        ;              ;                     ; Row I/O      ;                 ; no       ; On           ;
; M29      ;            ;                ; GND                             ; gnd    ;              ;                     ; --           ;                 ; --       ; --           ;
; M30      ; 311        ; 6A             ; RESERVED_INPUT_WITH_WEAK_PULLUP ;        ;              ;                     ; Row I/O      ;                 ; no       ; On           ;
; N1       ;            ;                ; GND                             ; gnd    ;              ;                     ; --           ;                 ; --       ; --           ;
; N2       ;            ;                ; GND                             ; gnd    ;              ;                     ; --           ;                 ; --       ; --           ;
; N3       ;            ;                ; GND                             ; gnd    ;              ;                     ; --           ;                 ; --       ; --           ;
; N4       ;            ;                ; GND                             ; gnd    ;              ;                     ; --           ;                 ; --       ; --           ;
; N5       ;            ; --             ; VCC                             ; power  ;              ; 1.1V                ; --           ;                 ; --       ; --           ;
; N6       ;            ;                ; GND                             ; gnd    ;              ;                     ; --           ;                 ; --       ; --           ;
; N7       ;            ; --             ; VCCA_FPLL                       ; power  ;              ; 2.5V                ; --           ;                 ; --       ; --           ;
; N8       ;            ;                ; GND                             ; gnd    ;              ;                     ; --           ;                 ; --       ; --           ;
; N9       ;            ;                ; GND                             ; gnd    ;              ;                     ; --           ;                 ; --       ; --           ;
; N10      ;            ; --             ; VCC                             ; power  ;              ; 1.1V                ; --           ;                 ; --       ; --           ;
; N11      ;            ;                ; GND                             ; gnd    ;              ;                     ; --           ;                 ; --       ; --           ;
; N12      ;            ; --             ; VCC                             ; power  ;              ; 1.1V                ; --           ;                 ; --       ; --           ;
; N13      ;            ;                ; GND                             ; gnd    ;              ;                     ; --           ;                 ; --       ; --           ;
; N14      ;            ; --             ; VCC                             ; power  ;              ; 1.1V                ; --           ;                 ; --       ; --           ;
; N15      ;            ;                ; GND                             ; gnd    ;              ;                     ; --           ;                 ; --       ; --           ;
; N16      ; 452        ; 7D             ; RESERVED_INPUT_WITH_WEAK_PULLUP ;        ;              ;                     ; Column I/O   ;                 ; no       ; On           ;
; N17      ;            ;                ; GND                             ; gnd    ;              ;                     ; --           ;                 ; --       ; --           ;
; N18      ; 332        ; 6A             ; RESERVED_INPUT_WITH_WEAK_PULLUP ;        ;              ;                     ; Row I/O      ;                 ; no       ; On           ;
; N19      ;            ;                ; GND                             ; gnd    ;              ;                     ; --           ;                 ; --       ; --           ;
; N20      ;            ; --             ; VCC_HPS                         ; power  ;              ; 1.1V                ; --           ;                 ; --       ; --           ;
; N21      ;            ; 6A             ; VCCIO6A_HPS                     ; power  ;              ; 2.5V                ; --           ;                 ; --       ; --           ;
; N22      ;            ; 6A, 6B         ; VCCPD6A6B_HPS                   ; power  ;              ; 2.5V                ; --           ;                 ; --       ; --           ;
; N23      ; 310        ; 6A             ; RESERVED_INPUT_WITH_WEAK_PULLUP ;        ;              ;                     ; Row I/O      ;                 ; no       ; On           ;
; N24      ; 318        ; 6A             ; RESERVED_INPUT_WITH_WEAK_PULLUP ;        ;              ;                     ; Row I/O      ;                 ; no       ; On           ;
; N25      ; 316        ; 6A             ; RESERVED_INPUT_WITH_WEAK_PULLUP ;        ;              ;                     ; Row I/O      ;                 ; no       ; On           ;
; N26      ;            ;                ; GND                             ; gnd    ;              ;                     ; --           ;                 ; --       ; --           ;
; N27      ; 297        ; 6B             ; RESERVED_INPUT_WITH_WEAK_PULLUP ;        ;              ;                     ; Row I/O      ;                 ; no       ; On           ;
; N28      ; 303        ; 6B             ; RESERVED_INPUT_WITH_WEAK_PULLUP ;        ;              ;                     ; Row I/O      ;                 ; no       ; On           ;
; N29      ; 305        ; 6B             ; RESERVED_INPUT_WITH_WEAK_PULLUP ;        ;              ;                     ; Row I/O      ;                 ; no       ; On           ;
; N30      ; 307        ; 6B             ; RESERVED_INPUT_WITH_WEAK_PULLUP ;        ;              ;                     ; Row I/O      ;                 ; no       ; On           ;
; P1       ;            ;                ; GND                             ; gnd    ;              ;                     ; --           ;                 ; --       ; --           ;
; P2       ;            ;                ; GND                             ; gnd    ;              ;                     ; --           ;                 ; --       ; --           ;
; P3       ;            ;                ; DNU                             ;        ;              ;                     ; --           ;                 ; --       ; --           ;
; P4       ;            ;                ; DNU                             ;        ;              ;                     ; --           ;                 ; --       ; --           ;
; P5       ;            ;                ; GND                             ; gnd    ;              ;                     ; --           ;                 ; --       ; --           ;
; P6       ;            ; --             ; VCCA_FPLL                       ; power  ;              ; 2.5V                ; --           ;                 ; --       ; --           ;
; P7       ;            ;                ; GND                             ; gnd    ;              ;                     ; --           ;                 ; --       ; --           ;
; P8       ;            ;                ; GND                             ; gnd    ;              ;                     ; --           ;                 ; --       ; --           ;
; P9       ;            ;                ; GND                             ; gnd    ;              ;                     ; --           ;                 ; --       ; --           ;
; P10      ;            ;                ; GND                             ; gnd    ;              ;                     ; --           ;                 ; --       ; --           ;
; P11      ;            ; --             ; VCC                             ; power  ;              ; 1.1V                ; --           ;                 ; --       ; --           ;
; P12      ;            ;                ; GND                             ; gnd    ;              ;                     ; --           ;                 ; --       ; --           ;
; P13      ;            ; --             ; VCC                             ; power  ;              ; 1.1V                ; --           ;                 ; --       ; --           ;
; P14      ;            ;                ; GND                             ; gnd    ;              ;                     ; --           ;                 ; --       ; --           ;
; P15      ;            ; --             ; VCC_HPS                         ; power  ;              ; 1.1V                ; --           ;                 ; --       ; --           ;
; P16      ;            ;                ; GND                             ; gnd    ;              ;                     ; --           ;                 ; --       ; --           ;
; P17      ;            ; --             ; VCC_HPS                         ; power  ;              ; 1.1V                ; --           ;                 ; --       ; --           ;
; P18      ;            ;                ; GND                             ; gnd    ;              ;                     ; --           ;                 ; --       ; --           ;
; P19      ;            ; --             ; VCC_HPS                         ; power  ;              ; 1.1V                ; --           ;                 ; --       ; --           ;
; P20      ;            ;                ; GND                             ; gnd    ;              ;                     ; --           ;                 ; --       ; --           ;
; P21      ;            ; 6A, 6B         ; VCCPD6A6B_HPS                   ; power  ;              ; 2.5V                ; --           ;                 ; --       ; --           ;
; P22      ; 294        ; 6B             ; RESERVED_INPUT_WITH_WEAK_PULLUP ;        ;              ;                     ; Row I/O      ;                 ; no       ; On           ;
; P23      ;            ; 6B             ; VCCIO6B_HPS                     ; power  ;              ; 2.5V                ; --           ;                 ; --       ; --           ;
; P24      ; 290        ; 6B             ; RESERVED_INPUT_WITH_WEAK_PULLUP ;        ;              ;                     ; Row I/O      ;                 ; no       ; On           ;
; P25      ; 288        ; 6B             ; RESERVED_INPUT_WITH_WEAK_PULLUP ;        ;              ;                     ; Row I/O      ;                 ; no       ; On           ;
; P26      ; 298        ; 6B             ; RESERVED_INPUT_WITH_WEAK_PULLUP ;        ;              ;                     ; Row I/O      ;                 ; no       ; On           ;
; P27      ; 296        ; 6B             ; RESERVED_INPUT_WITH_WEAK_PULLUP ;        ;              ;                     ; Row I/O      ;                 ; no       ; On           ;
; P28      ;            ; 6B             ; VCCIO6B_HPS                     ; power  ;              ; 2.5V                ; --           ;                 ; --       ; --           ;
; P29      ; 299        ; 6B             ; RESERVED_INPUT_WITH_WEAK_PULLUP ;        ;              ;                     ; Row I/O      ;                 ; no       ; On           ;
; P30      ; 301        ; 6B             ; RESERVED_INPUT_WITH_WEAK_PULLUP ;        ;              ;                     ; Row I/O      ;                 ; no       ; On           ;
; R1       ;            ;                ; GND                             ; gnd    ;              ;                     ; --           ;                 ; --       ; --           ;
; R2       ;            ;                ; GND                             ; gnd    ;              ;                     ; --           ;                 ; --       ; --           ;
; R3       ;            ;                ; GND                             ; gnd    ;              ;                     ; --           ;                 ; --       ; --           ;
; R4       ;            ;                ; GND                             ; gnd    ;              ;                     ; --           ;                 ; --       ; --           ;
; R5       ;            ; --             ; VCC                             ; power  ;              ; 1.1V                ; --           ;                 ; --       ; --           ;
; R6       ;            ;                ; GND                             ; gnd    ;              ;                     ; --           ;                 ; --       ; --           ;
; R7       ;            ; --             ; VCCA_FPLL                       ; power  ;              ; 2.5V                ; --           ;                 ; --       ; --           ;
; R8       ;            ;                ; GND                             ; gnd    ;              ;                     ; --           ;                 ; --       ; --           ;
; R9       ;            ;                ; GND                             ; gnd    ;              ;                     ; --           ;                 ; --       ; --           ;
; R10      ;            ; --             ; VCC                             ; power  ;              ; 1.1V                ; --           ;                 ; --       ; --           ;
; R11      ;            ;                ; GND                             ; gnd    ;              ;                     ; --           ;                 ; --       ; --           ;
; R12      ;            ; --             ; VCC                             ; power  ;              ; 1.1V                ; --           ;                 ; --       ; --           ;
; R13      ;            ;                ; GND                             ; gnd    ;              ;                     ; --           ;                 ; --       ; --           ;
; R14      ;            ; --             ; VCC                             ; power  ;              ; 1.1V                ; --           ;                 ; --       ; --           ;
; R15      ;            ;                ; GND                             ; gnd    ;              ;                     ; --           ;                 ; --       ; --           ;
; R16      ;            ; --             ; VCC_HPS                         ; power  ;              ; 1.1V                ; --           ;                 ; --       ; --           ;
; R17      ;            ;                ; GND                             ; gnd    ;              ;                     ; --           ;                 ; --       ; --           ;
; R18      ; 302        ; 6B             ; RESERVED_INPUT_WITH_WEAK_PULLUP ;        ;              ;                     ; Row I/O      ;                 ; no       ; On           ;
; R19      ; 300        ; 6B             ; RESERVED_INPUT_WITH_WEAK_PULLUP ;        ;              ;                     ; Row I/O      ;                 ; no       ; On           ;
; R20      ;            ; 6A, 6B         ; VCCPD6A6B_HPS                   ; power  ;              ; 2.5V                ; --           ;                 ; --       ; --           ;
; R21      ; 286        ; 6B             ; RESERVED_INPUT_WITH_WEAK_PULLUP ;        ;              ;                     ; Row I/O      ;                 ; no       ; On           ;
; R22      ; 284        ; 6B             ; RESERVED_INPUT_WITH_WEAK_PULLUP ;        ;              ;                     ; Row I/O      ;                 ; no       ; On           ;
; R23      ;            ; 6A, 6B         ; VCCPD6A6B_HPS                   ; power  ;              ; 2.5V                ; --           ;                 ; --       ; --           ;
; R24      ; 272        ; 6B             ; RESERVED_INPUT_WITH_WEAK_PULLUP ;        ;              ;                     ; Row I/O      ;                 ; no       ; On           ;
; R25      ;            ; 6B             ; VCCIO6B_HPS                     ; power  ;              ; 2.5V                ; --           ;                 ; --       ; --           ;
; R26      ; 280        ; 6B             ; RESERVED_INPUT_WITH_WEAK_PULLUP ;        ;              ;                     ; Row I/O      ;                 ; no       ; On           ;
; R27      ; 282        ; 6B             ; RESERVED_INPUT_WITH_WEAK_PULLUP ;        ;              ;                     ; Row I/O      ;                 ; no       ; On           ;
; R28      ; 293        ; 6B             ; RESERVED_INPUT_WITH_WEAK_PULLUP ;        ;              ;                     ; Row I/O      ;                 ; no       ; On           ;
; R29      ; 295        ; 6B             ; RESERVED_INPUT_WITH_WEAK_PULLUP ;        ;              ;                     ; Row I/O      ;                 ; no       ; On           ;
; R30      ;            ;                ; GND                             ; gnd    ;              ;                     ; --           ;                 ; --       ; --           ;
; T1       ;            ;                ; GND                             ; gnd    ;              ;                     ; --           ;                 ; --       ; --           ;
; T2       ;            ;                ; GND                             ; gnd    ;              ;                     ; --           ;                 ; --       ; --           ;
; T3       ;            ;                ; DNU                             ;        ;              ;                     ; --           ;                 ; --       ; --           ;
; T4       ;            ;                ; DNU                             ;        ;              ;                     ; --           ;                 ; --       ; --           ;
; T5       ;            ;                ; GND                             ; gnd    ;              ;                     ; --           ;                 ; --       ; --           ;
; T6       ;            ; --             ; VCC                             ; power  ;              ; 1.1V                ; --           ;                 ; --       ; --           ;
; T7       ;            ;                ; GND                             ; gnd    ;              ;                     ; --           ;                 ; --       ; --           ;
; T8       ;            ;                ; GND                             ; gnd    ;              ;                     ; --           ;                 ; --       ; --           ;
; T9       ;            ;                ; GND                             ; gnd    ;              ;                     ; --           ;                 ; --       ; --           ;
; T10      ;            ;                ; GND                             ; gnd    ;              ;                     ; --           ;                 ; --       ; --           ;
; T11      ;            ; --             ; VCC                             ; power  ;              ; 1.1V                ; --           ;                 ; --       ; --           ;
; T12      ;            ;                ; GND                             ; gnd    ;              ;                     ; --           ;                 ; --       ; --           ;
; T13      ;            ; --             ; VCC                             ; power  ;              ; 1.1V                ; --           ;                 ; --       ; --           ;
; T14      ;            ;                ; GND                             ; gnd    ;              ;                     ; --           ;                 ; --       ; --           ;
; T15      ;            ;                ; GND                             ; gnd    ;              ;                     ; --           ;                 ; --       ; --           ;
; T16      ;            ;                ; GND                             ; gnd    ;              ;                     ; --           ;                 ; --       ; --           ;
; T17      ;            ; --             ; VCC_HPS                         ; power  ;              ; 1.1V                ; --           ;                 ; --       ; --           ;
; T18      ;            ;                ; GND                             ; gnd    ;              ;                     ; --           ;                 ; --       ; --           ;
; T19      ;            ; --             ; VCC_HPS                         ; power  ;              ; 1.1V                ; --           ;                 ; --       ; --           ;
; T20      ;            ;                ; GND                             ; gnd    ;              ;                     ; --           ;                 ; --       ; --           ;
; T21      ; 278        ; 6B             ; RESERVED_INPUT_WITH_WEAK_PULLUP ;        ;              ;                     ; Row I/O      ;                 ; no       ; On           ;
; T22      ;            ; 6B             ; VCCIO6B_HPS                     ; power  ;              ; 2.5V                ; --           ;                 ; --       ; --           ;
; T23      ; 270        ; 6B             ; RESERVED_INPUT_WITH_WEAK_PULLUP ;        ;              ;                     ; Row I/O      ;                 ; no       ; On           ;
; T24      ; 268        ; 6B             ; RESERVED_INPUT_WITH_WEAK_PULLUP ;        ;              ;                     ; Row I/O      ;                 ; no       ; On           ;
; T25      ; 266        ; 6B             ; RESERVED_INPUT_WITH_WEAK_PULLUP ;        ;              ;                     ; Row I/O      ;                 ; no       ; On           ;
; T26      ; 304        ; 6B             ; RESERVED_INPUT_WITH_WEAK_PULLUP ;        ;              ;                     ; Row I/O      ;                 ; no       ; On           ;
; T27      ;            ;                ; GND                             ; gnd    ;              ;                     ; --           ;                 ; --       ; --           ;
; T28      ; 287        ; 6B             ; RESERVED_INPUT_WITH_WEAK_PULLUP ;        ;              ;                     ; Row I/O      ;                 ; no       ; On           ;
; T29      ; 289        ; 6B             ; RESERVED_INPUT_WITH_WEAK_PULLUP ;        ;              ;                     ; Row I/O      ;                 ; no       ; On           ;
; T30      ; 291        ; 6B             ; RESERVED_INPUT_WITH_WEAK_PULLUP ;        ;              ;                     ; Row I/O      ;                 ; no       ; On           ;
; U1       ;            ;                ; GND                             ; gnd    ;              ;                     ; --           ;                 ; --       ; --           ;
; U2       ;            ;                ; GND                             ; gnd    ;              ;                     ; --           ;                 ; --       ; --           ;
; U3       ;            ;                ; GND                             ; gnd    ;              ;                     ; --           ;                 ; --       ; --           ;
; U4       ;            ;                ; GND                             ; gnd    ;              ;                     ; --           ;                 ; --       ; --           ;
; U5       ;            ; --             ; VCC                             ; power  ;              ; 1.1V                ; --           ;                 ; --       ; --           ;
; U6       ;            ;                ; GND                             ; gnd    ;              ;                     ; --           ;                 ; --       ; --           ;
; U7       ; 50         ; 3A             ; ^DCLK                           ;        ;              ;                     ; Weak Pull Up ;                 ; --       ; On           ;
; U8       ; 48         ; 3A             ; altera_reserved_tdi             ; input  ; 2.5 V        ;                     ; --           ; N               ; no       ; Off          ;
; U9       ;            ;                ; GND                             ; gnd    ;              ;                     ; --           ;                 ; --       ; --           ;
; U10      ;            ; --             ; VCC                             ; power  ;              ; 1.1V                ; --           ;                 ; --       ; --           ;
; U11      ;            ;                ; GND                             ; gnd    ;              ;                     ; --           ;                 ; --       ; --           ;
; U12      ;            ; --             ; VCC                             ; power  ;              ; 1.1V                ; --           ;                 ; --       ; --           ;
; U13      ;            ;                ; GND                             ; gnd    ;              ;                     ; --           ;                 ; --       ; --           ;
; U14      ;            ; --             ; VCC                             ; power  ;              ; 1.1V                ; --           ;                 ; --       ; --           ;
; U15      ;            ;                ; GND                             ; gnd    ;              ;                     ; --           ;                 ; --       ; --           ;
; U16      ;            ; --             ; VCC_HPS                         ; power  ;              ; 1.1V                ; --           ;                 ; --       ; --           ;
; U17      ;            ;                ; GND                             ; gnd    ;              ;                     ; --           ;                 ; --       ; --           ;
; U18      ;            ; --             ; VCC_HPS                         ; power  ;              ; 1.1V                ; --           ;                 ; --       ; --           ;
; U19      ;            ; 6B             ; VCCIO6B_HPS                     ; power  ;              ; 2.5V                ; --           ;                 ; --       ; --           ;
; U20      ; 276        ; 6B             ; RESERVED_INPUT_WITH_WEAK_PULLUP ;        ;              ;                     ; Row I/O      ;                 ; no       ; On           ;
; U21      ;            ; --             ; VCC                             ; power  ;              ; 1.1V                ; --           ;                 ; --       ; --           ;
; U22      ;            ;                ; GND                             ; gnd    ;              ;                     ; --           ;                 ; --       ; --           ;
; U23      ;            ; 5B             ; VCCPD5B                         ; power  ;              ; 2.5V                ; --           ;                 ; --       ; --           ;
; U24      ;            ;                ; GND                             ; gnd    ;              ;                     ; --           ;                 ; --       ; --           ;
; U25      ; 264        ; 6B             ; RESERVED_INPUT_WITH_WEAK_PULLUP ;        ;              ;                     ; Row I/O      ;                 ; no       ; On           ;
; U26      ; 306        ; 6B             ; RESERVED_INPUT_WITH_WEAK_PULLUP ;        ;              ;                     ; Row I/O      ;                 ; no       ; On           ;
; U27      ; 273        ; 6B             ; RESERVED_INPUT_WITH_WEAK_PULLUP ;        ;              ;                     ; Row I/O      ;                 ; no       ; On           ;
; U28      ; 285        ; 6B             ; RESERVED_INPUT_WITH_WEAK_PULLUP ;        ;              ;                     ; Row I/O      ;                 ; no       ; On           ;
; U29      ;            ;                ; GND                             ; gnd    ;              ;                     ; --           ;                 ; --       ; --           ;
; U30      ; 283        ; 6B             ; RESERVED_INPUT_WITH_WEAK_PULLUP ;        ;              ;                     ; Row I/O      ;                 ; --       ; --           ;
; V1       ;            ;                ; GND                             ; gnd    ;              ;                     ; --           ;                 ; --       ; --           ;
; V2       ;            ;                ; GND                             ; gnd    ;              ;                     ; --           ;                 ; --       ; --           ;
; V3       ;            ;                ; DNU                             ;        ;              ;                     ; --           ;                 ; --       ; --           ;
; V4       ;            ;                ; DNU                             ;        ;              ;                     ; --           ;                 ; --       ; --           ;
; V5       ;            ;                ; GND                             ; gnd    ;              ;                     ; --           ;                 ; --       ; --           ;
; V6       ;            ; --             ; VCCA_FPLL                       ; power  ;              ; 2.5V                ; --           ;                 ; --       ; --           ;
; V7       ;            ;                ; GND                             ; gnd    ;              ;                     ; --           ;                 ; --       ; --           ;
; V8       ;            ; --             ; VCCA_FPLL                       ; power  ;              ; 2.5V                ; --           ;                 ; --       ; --           ;
; V9       ; 44         ; 3A             ; altera_reserved_tms             ; input  ; 2.5 V        ;                     ; --           ; N               ; no       ; Off          ;
; V10      ;            ;                ; GND                             ; gnd    ;              ;                     ; --           ;                 ; --       ; --           ;
; V11      ;            ; --             ; VCC                             ; power  ;              ; 1.1V                ; --           ;                 ; --       ; --           ;
; V12      ;            ;                ; GND                             ; gnd    ;              ;                     ; --           ;                 ; --       ; --           ;
; V13      ;            ; --             ; VCC                             ; power  ;              ; 1.1V                ; --           ;                 ; --       ; --           ;
; V14      ;            ;                ; GND                             ; gnd    ;              ;                     ; --           ;                 ; --       ; --           ;
; V15      ;            ; --             ; VCC                             ; power  ;              ; 1.1V                ; --           ;                 ; --       ; --           ;
; V16      ; 138        ; 4A             ; RESERVED_INPUT_WITH_WEAK_PULLUP ;        ;              ;                     ; Column I/O   ;                 ; no       ; On           ;
; V17      ; 154        ; 4A             ; RESERVED_INPUT_WITH_WEAK_PULLUP ;        ;              ;                     ; Column I/O   ;                 ; no       ; On           ;
; V18      ; 194        ; 4A             ; RESERVED_INPUT_WITH_WEAK_PULLUP ;        ;              ;                     ; Column I/O   ;                 ; no       ; On           ;
; V19      ;            ;                ; GND                             ; gnd    ;              ;                     ; --           ;                 ; --       ; --           ;
; V20      ; 292        ; 6B             ; RESERVED_INPUT_WITH_WEAK_PULLUP ;        ;              ;                     ; Row I/O      ;                 ; no       ; On           ;
; V21      ;            ;                ; GND                             ; gnd    ;              ;                     ; --           ;                 ; --       ; --           ;
; V22      ;            ; 5A             ; VCCPD5A                         ; power  ;              ; 2.5V                ; --           ;                 ; --       ; --           ;
; V23      ; 236        ; 5A             ; seg2[5]                         ; output ; 2.5 V        ;                     ; Row I/O      ; N               ; no       ; Off          ;
; V24      ;            ; 5A             ; VCCPD5A                         ; power  ;              ; 2.5V                ; --           ;                 ; --       ; --           ;
; V25      ; 246        ; 5B             ; nums[4]                         ; output ; 2.5 V        ;                     ; Row I/O      ; N               ; no       ; Off          ;
; V26      ;            ; 6B             ; VCCIO6B_HPS                     ; power  ;              ; 2.5V                ; --           ;                 ; --       ; --           ;
; V27      ; 265        ; 6B             ; RESERVED_INPUT_WITH_WEAK_PULLUP ;        ;              ;                     ; Row I/O      ;                 ; no       ; On           ;
; V28      ; 271        ; 6B             ; RESERVED_INPUT_WITH_WEAK_PULLUP ;        ;              ;                     ; Row I/O      ;                 ; no       ; On           ;
; V29      ; 275        ; 6B             ; RESERVED_INPUT_WITH_WEAK_PULLUP ;        ;              ;                     ; Row I/O      ;                 ; no       ; On           ;
; V30      ; 281        ; 6B             ; RESERVED_INPUT_WITH_WEAK_PULLUP ;        ;              ;                     ; Row I/O      ;                 ; no       ; On           ;
; W1       ;            ;                ; GND                             ; gnd    ;              ;                     ; --           ;                 ; --       ; --           ;
; W2       ;            ;                ; GND                             ; gnd    ;              ;                     ; --           ;                 ; --       ; --           ;
; W3       ;            ;                ; GND                             ; gnd    ;              ;                     ; --           ;                 ; --       ; --           ;
; W4       ;            ;                ; GND                             ; gnd    ;              ;                     ; --           ;                 ; --       ; --           ;
; W5       ;            ; --             ; VCC                             ; power  ;              ; 1.1V                ; --           ;                 ; --       ; --           ;
; W6       ;            ;                ; GND                             ; gnd    ;              ;                     ; --           ;                 ; --       ; --           ;
; W7       ;            ;                ; GND                             ; gnd    ;              ;                     ; --           ;                 ; --       ; --           ;
; W8       ;            ;                ; GND                             ; gnd    ;              ;                     ; --           ;                 ; --       ; --           ;
; W9       ;            ;                ; GND                             ; gnd    ;              ;                     ; --           ;                 ; --       ; --           ;
; W10      ;            ; --             ; VCC                             ; power  ;              ; 1.1V                ; --           ;                 ; --       ; --           ;
; W11      ;            ;                ; GND                             ; gnd    ;              ;                     ; --           ;                 ; --       ; --           ;
; W12      ;            ; --             ; VCC                             ; power  ;              ; 1.1V                ; --           ;                 ; --       ; --           ;
; W13      ;            ;                ; GND                             ; gnd    ;              ;                     ; --           ;                 ; --       ; --           ;
; W14      ;            ; --             ; VCC                             ; power  ;              ; 1.1V                ; --           ;                 ; --       ; --           ;
; W15      ; 130        ; 3B             ; RESERVED_INPUT_WITH_WEAK_PULLUP ;        ;              ;                     ; Column I/O   ;                 ; no       ; On           ;
; W16      ; 136        ; 4A             ; RESERVED_INPUT_WITH_WEAK_PULLUP ;        ;              ;                     ; Column I/O   ;                 ; no       ; On           ;
; W17      ; 152        ; 4A             ; RESERVED_INPUT_WITH_WEAK_PULLUP ;        ;              ;                     ; Column I/O   ;                 ; no       ; On           ;
; W18      ;            ;                ; GND                             ; gnd    ;              ;                     ; --           ;                 ; --       ; --           ;
; W19      ; 192        ; 4A             ; RESERVED_INPUT_WITH_WEAK_PULLUP ;        ;              ;                     ; Column I/O   ;                 ; no       ; On           ;
; W20      ; 217        ; 5A             ; bt1                             ; input  ; 2.5 V        ;                     ; Row I/O      ; N               ; no       ; Off          ;
; W21      ; 221        ; 5A             ; seg1[4]                         ; output ; 2.5 V        ;                     ; Row I/O      ; N               ; no       ; Off          ;
; W22      ; 223        ; 5A             ; seg1[0]                         ; output ; 2.5 V        ;                     ; Row I/O      ; N               ; no       ; Off          ;
; W23      ;            ; 5A             ; VCCIO5A                         ; power  ;              ; 2.5V                ; --           ;                 ; --       ; --           ;
; W24      ; 238        ; 5A             ; seg2[1]                         ; output ; 2.5 V        ;                     ; Row I/O      ; N               ; no       ; Off          ;
; W25      ; 244        ; 5B             ; nums[6]                         ; output ; 2.5 V        ;                     ; Row I/O      ; N               ; no       ; Off          ;
; W26      ; 274        ; 6B             ; RESERVED_INPUT_WITH_WEAK_PULLUP ;        ;              ;                     ; Row I/O      ;                 ; no       ; On           ;
; W27      ; 261        ; 6B             ; RESERVED_INPUT_WITH_WEAK_PULLUP ;        ;              ;                     ; Row I/O      ;                 ; no       ; On           ;
; W28      ;            ;                ; GND                             ; gnd    ;              ;                     ; --           ;                 ; --       ; --           ;
; W29      ; 279        ; 6B             ; RESERVED_INPUT_WITH_WEAK_PULLUP ;        ;              ;                     ; Row I/O      ;                 ; no       ; On           ;
; W30      ; 277        ; 6B             ; RESERVED_INPUT_WITH_WEAK_PULLUP ;        ;              ;                     ; Row I/O      ;                 ; no       ; On           ;
; Y1       ;            ;                ; GND                             ; gnd    ;              ;                     ; --           ;                 ; --       ; --           ;
; Y2       ;            ;                ; GND                             ; gnd    ;              ;                     ; --           ;                 ; --       ; --           ;
; Y3       ;            ;                ; DNU                             ;        ;              ;                     ; --           ;                 ; --       ; --           ;
; Y4       ;            ;                ; DNU                             ;        ;              ;                     ; --           ;                 ; --       ; --           ;
; Y5       ;            ;                ; GND                             ; gnd    ;              ;                     ; --           ;                 ; --       ; --           ;
; Y6       ;            ; --             ; VCC                             ; power  ;              ; 1.1V                ; --           ;                 ; --       ; --           ;
; Y7       ;            ;                ; GND                             ; gnd    ;              ;                     ; --           ;                 ; --       ; --           ;
; Y8       ;            ;                ; GND                             ; gnd    ;              ;                     ; --           ;                 ; --       ; --           ;
; Y9       ;            ; --             ; VCC                             ; power  ;              ; 1.1V                ; --           ;                 ; --       ; --           ;
; Y10      ;            ;                ; GND                             ; gnd    ;              ;                     ; --           ;                 ; --       ; --           ;
; Y11      ;            ; --             ; VCC                             ; power  ;              ; 1.1V                ; --           ;                 ; --       ; --           ;
; Y12      ;            ;                ; GND                             ; gnd    ;              ;                     ; --           ;                 ; --       ; --           ;
; Y13      ;            ; --             ; VCC                             ; power  ;              ; 1.1V                ; --           ;                 ; --       ; --           ;
; Y14      ;            ;                ; GND                             ; gnd    ;              ;                     ; --           ;                 ; --       ; --           ;
; Y15      ;            ;                ; GND                             ; gnd    ;              ;                     ; --           ;                 ; --       ; --           ;
; Y16      ; 128        ; 3B             ; RESERVED_INPUT_WITH_WEAK_PULLUP ;        ;              ;                     ; Column I/O   ;                 ; no       ; On           ;
; Y17      ; 170        ; 4A             ; RESERVED_INPUT_WITH_WEAK_PULLUP ;        ;              ;                     ; Column I/O   ;                 ; no       ; On           ;
; Y18      ; 178        ; 4A             ; RESERVED_INPUT_WITH_WEAK_PULLUP ;        ;              ;                     ; Column I/O   ;                 ; no       ; On           ;
; Y19      ; 202        ; 4A             ; RESERVED_INPUT_WITH_WEAK_PULLUP ;        ;              ;                     ; Column I/O   ;                 ; no       ; On           ;
; Y20      ;            ;                ; GND                             ; gnd    ;              ;                     ; --           ;                 ; --       ; --           ;
; Y21      ; 219        ; 5A             ; seg1[1]                         ; output ; 2.5 V        ;                     ; Row I/O      ; N               ; no       ; Off          ;
; Y22      ;            ; --             ; VCCA_FPLL                       ; power  ;              ; 2.5V                ; --           ;                 ; --       ; --           ;
; Y23      ; 232        ; 5A             ; seg2[4]                         ; output ; 2.5 V        ;                     ; Row I/O      ; N               ; no       ; Off          ;
; Y24      ; 234        ; 5A             ; seg2[2]                         ; output ; 2.5 V        ;                     ; Row I/O      ; N               ; no       ; Off          ;
; Y25      ;            ;                ; GND                             ; gnd    ;              ;                     ; --           ;                 ; --       ; --           ;
; Y26      ; 256        ; 5B             ; nums[2]                         ; output ; 2.5 V        ;                     ; Row I/O      ; N               ; no       ; Off          ;
; Y27      ; 258        ; 5B             ; nums[1]                         ; output ; 2.5 V        ;                     ; Row I/O      ; N               ; no       ; Off          ;
; Y28      ; 269        ; 6B             ; RESERVED_INPUT_WITH_WEAK_PULLUP ;        ;              ;                     ; Row I/O      ;                 ; no       ; On           ;
; Y29      ; 263        ; 6B             ; RESERVED_INPUT_WITH_WEAK_PULLUP ;        ;              ;                     ; Row I/O      ;                 ; no       ; On           ;
; Y30      ;            ;                ; GND                             ; gnd    ;              ;                     ; --           ;                 ; --       ; --           ;
+----------+------------+----------------+---------------------------------+--------+--------------+---------------------+--------------+-----------------+----------+--------------+
Note: Pin directions (input, output or bidir) are based on device operating in user mode.


+-------------------------------------------------+
; I/O Assignment Warnings                         ;
+----------+--------------------------------------+
; Pin Name ; Reason                               ;
+----------+--------------------------------------+
; seg1[0]  ; Missing drive strength and slew rate ;
; seg1[1]  ; Missing drive strength and slew rate ;
; seg1[2]  ; Missing drive strength and slew rate ;
; seg1[3]  ; Missing drive strength and slew rate ;
; seg1[4]  ; Missing drive strength and slew rate ;
; seg1[5]  ; Missing drive strength and slew rate ;
; seg1[6]  ; Missing drive strength and slew rate ;
; seg2[0]  ; Missing drive strength and slew rate ;
; seg2[1]  ; Missing drive strength and slew rate ;
; seg2[2]  ; Missing drive strength and slew rate ;
; seg2[3]  ; Missing drive strength and slew rate ;
; seg2[4]  ; Missing drive strength and slew rate ;
; seg2[5]  ; Missing drive strength and slew rate ;
; seg2[6]  ; Missing drive strength and slew rate ;
; seg3[0]  ; Missing drive strength and slew rate ;
; seg3[1]  ; Missing drive strength and slew rate ;
; seg3[2]  ; Missing drive strength and slew rate ;
; seg3[3]  ; Missing drive strength and slew rate ;
; seg3[4]  ; Missing drive strength and slew rate ;
; seg3[5]  ; Missing drive strength and slew rate ;
; seg3[6]  ; Missing drive strength and slew rate ;
; seg4[0]  ; Missing drive strength and slew rate ;
; seg4[1]  ; Missing drive strength and slew rate ;
; seg4[2]  ; Missing drive strength and slew rate ;
; seg4[3]  ; Missing drive strength and slew rate ;
; seg4[4]  ; Missing drive strength and slew rate ;
; seg4[5]  ; Missing drive strength and slew rate ;
; seg4[6]  ; Missing drive strength and slew rate ;
; nums[0]  ; Missing drive strength and slew rate ;
; nums[1]  ; Missing drive strength and slew rate ;
; nums[2]  ; Missing drive strength and slew rate ;
; nums[3]  ; Missing drive strength and slew rate ;
; nums[4]  ; Missing drive strength and slew rate ;
; nums[5]  ; Missing drive strength and slew rate ;
; nums[6]  ; Missing drive strength and slew rate ;
; nums[7]  ; Missing drive strength and slew rate ;
; nums[8]  ; Missing drive strength and slew rate ;
; nums[9]  ; Missing drive strength and slew rate ;
; nums[10] ; Missing drive strength and slew rate ;
; nums[11] ; Missing drive strength and slew rate ;
; nums[12] ; Missing drive strength and slew rate ;
; nums[13] ; Missing drive strength and slew rate ;
; nums[14] ; Missing drive strength and slew rate ;
; nums[15] ; Missing drive strength and slew rate ;
; seg1[0]  ; Missing location assignment          ;
; seg1[1]  ; Missing location assignment          ;
; seg1[2]  ; Missing location assignment          ;
; seg1[3]  ; Missing location assignment          ;
; seg1[4]  ; Missing location assignment          ;
; seg1[5]  ; Missing location assignment          ;
; seg1[6]  ; Missing location assignment          ;
; seg2[0]  ; Missing location assignment          ;
; seg2[1]  ; Missing location assignment          ;
; seg2[2]  ; Missing location assignment          ;
; seg2[3]  ; Missing location assignment          ;
; seg2[4]  ; Missing location assignment          ;
; seg2[5]  ; Missing location assignment          ;
; seg2[6]  ; Missing location assignment          ;
; seg3[0]  ; Missing location assignment          ;
; seg3[1]  ; Missing location assignment          ;
; seg3[2]  ; Missing location assignment          ;
; seg3[3]  ; Missing location assignment          ;
; seg3[4]  ; Missing location assignment          ;
; seg3[5]  ; Missing location assignment          ;
; seg3[6]  ; Missing location assignment          ;
; seg4[0]  ; Missing location assignment          ;
; seg4[1]  ; Missing location assignment          ;
; seg4[2]  ; Missing location assignment          ;
; seg4[3]  ; Missing location assignment          ;
; seg4[4]  ; Missing location assignment          ;
; seg4[5]  ; Missing location assignment          ;
; seg4[6]  ; Missing location assignment          ;
; nums[0]  ; Missing location assignment          ;
; nums[1]  ; Missing location assignment          ;
; nums[2]  ; Missing location assignment          ;
; nums[3]  ; Missing location assignment          ;
; nums[4]  ; Missing location assignment          ;
; nums[5]  ; Missing location assignment          ;
; nums[6]  ; Missing location assignment          ;
; nums[7]  ; Missing location assignment          ;
; nums[8]  ; Missing location assignment          ;
; nums[9]  ; Missing location assignment          ;
; nums[10] ; Missing location assignment          ;
; nums[11] ; Missing location assignment          ;
; nums[12] ; Missing location assignment          ;
; nums[13] ; Missing location assignment          ;
; nums[14] ; Missing location assignment          ;
; nums[15] ; Missing location assignment          ;
; clk      ; Missing location assignment          ;
; bt1      ; Missing location assignment          ;
; bt0      ; Missing location assignment          ;
+----------+--------------------------------------+


+----------------------------------------------------------------------------------------------------------------------------------------------------------------------------------------------------------------------------------------------------------------------------------------------------------------------------------------------------------------------------------------------------------------------------------------------------------------------------------------------------------------------------------------------------------------------------------------------------------------------------------------------------------------------------------------------------------------------------------------------------------------------------------------------------------------------------------------------------+
; Fitter Resource Utilization by Entity                                                                                                                                                                                                                                                                                                                                                                                                                                                                                                                                                                                                                                                                                                                                                                                                              ;
+-----------------------------------------------------------------------------------------------------------------------------------------+----------------------+----------------------------------+---------------------------------------------------+----------------------------------+----------------------+---------------------+---------------------------+---------------+-------------------+------------+------+--------------+------------------------------------------------------------------------------------------------------------------------------------------------------------------------------------------------------------------------------------------------------------------------------------------------------------------------------------------------------+-----------------------------------+--------------+
; Compilation Hierarchy Node                                                                                                              ; ALMs needed [=A-B+C] ; [A] ALMs used in final placement ; [B] Estimate of ALMs recoverable by dense packing ; [C] Estimate of ALMs unavailable ; ALMs used for memory ; Combinational ALUTs ; Dedicated Logic Registers ; I/O Registers ; Block Memory Bits ; DSP Blocks ; Pins ; Virtual Pins ; Full Hierarchy Name                                                                                                                                                                                                                                                                                                                                  ; Entity Name                       ; Library Name ;
+-----------------------------------------------------------------------------------------------------------------------------------------+----------------------+----------------------------------+---------------------------------------------------+----------------------------------+----------------------+---------------------+---------------------------+---------------+-------------------+------------+------+--------------+------------------------------------------------------------------------------------------------------------------------------------------------------------------------------------------------------------------------------------------------------------------------------------------------------------------------------------------------------+-----------------------------------+--------------+
; |test_top                                                                                                                               ; 994.5 (3.6)          ; 1054.5 (3.7)                     ; 60.0 (0.1)                                        ; 0.0 (0.0)                        ; 0.0 (0.0)            ; 1417 (7)            ; 1091 (5)                  ; 0 (0)         ; 26624             ; 70         ; 47   ; 0            ; |test_top                                                                                                                                                                                                                                                                                                                                            ; test_top                          ; work         ;
;    |altsyncram:Mux1_rtl_0|                                                                                                              ; 0.0 (0.0)            ; 0.0 (0.0)                        ; 0.0 (0.0)                                         ; 0.0 (0.0)                        ; 0.0 (0.0)            ; 0 (0)               ; 0 (0)                     ; 0 (0)         ; 22528             ; 0          ; 0    ; 0            ; |test_top|altsyncram:Mux1_rtl_0                                                                                                                                                                                                                                                                                                                      ; altsyncram                        ; work         ;
;       |altsyncram_1d61:auto_generated|                                                                                                  ; 0.0 (0.0)            ; 0.0 (0.0)                        ; 0.0 (0.0)                                         ; 0.0 (0.0)                        ; 0.0 (0.0)            ; 0 (0)               ; 0 (0)                     ; 0 (0)         ; 22528             ; 0          ; 0    ; 0            ; |test_top|altsyncram:Mux1_rtl_0|altsyncram_1d61:auto_generated                                                                                                                                                                                                                                                                                       ; altsyncram_1d61                   ; work         ;
;    |decod7seg:comb_4|                                                                                                                   ; 3.2 (3.2)            ; 3.5 (3.5)                        ; 0.3 (0.3)                                         ; 0.0 (0.0)                        ; 0.0 (0.0)            ; 7 (7)               ; 0 (0)                     ; 0 (0)         ; 0                 ; 0          ; 0    ; 0            ; |test_top|decod7seg:comb_4                                                                                                                                                                                                                                                                                                                           ; decod7seg                         ; work         ;
;    |decod7seg:comb_5|                                                                                                                   ; 3.2 (3.2)            ; 3.5 (3.5)                        ; 0.3 (0.3)                                         ; 0.0 (0.0)                        ; 0.0 (0.0)            ; 7 (7)               ; 0 (0)                     ; 0 (0)         ; 0                 ; 0          ; 0    ; 0            ; |test_top|decod7seg:comb_5                                                                                                                                                                                                                                                                                                                           ; decod7seg                         ; work         ;
;    |decod7seg:comb_6|                                                                                                                   ; 3.2 (3.2)            ; 3.5 (3.5)                        ; 0.3 (0.3)                                         ; 0.0 (0.0)                        ; 0.0 (0.0)            ; 7 (7)               ; 0 (0)                     ; 0 (0)         ; 0                 ; 0          ; 0    ; 0            ; |test_top|decod7seg:comb_6                                                                                                                                                                                                                                                                                                                           ; decod7seg                         ; work         ;
;    |decod7seg:comb_7|                                                                                                                   ; 3.2 (3.2)            ; 3.5 (3.5)                        ; 0.3 (0.3)                                         ; 0.0 (0.0)                        ; 0.0 (0.0)            ; 7 (7)               ; 0 (0)                     ; 0 (0)         ; 0                 ; 0          ; 0    ; 0            ; |test_top|decod7seg:comb_7                                                                                                                                                                                                                                                                                                                           ; decod7seg                         ; work         ;
;    |my_debounce:comb_10|                                                                                                                ; 20.7 (0.0)           ; 21.1 (0.0)                       ; 0.3 (0.0)                                         ; 0.0 (0.0)                        ; 0.0 (0.0)            ; 39 (0)              ; 31 (0)                    ; 0 (0)         ; 0                 ; 0          ; 0    ; 0            ; |test_top|my_debounce:comb_10                                                                                                                                                                                                                                                                                                                        ; my_debounce                       ; work         ;
;       |clock_div:u1|                                                                                                                    ; 19.5 (19.5)          ; 19.8 (19.8)                      ; 0.2 (0.2)                                         ; 0.0 (0.0)                        ; 0.0 (0.0)            ; 38 (38)             ; 28 (28)                   ; 0 (0)         ; 0                 ; 0          ; 0    ; 0            ; |test_top|my_debounce:comb_10|clock_div:u1                                                                                                                                                                                                                                                                                                           ; clock_div                         ; work         ;
;       |my_dff:d0|                                                                                                                       ; 0.3 (0.3)            ; 0.3 (0.3)                        ; 0.0 (0.0)                                         ; 0.0 (0.0)                        ; 0.0 (0.0)            ; 1 (1)               ; 1 (1)                     ; 0 (0)         ; 0                 ; 0          ; 0    ; 0            ; |test_top|my_debounce:comb_10|my_dff:d0                                                                                                                                                                                                                                                                                                              ; my_dff                            ; work         ;
;       |my_dff:d1|                                                                                                                       ; 0.5 (0.5)            ; 0.5 (0.5)                        ; 0.0 (0.0)                                         ; 0.0 (0.0)                        ; 0.0 (0.0)            ; 0 (0)               ; 1 (1)                     ; 0 (0)         ; 0                 ; 0          ; 0    ; 0            ; |test_top|my_debounce:comb_10|my_dff:d1                                                                                                                                                                                                                                                                                                              ; my_dff                            ; work         ;
;       |my_dff:d2|                                                                                                                       ; 0.5 (0.5)            ; 0.5 (0.5)                        ; 0.0 (0.0)                                         ; 0.0 (0.0)                        ; 0.0 (0.0)            ; 0 (0)               ; 1 (1)                     ; 0 (0)         ; 0                 ; 0          ; 0    ; 0            ; |test_top|my_debounce:comb_10|my_dff:d2                                                                                                                                                                                                                                                                                                              ; my_dff                            ; work         ;
;    |my_debounce:comb_8|                                                                                                                 ; 2.1 (0.3)            ; 2.3 (0.3)                        ; 0.2 (0.0)                                         ; 0.0 (0.0)                        ; 0.0 (0.0)            ; 2 (1)               ; 4 (0)                     ; 0 (0)         ; 0                 ; 0          ; 0    ; 0            ; |test_top|my_debounce:comb_8                                                                                                                                                                                                                                                                                                                         ; my_debounce                       ; work         ;
;       |clock_div:u1|                                                                                                                    ; 0.3 (0.3)            ; 0.3 (0.3)                        ; 0.0 (0.0)                                         ; 0.0 (0.0)                        ; 0.0 (0.0)            ; 0 (0)               ; 1 (1)                     ; 0 (0)         ; 0                 ; 0          ; 0    ; 0            ; |test_top|my_debounce:comb_8|clock_div:u1                                                                                                                                                                                                                                                                                                            ; clock_div                         ; work         ;
;       |my_dff:d0|                                                                                                                       ; 0.7 (0.7)            ; 0.7 (0.7)                        ; 0.0 (0.0)                                         ; 0.0 (0.0)                        ; 0.0 (0.0)            ; 1 (1)               ; 1 (1)                     ; 0 (0)         ; 0                 ; 0          ; 0    ; 0            ; |test_top|my_debounce:comb_8|my_dff:d0                                                                                                                                                                                                                                                                                                               ; my_dff                            ; work         ;
;       |my_dff:d1|                                                                                                                       ; 0.5 (0.5)            ; 0.5 (0.5)                        ; 0.0 (0.0)                                         ; 0.0 (0.0)                        ; 0.0 (0.0)            ; 0 (0)               ; 1 (1)                     ; 0 (0)         ; 0                 ; 0          ; 0    ; 0            ; |test_top|my_debounce:comb_8|my_dff:d1                                                                                                                                                                                                                                                                                                               ; my_dff                            ; work         ;
;       |my_dff:d2|                                                                                                                       ; 0.5 (0.5)            ; 0.5 (0.5)                        ; 0.0 (0.0)                                         ; 0.0 (0.0)                        ; 0.0 (0.0)            ; 0 (0)               ; 1 (1)                     ; 0 (0)         ; 0                 ; 0          ; 0    ; 0            ; |test_top|my_debounce:comb_8|my_dff:d2                                                                                                                                                                                                                                                                                                               ; my_dff                            ; work         ;
;    |sld_hub:auto_hub|                                                                                                                   ; 59.0 (0.5)           ; 61.0 (0.5)                       ; 2.0 (0.0)                                         ; 0.0 (0.0)                        ; 0.0 (0.0)            ; 98 (1)              ; 86 (0)                    ; 0 (0)         ; 0                 ; 0          ; 0    ; 0            ; |test_top|sld_hub:auto_hub                                                                                                                                                                                                                                                                                                                           ; sld_hub                           ; altera_sld   ;
;       |alt_sld_fab_with_jtag_input:\instrumentation_fabric_with_node_gen:fabric_gen_new_way:with_jtag_input_gen:instrumentation_fabric| ; 58.5 (0.0)           ; 60.5 (0.0)                       ; 2.0 (0.0)                                         ; 0.0 (0.0)                        ; 0.0 (0.0)            ; 97 (0)              ; 86 (0)                    ; 0 (0)         ; 0                 ; 0          ; 0    ; 0            ; |test_top|sld_hub:auto_hub|alt_sld_fab_with_jtag_input:\instrumentation_fabric_with_node_gen:fabric_gen_new_way:with_jtag_input_gen:instrumentation_fabric                                                                                                                                                                                           ; alt_sld_fab_with_jtag_input       ; altera_sld   ;
;          |alt_sld_fab:instrumentation_fabric|                                                                                           ; 58.5 (0.0)           ; 60.5 (0.0)                       ; 2.0 (0.0)                                         ; 0.0 (0.0)                        ; 0.0 (0.0)            ; 97 (0)              ; 86 (0)                    ; 0 (0)         ; 0                 ; 0          ; 0    ; 0            ; |test_top|sld_hub:auto_hub|alt_sld_fab_with_jtag_input:\instrumentation_fabric_with_node_gen:fabric_gen_new_way:with_jtag_input_gen:instrumentation_fabric|alt_sld_fab:instrumentation_fabric                                                                                                                                                        ; alt_sld_fab                       ; alt_sld_fab  ;
;             |alt_sld_fab_alt_sld_fab:alt_sld_fab|                                                                                       ; 58.5 (1.9)           ; 60.5 (2.1)                       ; 2.0 (0.2)                                         ; 0.0 (0.0)                        ; 0.0 (0.0)            ; 97 (1)              ; 86 (5)                    ; 0 (0)         ; 0                 ; 0          ; 0    ; 0            ; |test_top|sld_hub:auto_hub|alt_sld_fab_with_jtag_input:\instrumentation_fabric_with_node_gen:fabric_gen_new_way:with_jtag_input_gen:instrumentation_fabric|alt_sld_fab:instrumentation_fabric|alt_sld_fab_alt_sld_fab:alt_sld_fab                                                                                                                    ; alt_sld_fab_alt_sld_fab           ; alt_sld_fab  ;
;                |alt_sld_fab_alt_sld_fab_sldfabric:sldfabric|                                                                            ; 56.6 (0.0)           ; 58.4 (0.0)                       ; 1.8 (0.0)                                         ; 0.0 (0.0)                        ; 0.0 (0.0)            ; 96 (0)              ; 81 (0)                    ; 0 (0)         ; 0                 ; 0          ; 0    ; 0            ; |test_top|sld_hub:auto_hub|alt_sld_fab_with_jtag_input:\instrumentation_fabric_with_node_gen:fabric_gen_new_way:with_jtag_input_gen:instrumentation_fabric|alt_sld_fab:instrumentation_fabric|alt_sld_fab_alt_sld_fab:alt_sld_fab|alt_sld_fab_alt_sld_fab_sldfabric:sldfabric                                                                        ; alt_sld_fab_alt_sld_fab_sldfabric ; alt_sld_fab  ;
;                   |sld_jtag_hub:\jtag_hub_gen:real_sld_jtag_hub|                                                                        ; 56.6 (39.7)          ; 58.4 (41.2)                      ; 1.8 (1.5)                                         ; 0.0 (0.0)                        ; 0.0 (0.0)            ; 96 (63)             ; 81 (53)                   ; 0 (0)         ; 0                 ; 0          ; 0    ; 0            ; |test_top|sld_hub:auto_hub|alt_sld_fab_with_jtag_input:\instrumentation_fabric_with_node_gen:fabric_gen_new_way:with_jtag_input_gen:instrumentation_fabric|alt_sld_fab:instrumentation_fabric|alt_sld_fab_alt_sld_fab:alt_sld_fab|alt_sld_fab_alt_sld_fab_sldfabric:sldfabric|sld_jtag_hub:\jtag_hub_gen:real_sld_jtag_hub                           ; sld_jtag_hub                      ; work         ;
;                      |sld_rom_sr:hub_info_reg|                                                                                          ; 7.4 (7.4)            ; 7.5 (7.5)                        ; 0.1 (0.1)                                         ; 0.0 (0.0)                        ; 0.0 (0.0)            ; 14 (14)             ; 9 (9)                     ; 0 (0)         ; 0                 ; 0          ; 0    ; 0            ; |test_top|sld_hub:auto_hub|alt_sld_fab_with_jtag_input:\instrumentation_fabric_with_node_gen:fabric_gen_new_way:with_jtag_input_gen:instrumentation_fabric|alt_sld_fab:instrumentation_fabric|alt_sld_fab_alt_sld_fab:alt_sld_fab|alt_sld_fab_alt_sld_fab_sldfabric:sldfabric|sld_jtag_hub:\jtag_hub_gen:real_sld_jtag_hub|sld_rom_sr:hub_info_reg   ; sld_rom_sr                        ; work         ;
;                      |sld_shadow_jsm:shadow_jsm|                                                                                        ; 9.6 (9.6)            ; 9.7 (9.7)                        ; 0.1 (0.1)                                         ; 0.0 (0.0)                        ; 0.0 (0.0)            ; 19 (19)             ; 19 (19)                   ; 0 (0)         ; 0                 ; 0          ; 0    ; 0            ; |test_top|sld_hub:auto_hub|alt_sld_fab_with_jtag_input:\instrumentation_fabric_with_node_gen:fabric_gen_new_way:with_jtag_input_gen:instrumentation_fabric|alt_sld_fab:instrumentation_fabric|alt_sld_fab_alt_sld_fab:alt_sld_fab|alt_sld_fab_alt_sld_fab_sldfabric:sldfabric|sld_jtag_hub:\jtag_hub_gen:real_sld_jtag_hub|sld_shadow_jsm:shadow_jsm ; sld_shadow_jsm                    ; altera_sld   ;
;    |top:comb_3|                                                                                                                         ; 896.4 (41.0)         ; 952.4 (43.5)                     ; 56.0 (2.5)                                        ; 0.0 (0.0)                        ; 0.0 (0.0)            ; 1243 (64)           ; 965 (42)                  ; 0 (0)         ; 4096              ; 69         ; 0    ; 0            ; |test_top|top:comb_3                                                                                                                                                                                                                                                                                                                                 ; top                               ; work         ;
;       |alu:comb_21|                                                                                                                     ; 594.9 (140.1)        ; 626.0 (140.3)                    ; 31.1 (0.2)                                        ; 0.0 (0.0)                        ; 0.0 (0.0)            ; 1035 (256)          ; 443 (201)                 ; 0 (0)         ; 0                 ; 69         ; 0    ; 0            ; |test_top|top:comb_3|alu:comb_21                                                                                                                                                                                                                                                                                                                     ; alu                               ; work         ;
;          |matriz_determ2x2:comb_9|                                                                                                      ; 0.0 (0.0)            ; 0.0 (0.0)                        ; 0.0 (0.0)                                         ; 0.0 (0.0)                        ; 0.0 (0.0)            ; 0 (0)               ; 0 (0)                     ; 0 (0)         ; 0                 ; 1          ; 0    ; 0            ; |test_top|top:comb_3|alu:comb_21|matriz_determ2x2:comb_9                                                                                                                                                                                                                                                                                             ; matriz_determ2x2                  ; work         ;
;          |matriz_determ3x3:comb_10|                                                                                                     ; 0.0 (0.0)            ; 0.0 (0.0)                        ; 0.0 (0.0)                                         ; 0.0 (0.0)                        ; 0.0 (0.0)            ; 0 (0)               ; 0 (0)                     ; 0 (0)         ; 0                 ; 5          ; 0    ; 0            ; |test_top|top:comb_3|alu:comb_21|matriz_determ3x3:comb_10                                                                                                                                                                                                                                                                                            ; matriz_determ3x3                  ; work         ;
;          |matriz_determ4x4:comb_11|                                                                                                     ; 71.7 (71.7)          ; 74.2 (74.2)                      ; 2.5 (2.5)                                         ; 0.0 (0.0)                        ; 0.0 (0.0)            ; 116 (116)           ; 46 (46)                   ; 0 (0)         ; 0                 ; 6          ; 0    ; 0            ; |test_top|top:comb_3|alu:comb_21|matriz_determ4x4:comb_11                                                                                                                                                                                                                                                                                            ; matriz_determ4x4                  ; work         ;
;          |matriz_determ5x5:comb_12|                                                                                                     ; 148.0 (79.6)         ; 150.5 (80.0)                     ; 2.5 (0.4)                                         ; 0.0 (0.0)                        ; 0.0 (0.0)            ; 137 (29)            ; 196 (150)                 ; 0 (0)         ; 0                 ; 7          ; 0    ; 0            ; |test_top|top:comb_3|alu:comb_21|matriz_determ5x5:comb_12                                                                                                                                                                                                                                                                                            ; matriz_determ5x5                  ; work         ;
;             |matriz_determ4x4:comb_3|                                                                                                   ; 68.4 (68.4)          ; 70.5 (70.5)                      ; 2.1 (2.1)                                         ; 0.0 (0.0)                        ; 0.0 (0.0)            ; 108 (108)           ; 46 (46)                   ; 0 (0)         ; 0                 ; 6          ; 0    ; 0            ; |test_top|top:comb_3|alu:comb_21|matriz_determ5x5:comb_12|matriz_determ4x4:comb_3                                                                                                                                                                                                                                                                    ; matriz_determ4x4                  ; work         ;
;          |matriz_escalar:comb_8|                                                                                                        ; 0.0 (0.0)            ; 0.0 (0.0)                        ; 0.0 (0.0)                                         ; 0.0 (0.0)                        ; 0.0 (0.0)            ; 0 (0)               ; 0 (0)                     ; 0 (0)         ; 0                 ; 25         ; 0    ; 0            ; |test_top|top:comb_3|alu:comb_21|matriz_escalar:comb_8                                                                                                                                                                                                                                                                                               ; matriz_escalar                    ; work         ;
;          |matriz_multi:comb_5|                                                                                                          ; 101.1 (101.1)        ; 112.2 (112.2)                    ; 11.1 (11.1)                                       ; 0.0 (0.0)                        ; 0.0 (0.0)            ; 226 (226)           ; 0 (0)                     ; 0 (0)         ; 0                 ; 25         ; 0    ; 0            ; |test_top|top:comb_3|alu:comb_21|matriz_multi:comb_5                                                                                                                                                                                                                                                                                                 ; matriz_multi                      ; work         ;
;          |matriz_oposta:comb_7|                                                                                                         ; 17.5 (17.5)          ; 19.5 (19.5)                      ; 2.0 (2.0)                                         ; 0.0 (0.0)                        ; 0.0 (0.0)            ; 40 (40)             ; 0 (0)                     ; 0 (0)         ; 0                 ; 0          ; 0    ; 0            ; |test_top|top:comb_3|alu:comb_21|matriz_oposta:comb_7                                                                                                                                                                                                                                                                                                ; matriz_oposta                     ; work         ;
;          |matriz_soma:comb_3|                                                                                                           ; 17.9 (17.9)          ; 19.8 (19.8)                      ; 2.0 (2.0)                                         ; 0.0 (0.0)                        ; 0.0 (0.0)            ; 40 (40)             ; 0 (0)                     ; 0 (0)         ; 0                 ; 0          ; 0    ; 0            ; |test_top|top:comb_3|alu:comb_21|matriz_soma:comb_3                                                                                                                                                                                                                                                                                                  ; matriz_soma                       ; work         ;
;          |matriz_subtracao:comb_4|                                                                                                      ; 98.7 (98.7)          ; 109.5 (109.5)                    ; 10.8 (10.8)                                       ; 0.0 (0.0)                        ; 0.0 (0.0)            ; 220 (220)           ; 0 (0)                     ; 0 (0)         ; 0                 ; 0          ; 0    ; 0            ; |test_top|top:comb_3|alu:comb_21|matriz_subtracao:comb_4                                                                                                                                                                                                                                                                                             ; matriz_subtracao                  ; work         ;
;       |br:comb_22|                                                                                                                      ; 223.7 (223.7)        ; 244.2 (244.2)                    ; 20.5 (20.5)                                       ; 0.0 (0.0)                        ; 0.0 (0.0)            ; 96 (96)             ; 416 (416)                 ; 0 (0)         ; 0                 ; 0          ; 0    ; 0            ; |test_top|top:comb_3|br:comb_22                                                                                                                                                                                                                                                                                                                      ; br                                ; work         ;
;       |decoder:comb_19|                                                                                                                 ; 3.6 (3.6)            ; 4.0 (4.0)                        ; 0.4 (0.4)                                         ; 0.0 (0.0)                        ; 0.0 (0.0)            ; 8 (8)               ; 0 (0)                     ; 0 (0)         ; 0                 ; 0          ; 0    ; 0            ; |test_top|top:comb_3|decoder:comb_19                                                                                                                                                                                                                                                                                                                 ; decoder                           ; work         ;
;       |memory_mod:comb_20|                                                                                                              ; 33.1 (8.7)           ; 34.7 (9.6)                       ; 1.5 (0.8)                                         ; 0.0 (0.0)                        ; 0.0 (0.0)            ; 40 (4)              ; 64 (19)                   ; 0 (0)         ; 4096              ; 0          ; 0    ; 0            ; |test_top|top:comb_3|memory_mod:comb_20                                                                                                                                                                                                                                                                                                              ; memory_mod                        ; work         ;
;          |ram16bits:comb_3|                                                                                                             ; 24.4 (0.0)           ; 25.1 (0.0)                       ; 0.7 (0.0)                                         ; 0.0 (0.0)                        ; 0.0 (0.0)            ; 36 (0)              ; 45 (0)                    ; 0 (0)         ; 4096              ; 0          ; 0    ; 0            ; |test_top|top:comb_3|memory_mod:comb_20|ram16bits:comb_3                                                                                                                                                                                                                                                                                             ; ram16bits                         ; work         ;
;             |altsyncram:altsyncram_component|                                                                                           ; 24.4 (0.0)           ; 25.1 (0.0)                       ; 0.7 (0.0)                                         ; 0.0 (0.0)                        ; 0.0 (0.0)            ; 36 (0)              ; 45 (0)                    ; 0 (0)         ; 4096              ; 0          ; 0    ; 0            ; |test_top|top:comb_3|memory_mod:comb_20|ram16bits:comb_3|altsyncram:altsyncram_component                                                                                                                                                                                                                                                             ; altsyncram                        ; work         ;
;                |altsyncram_bnn1:auto_generated|                                                                                         ; 24.4 (0.0)           ; 25.1 (0.0)                       ; 0.7 (0.0)                                         ; 0.0 (0.0)                        ; 0.0 (0.0)            ; 36 (0)              ; 45 (0)                    ; 0 (0)         ; 4096              ; 0          ; 0    ; 0            ; |test_top|top:comb_3|memory_mod:comb_20|ram16bits:comb_3|altsyncram:altsyncram_component|altsyncram_bnn1:auto_generated                                                                                                                                                                                                                              ; altsyncram_bnn1                   ; work         ;
;                   |altsyncram_8ud2:altsyncram1|                                                                                         ; 0.0 (0.0)            ; 0.0 (0.0)                        ; 0.0 (0.0)                                         ; 0.0 (0.0)                        ; 0.0 (0.0)            ; 0 (0)               ; 0 (0)                     ; 0 (0)         ; 4096              ; 0          ; 0    ; 0            ; |test_top|top:comb_3|memory_mod:comb_20|ram16bits:comb_3|altsyncram:altsyncram_component|altsyncram_bnn1:auto_generated|altsyncram_8ud2:altsyncram1                                                                                                                                                                                                  ; altsyncram_8ud2                   ; work         ;
;                   |sld_mod_ram_rom:mgl_prim2|                                                                                           ; 24.4 (18.2)          ; 25.1 (18.8)                      ; 0.7 (0.6)                                         ; 0.0 (0.0)                        ; 0.0 (0.0)            ; 36 (24)             ; 45 (37)                   ; 0 (0)         ; 0                 ; 0          ; 0    ; 0            ; |test_top|top:comb_3|memory_mod:comb_20|ram16bits:comb_3|altsyncram:altsyncram_component|altsyncram_bnn1:auto_generated|sld_mod_ram_rom:mgl_prim2                                                                                                                                                                                                    ; sld_mod_ram_rom                   ; work         ;
;                      |sld_rom_sr:\ram_rom_logic_gen:no_name_gen:info_rom_sr|                                                            ; 6.2 (6.2)            ; 6.3 (6.3)                        ; 0.1 (0.1)                                         ; 0.0 (0.0)                        ; 0.0 (0.0)            ; 12 (12)             ; 8 (8)                     ; 0 (0)         ; 0                 ; 0          ; 0    ; 0            ; |test_top|top:comb_3|memory_mod:comb_20|ram16bits:comb_3|altsyncram:altsyncram_component|altsyncram_bnn1:auto_generated|sld_mod_ram_rom:mgl_prim2|sld_rom_sr:\ram_rom_logic_gen:no_name_gen:info_rom_sr                                                                                                                                              ; sld_rom_sr                        ; work         ;
+-----------------------------------------------------------------------------------------------------------------------------------------+----------------------+----------------------------------+---------------------------------------------------+----------------------------------+----------------------+---------------------+---------------------------+---------------+-------------------+------------+------+--------------+------------------------------------------------------------------------------------------------------------------------------------------------------------------------------------------------------------------------------------------------------------------------------------------------------------------------------------------------------+-----------------------------------+--------------+
Note: For table entries with two numbers listed, the numbers in parentheses indicate the number of resources of the given type used by the specific entity alone. The numbers listed outside of parentheses indicate the total resources of the given type used by the specific entity and all of its sub-entities in the hierarchy.


+-------------------------------------------------------------------------------------------------------------------------+
; Delay Chain Summary                                                                                                     ;
+----------+----------+----+------+------+----+------+-------+--------+------------------------+--------------------------+
; Name     ; Pin Type ; D1 ; D3_0 ; D3_1 ; D4 ; D5   ; D5 OE ; D5 OCT ; T11 (Postamble Gating) ; T11 (Postamble Ungating) ;
+----------+----------+----+------+------+----+------+-------+--------+------------------------+--------------------------+
; seg1[0]  ; Output   ; -- ; --   ; --   ; -- ; (0)  ; (0)   ; --     ; --                     ; --                       ;
; seg1[1]  ; Output   ; -- ; --   ; --   ; -- ; (0)  ; (0)   ; --     ; --                     ; --                       ;
; seg1[2]  ; Output   ; -- ; --   ; --   ; -- ; (0)  ; (0)   ; --     ; --                     ; --                       ;
; seg1[3]  ; Output   ; -- ; --   ; --   ; -- ; (0)  ; (0)   ; --     ; --                     ; --                       ;
; seg1[4]  ; Output   ; -- ; --   ; --   ; -- ; (0)  ; (0)   ; --     ; --                     ; --                       ;
; seg1[5]  ; Output   ; -- ; --   ; --   ; -- ; (0)  ; (0)   ; --     ; --                     ; --                       ;
; seg1[6]  ; Output   ; -- ; --   ; --   ; -- ; (0)  ; (0)   ; --     ; --                     ; --                       ;
; seg2[0]  ; Output   ; -- ; --   ; --   ; -- ; (0)  ; (0)   ; --     ; --                     ; --                       ;
; seg2[1]  ; Output   ; -- ; --   ; --   ; -- ; (0)  ; (0)   ; --     ; --                     ; --                       ;
; seg2[2]  ; Output   ; -- ; --   ; --   ; -- ; (0)  ; (0)   ; --     ; --                     ; --                       ;
; seg2[3]  ; Output   ; -- ; --   ; --   ; -- ; (0)  ; (0)   ; --     ; --                     ; --                       ;
; seg2[4]  ; Output   ; -- ; --   ; --   ; -- ; (0)  ; (0)   ; --     ; --                     ; --                       ;
; seg2[5]  ; Output   ; -- ; --   ; --   ; -- ; (0)  ; (0)   ; --     ; --                     ; --                       ;
; seg2[6]  ; Output   ; -- ; --   ; --   ; -- ; (0)  ; (0)   ; --     ; --                     ; --                       ;
; seg3[0]  ; Output   ; -- ; --   ; --   ; -- ; (0)  ; (0)   ; --     ; --                     ; --                       ;
; seg3[1]  ; Output   ; -- ; --   ; --   ; -- ; (0)  ; (0)   ; --     ; --                     ; --                       ;
; seg3[2]  ; Output   ; -- ; --   ; --   ; -- ; (0)  ; (0)   ; --     ; --                     ; --                       ;
; seg3[3]  ; Output   ; -- ; --   ; --   ; -- ; (0)  ; (0)   ; --     ; --                     ; --                       ;
; seg3[4]  ; Output   ; -- ; --   ; --   ; -- ; (0)  ; (0)   ; --     ; --                     ; --                       ;
; seg3[5]  ; Output   ; -- ; --   ; --   ; -- ; (0)  ; (0)   ; --     ; --                     ; --                       ;
; seg3[6]  ; Output   ; -- ; --   ; --   ; -- ; (0)  ; (0)   ; --     ; --                     ; --                       ;
; seg4[0]  ; Output   ; -- ; --   ; --   ; -- ; (0)  ; (0)   ; --     ; --                     ; --                       ;
; seg4[1]  ; Output   ; -- ; --   ; --   ; -- ; (0)  ; (0)   ; --     ; --                     ; --                       ;
; seg4[2]  ; Output   ; -- ; --   ; --   ; -- ; (0)  ; (0)   ; --     ; --                     ; --                       ;
; seg4[3]  ; Output   ; -- ; --   ; --   ; -- ; (0)  ; (0)   ; --     ; --                     ; --                       ;
; seg4[4]  ; Output   ; -- ; --   ; --   ; -- ; (0)  ; (0)   ; --     ; --                     ; --                       ;
; seg4[5]  ; Output   ; -- ; --   ; --   ; -- ; (0)  ; (0)   ; --     ; --                     ; --                       ;
; seg4[6]  ; Output   ; -- ; --   ; --   ; -- ; (0)  ; (0)   ; --     ; --                     ; --                       ;
; nums[0]  ; Output   ; -- ; --   ; --   ; -- ; (0)  ; (0)   ; --     ; --                     ; --                       ;
; nums[1]  ; Output   ; -- ; --   ; --   ; -- ; (0)  ; (0)   ; --     ; --                     ; --                       ;
; nums[2]  ; Output   ; -- ; --   ; --   ; -- ; (0)  ; (0)   ; --     ; --                     ; --                       ;
; nums[3]  ; Output   ; -- ; --   ; --   ; -- ; (0)  ; (0)   ; --     ; --                     ; --                       ;
; nums[4]  ; Output   ; -- ; --   ; --   ; -- ; (0)  ; (0)   ; --     ; --                     ; --                       ;
; nums[5]  ; Output   ; -- ; --   ; --   ; -- ; (0)  ; (0)   ; --     ; --                     ; --                       ;
; nums[6]  ; Output   ; -- ; --   ; --   ; -- ; (0)  ; (0)   ; --     ; --                     ; --                       ;
; nums[7]  ; Output   ; -- ; --   ; --   ; -- ; (0)  ; (0)   ; --     ; --                     ; --                       ;
; nums[8]  ; Output   ; -- ; --   ; --   ; -- ; (0)  ; (0)   ; --     ; --                     ; --                       ;
; nums[9]  ; Output   ; -- ; --   ; --   ; -- ; (0)  ; (0)   ; --     ; --                     ; --                       ;
; nums[10] ; Output   ; -- ; --   ; --   ; -- ; (0)  ; (0)   ; --     ; --                     ; --                       ;
; nums[11] ; Output   ; -- ; --   ; --   ; -- ; (0)  ; (0)   ; --     ; --                     ; --                       ;
; nums[12] ; Output   ; -- ; --   ; --   ; -- ; (0)  ; (0)   ; --     ; --                     ; --                       ;
; nums[13] ; Output   ; -- ; --   ; --   ; -- ; (0)  ; (0)   ; --     ; --                     ; --                       ;
; nums[14] ; Output   ; -- ; --   ; --   ; -- ; (0)  ; (0)   ; --     ; --                     ; --                       ;
; nums[15] ; Output   ; -- ; --   ; --   ; -- ; (0)  ; (0)   ; --     ; --                     ; --                       ;
; clk      ; Input    ; -- ; (0)  ; --   ; -- ; --   ; --    ; --     ; --                     ; --                       ;
; bt1      ; Input    ; -- ; (0)  ; --   ; -- ; --   ; --    ; --     ; --                     ; --                       ;
; bt0      ; Input    ; -- ; (0)  ; --   ; -- ; --   ; --    ; --     ; --                     ; --                       ;
+----------+----------+----+------+------+----+------+-------+--------+------------------------+--------------------------+


+---------------------------------------------------+
; Pad To Core Delay Chain Fanout                    ;
+---------------------+-------------------+---------+
; Source Pin / Fanout ; Pad To Core Index ; Setting ;
+---------------------+-------------------+---------+
; clk                 ;                   ;         ;
; bt1                 ;                   ;         ;
; bt0                 ;                   ;         ;
+---------------------+-------------------+---------+


+--------------------------------------------------------------------------------------------------------------------------------------------------------------------------------------------------------------------------------------------------------------------------------------------------------------------------------------------------------------------------------------------------------------------------------------------------------------------------------------------------+
; Control Signals                                                                                                                                                                                                                                                                                                                                                                                                                                                                                  ;
+------------------------------------------------------------------------------------------------------------------------------------------------------------------------------------------------------------------------------------------------------------------------------------------------------------------------------------------------------------+---------------+---------+----------------------------+--------+----------------------+------------------+---------------------------+
; Name                                                                                                                                                                                                                                                                                                                                                       ; Location      ; Fan-Out ; Usage                      ; Global ; Global Resource Used ; Global Line Name ; Enable Signal Source Name ;
+------------------------------------------------------------------------------------------------------------------------------------------------------------------------------------------------------------------------------------------------------------------------------------------------------------------------------------------------------------+---------------+---------+----------------------------+--------+----------------------+------------------+---------------------------+
; altera_internal_jtag~TCKUTAP                                                                                                                                                                                                                                                                                                                               ; JTAG_X0_Y2_N3 ; 147     ; Clock                      ; no     ; --                   ; --               ; --                        ;
; altera_internal_jtag~TMSUTAP                                                                                                                                                                                                                                                                                                                               ; JTAG_X0_Y2_N3 ; 24      ; Sync. clear                ; no     ; --                   ; --               ; --                        ;
; clk                                                                                                                                                                                                                                                                                                                                                        ; PIN_AA26      ; 547     ; Clock                      ; yes    ; Global Clock         ; Not Available    ; --                        ;
; clk                                                                                                                                                                                                                                                                                                                                                        ; PIN_AA26      ; 3       ; Clock                      ; no     ; --                   ; --               ; --                        ;
; my_debounce:comb_10|clock_div:u1|LessThan0~6                                                                                                                                                                                                                                                                                                               ; Unassigned    ; 27      ; Sync. clear                ; no     ; --                   ; --               ; --                        ;
; my_debounce:comb_10|clock_div:u1|slow_clk                                                                                                                                                                                                                                                                                                                  ; Unassigned    ; 3       ; Clock                      ; no     ; --                   ; --               ; --                        ;
; my_debounce:comb_8|clock_div:u1|slow_clk                                                                                                                                                                                                                                                                                                                   ; Unassigned    ; 3       ; Clock                      ; no     ; --                   ; --               ; --                        ;
; my_debounce:comb_8|pb_out                                                                                                                                                                                                                                                                                                                                  ; Unassigned    ; 27      ; Clock                      ; no     ; --                   ; --               ; --                        ;
; sld_hub:auto_hub|alt_sld_fab_with_jtag_input:\instrumentation_fabric_with_node_gen:fabric_gen_new_way:with_jtag_input_gen:instrumentation_fabric|alt_sld_fab:instrumentation_fabric|alt_sld_fab_alt_sld_fab:alt_sld_fab|alt_sld_fab_alt_sld_fab_sldfabric:sldfabric|sld_jtag_hub:\jtag_hub_gen:real_sld_jtag_hub|clr_reg                                   ; Unassigned    ; 23      ; Async. clear               ; no     ; --                   ; --               ; --                        ;
; sld_hub:auto_hub|alt_sld_fab_with_jtag_input:\instrumentation_fabric_with_node_gen:fabric_gen_new_way:with_jtag_input_gen:instrumentation_fabric|alt_sld_fab:instrumentation_fabric|alt_sld_fab_alt_sld_fab:alt_sld_fab|alt_sld_fab_alt_sld_fab_sldfabric:sldfabric|sld_jtag_hub:\jtag_hub_gen:real_sld_jtag_hub|design_hash_reg[1]~3                      ; Unassigned    ; 4       ; Clock enable               ; no     ; --                   ; --               ; --                        ;
; sld_hub:auto_hub|alt_sld_fab_with_jtag_input:\instrumentation_fabric_with_node_gen:fabric_gen_new_way:with_jtag_input_gen:instrumentation_fabric|alt_sld_fab:instrumentation_fabric|alt_sld_fab_alt_sld_fab:alt_sld_fab|alt_sld_fab_alt_sld_fab_sldfabric:sldfabric|sld_jtag_hub:\jtag_hub_gen:real_sld_jtag_hub|hub_info_reg_ena~0                        ; Unassigned    ; 5       ; Clock enable               ; no     ; --                   ; --               ; --                        ;
; sld_hub:auto_hub|alt_sld_fab_with_jtag_input:\instrumentation_fabric_with_node_gen:fabric_gen_new_way:with_jtag_input_gen:instrumentation_fabric|alt_sld_fab:instrumentation_fabric|alt_sld_fab_alt_sld_fab:alt_sld_fab|alt_sld_fab_alt_sld_fab_sldfabric:sldfabric|sld_jtag_hub:\jtag_hub_gen:real_sld_jtag_hub|identity_contrib_shift_reg[0]~0           ; Unassigned    ; 4       ; Clock enable               ; no     ; --                   ; --               ; --                        ;
; sld_hub:auto_hub|alt_sld_fab_with_jtag_input:\instrumentation_fabric_with_node_gen:fabric_gen_new_way:with_jtag_input_gen:instrumentation_fabric|alt_sld_fab:instrumentation_fabric|alt_sld_fab_alt_sld_fab:alt_sld_fab|alt_sld_fab_alt_sld_fab_sldfabric:sldfabric|sld_jtag_hub:\jtag_hub_gen:real_sld_jtag_hub|irf_reg[1][0]                             ; Unassigned    ; 11      ; Async. clear               ; no     ; --                   ; --               ; --                        ;
; sld_hub:auto_hub|alt_sld_fab_with_jtag_input:\instrumentation_fabric_with_node_gen:fabric_gen_new_way:with_jtag_input_gen:instrumentation_fabric|alt_sld_fab:instrumentation_fabric|alt_sld_fab_alt_sld_fab:alt_sld_fab|alt_sld_fab_alt_sld_fab_sldfabric:sldfabric|sld_jtag_hub:\jtag_hub_gen:real_sld_jtag_hub|irf_reg[1][0]~0                           ; Unassigned    ; 8       ; Clock enable               ; no     ; --                   ; --               ; --                        ;
; sld_hub:auto_hub|alt_sld_fab_with_jtag_input:\instrumentation_fabric_with_node_gen:fabric_gen_new_way:with_jtag_input_gen:instrumentation_fabric|alt_sld_fab:instrumentation_fabric|alt_sld_fab_alt_sld_fab:alt_sld_fab|alt_sld_fab_alt_sld_fab_sldfabric:sldfabric|sld_jtag_hub:\jtag_hub_gen:real_sld_jtag_hub|irf_reg[1][3]                             ; Unassigned    ; 8       ; Async. clear               ; no     ; --                   ; --               ; --                        ;
; sld_hub:auto_hub|alt_sld_fab_with_jtag_input:\instrumentation_fabric_with_node_gen:fabric_gen_new_way:with_jtag_input_gen:instrumentation_fabric|alt_sld_fab:instrumentation_fabric|alt_sld_fab_alt_sld_fab:alt_sld_fab|alt_sld_fab_alt_sld_fab_sldfabric:sldfabric|sld_jtag_hub:\jtag_hub_gen:real_sld_jtag_hub|irsr_reg[2]~1                             ; Unassigned    ; 7       ; Clock enable               ; no     ; --                   ; --               ; --                        ;
; sld_hub:auto_hub|alt_sld_fab_with_jtag_input:\instrumentation_fabric_with_node_gen:fabric_gen_new_way:with_jtag_input_gen:instrumentation_fabric|alt_sld_fab:instrumentation_fabric|alt_sld_fab_alt_sld_fab:alt_sld_fab|alt_sld_fab_alt_sld_fab_sldfabric:sldfabric|sld_jtag_hub:\jtag_hub_gen:real_sld_jtag_hub|mixer_addr_reg_internal[4]~1              ; Unassigned    ; 5       ; Clock enable               ; no     ; --                   ; --               ; --                        ;
; sld_hub:auto_hub|alt_sld_fab_with_jtag_input:\instrumentation_fabric_with_node_gen:fabric_gen_new_way:with_jtag_input_gen:instrumentation_fabric|alt_sld_fab:instrumentation_fabric|alt_sld_fab_alt_sld_fab:alt_sld_fab|alt_sld_fab_alt_sld_fab_sldfabric:sldfabric|sld_jtag_hub:\jtag_hub_gen:real_sld_jtag_hub|sld_rom_sr:hub_info_reg|WORD_SR[1]~1      ; Unassigned    ; 4       ; Clock enable               ; no     ; --                   ; --               ; --                        ;
; sld_hub:auto_hub|alt_sld_fab_with_jtag_input:\instrumentation_fabric_with_node_gen:fabric_gen_new_way:with_jtag_input_gen:instrumentation_fabric|alt_sld_fab:instrumentation_fabric|alt_sld_fab_alt_sld_fab:alt_sld_fab|alt_sld_fab_alt_sld_fab_sldfabric:sldfabric|sld_jtag_hub:\jtag_hub_gen:real_sld_jtag_hub|sld_rom_sr:hub_info_reg|word_counter[4]~1 ; Unassigned    ; 5       ; Clock enable               ; no     ; --                   ; --               ; --                        ;
; sld_hub:auto_hub|alt_sld_fab_with_jtag_input:\instrumentation_fabric_with_node_gen:fabric_gen_new_way:with_jtag_input_gen:instrumentation_fabric|alt_sld_fab:instrumentation_fabric|alt_sld_fab_alt_sld_fab:alt_sld_fab|alt_sld_fab_alt_sld_fab_sldfabric:sldfabric|sld_jtag_hub:\jtag_hub_gen:real_sld_jtag_hub|sld_shadow_jsm:shadow_jsm|state[0]        ; Unassigned    ; 15      ; Async. clear               ; no     ; --                   ; --               ; --                        ;
; sld_hub:auto_hub|alt_sld_fab_with_jtag_input:\instrumentation_fabric_with_node_gen:fabric_gen_new_way:with_jtag_input_gen:instrumentation_fabric|alt_sld_fab:instrumentation_fabric|alt_sld_fab_alt_sld_fab:alt_sld_fab|alt_sld_fab_alt_sld_fab_sldfabric:sldfabric|sld_jtag_hub:\jtag_hub_gen:real_sld_jtag_hub|sld_shadow_jsm:shadow_jsm|state[11]       ; Unassigned    ; 12      ; Clock enable               ; no     ; --                   ; --               ; --                        ;
; sld_hub:auto_hub|alt_sld_fab_with_jtag_input:\instrumentation_fabric_with_node_gen:fabric_gen_new_way:with_jtag_input_gen:instrumentation_fabric|alt_sld_fab:instrumentation_fabric|alt_sld_fab_alt_sld_fab:alt_sld_fab|alt_sld_fab_alt_sld_fab_sldfabric:sldfabric|sld_jtag_hub:\jtag_hub_gen:real_sld_jtag_hub|sld_shadow_jsm:shadow_jsm|state[3]        ; Unassigned    ; 28      ; Sync. load                 ; no     ; --                   ; --               ; --                        ;
; sld_hub:auto_hub|alt_sld_fab_with_jtag_input:\instrumentation_fabric_with_node_gen:fabric_gen_new_way:with_jtag_input_gen:instrumentation_fabric|alt_sld_fab:instrumentation_fabric|alt_sld_fab_alt_sld_fab:alt_sld_fab|alt_sld_fab_alt_sld_fab_sldfabric:sldfabric|sld_jtag_hub:\jtag_hub_gen:real_sld_jtag_hub|virtual_ir_dr_scan_proc~0                 ; Unassigned    ; 3       ; Clock enable               ; no     ; --                   ; --               ; --                        ;
; sld_hub:auto_hub|alt_sld_fab_with_jtag_input:\instrumentation_fabric_with_node_gen:fabric_gen_new_way:with_jtag_input_gen:instrumentation_fabric|alt_sld_fab:instrumentation_fabric|alt_sld_fab_alt_sld_fab:alt_sld_fab|alt_sld_fab_alt_sld_fab_sldfabric:sldfabric|sld_jtag_hub:\jtag_hub_gen:real_sld_jtag_hub|virtual_ir_scan_reg                       ; Unassigned    ; 31      ; Async. clear, Clock enable ; no     ; --                   ; --               ; --                        ;
; sld_hub:auto_hub|alt_sld_fab_with_jtag_input:\instrumentation_fabric_with_node_gen:fabric_gen_new_way:with_jtag_input_gen:instrumentation_fabric|alt_sld_fab:instrumentation_fabric|alt_sld_fab_alt_sld_fab:alt_sld_fab|sldfabric_ident_writedata[0]~0                                                                                                     ; Unassigned    ; 4       ; Clock enable               ; no     ; --                   ; --               ; --                        ;
; top:comb_3|Selector1~0                                                                                                                                                                                                                                                                                                                                     ; Unassigned    ; 23      ; Clock enable               ; no     ; --                   ; --               ; --                        ;
; top:comb_3|alu:comb_21|matriz_determ4x4:comb_11|Decoder0~0                                                                                                                                                                                                                                                                                                 ; Unassigned    ; 8       ; Clock enable               ; no     ; --                   ; --               ; --                        ;
; top:comb_3|alu:comb_21|matriz_determ4x4:comb_11|Decoder0~1                                                                                                                                                                                                                                                                                                 ; Unassigned    ; 8       ; Clock enable               ; no     ; --                   ; --               ; --                        ;
; top:comb_3|alu:comb_21|matriz_determ4x4:comb_11|Decoder0~2                                                                                                                                                                                                                                                                                                 ; Unassigned    ; 8       ; Clock enable               ; no     ; --                   ; --               ; --                        ;
; top:comb_3|alu:comb_21|matriz_determ4x4:comb_11|Decoder0~3                                                                                                                                                                                                                                                                                                 ; Unassigned    ; 8       ; Clock enable               ; no     ; --                   ; --               ; --                        ;
; top:comb_3|alu:comb_21|matriz_determ4x4:comb_11|Decoder0~4                                                                                                                                                                                                                                                                                                 ; Unassigned    ; 8       ; Clock enable               ; no     ; --                   ; --               ; --                        ;
; top:comb_3|alu:comb_21|matriz_determ5x5:comb_12|count[2]                                                                                                                                                                                                                                                                                                   ; Unassigned    ; 24      ; Sync. load                 ; no     ; --                   ; --               ; --                        ;
; top:comb_3|alu:comb_21|matriz_determ5x5:comb_12|det[5]~0                                                                                                                                                                                                                                                                                                   ; Unassigned    ; 11      ; Clock enable               ; no     ; --                   ; --               ; --                        ;
; top:comb_3|alu:comb_21|matriz_determ5x5:comb_12|item_temp[2]~0                                                                                                                                                                                                                                                                                             ; Unassigned    ; 136     ; Clock enable               ; no     ; --                   ; --               ; --                        ;
; top:comb_3|alu:comb_21|matriz_determ5x5:comb_12|matrix_temp[103]~0                                                                                                                                                                                                                                                                                         ; Unassigned    ; 32      ; Sync. load                 ; no     ; --                   ; --               ; --                        ;
; top:comb_3|alu:comb_21|matriz_determ5x5:comb_12|matrix_temp[145]~1                                                                                                                                                                                                                                                                                         ; Unassigned    ; 32      ; Sync. load                 ; no     ; --                   ; --               ; --                        ;
; top:comb_3|alu:comb_21|matriz_determ5x5:comb_12|matrix_temp[48]~3                                                                                                                                                                                                                                                                                          ; Unassigned    ; 32      ; Sync. load                 ; no     ; --                   ; --               ; --                        ;
; top:comb_3|alu:comb_21|matriz_determ5x5:comb_12|matrix_temp[7]~2                                                                                                                                                                                                                                                                                           ; Unassigned    ; 32      ; Sync. load                 ; no     ; --                   ; --               ; --                        ;
; top:comb_3|alu:comb_21|matriz_determ5x5:comb_12|matriz_determ4x4:comb_3|Decoder0~0                                                                                                                                                                                                                                                                         ; Unassigned    ; 8       ; Clock enable               ; no     ; --                   ; --               ; --                        ;
; top:comb_3|alu:comb_21|matriz_determ5x5:comb_12|matriz_determ4x4:comb_3|Decoder0~1                                                                                                                                                                                                                                                                         ; Unassigned    ; 8       ; Clock enable               ; no     ; --                   ; --               ; --                        ;
; top:comb_3|alu:comb_21|matriz_determ5x5:comb_12|matriz_determ4x4:comb_3|Decoder0~2                                                                                                                                                                                                                                                                         ; Unassigned    ; 8       ; Clock enable               ; no     ; --                   ; --               ; --                        ;
; top:comb_3|alu:comb_21|matriz_determ5x5:comb_12|matriz_determ4x4:comb_3|Decoder0~3                                                                                                                                                                                                                                                                         ; Unassigned    ; 8       ; Clock enable               ; no     ; --                   ; --               ; --                        ;
; top:comb_3|alu:comb_21|matriz_determ5x5:comb_12|matriz_determ4x4:comb_3|Decoder0~4                                                                                                                                                                                                                                                                         ; Unassigned    ; 8       ; Clock enable               ; no     ; --                   ; --               ; --                        ;
; top:comb_3|alu:comb_21|matriz_determ5x5:comb_12|start4x4                                                                                                                                                                                                                                                                                                   ; Unassigned    ; 20      ; Sync. clear                ; no     ; --                   ; --               ; --                        ;
; top:comb_3|alu:comb_21|matriz_resultante[1]~0                                                                                                                                                                                                                                                                                                              ; Unassigned    ; 200     ; Clock enable               ; no     ; --                   ; --               ; --                        ;
; top:comb_3|alu:comb_21|matriz_resultante[24]~3                                                                                                                                                                                                                                                                                                             ; Unassigned    ; 192     ; Sync. clear                ; no     ; --                   ; --               ; --                        ;
; top:comb_3|br:comb_22|Decoder1~0                                                                                                                                                                                                                                                                                                                           ; Unassigned    ; 16      ; Clock enable               ; no     ; --                   ; --               ; --                        ;
; top:comb_3|br:comb_22|data_out[5]~1                                                                                                                                                                                                                                                                                                                        ; Unassigned    ; 8       ; Sync. clear                ; no     ; --                   ; --               ; --                        ;
; top:comb_3|br:comb_22|data_out[8]~0                                                                                                                                                                                                                                                                                                                        ; Unassigned    ; 10      ; Sync. clear                ; no     ; --                   ; --               ; --                        ;
; top:comb_3|br:comb_22|matrix_A[112]~12                                                                                                                                                                                                                                                                                                                     ; Unassigned    ; 16      ; Clock enable               ; no     ; --                   ; --               ; --                        ;
; top:comb_3|br:comb_22|matrix_A[129]~5                                                                                                                                                                                                                                                                                                                      ; Unassigned    ; 16      ; Clock enable               ; no     ; --                   ; --               ; --                        ;
; top:comb_3|br:comb_22|matrix_A[144]~10                                                                                                                                                                                                                                                                                                                     ; Unassigned    ; 16      ; Clock enable               ; no     ; --                   ; --               ; --                        ;
; top:comb_3|br:comb_22|matrix_A[161]~3                                                                                                                                                                                                                                                                                                                      ; Unassigned    ; 16      ; Clock enable               ; no     ; --                   ; --               ; --                        ;
; top:comb_3|br:comb_22|matrix_A[177]~8                                                                                                                                                                                                                                                                                                                      ; Unassigned    ; 16      ; Clock enable               ; no     ; --                   ; --               ; --                        ;
; top:comb_3|br:comb_22|matrix_A[192]~13                                                                                                                                                                                                                                                                                                                     ; Unassigned    ; 8       ; Clock enable               ; no     ; --                   ; --               ; --                        ;
; top:comb_3|br:comb_22|matrix_A[23]~6                                                                                                                                                                                                                                                                                                                       ; Unassigned    ; 16      ; Clock enable               ; no     ; --                   ; --               ; --                        ;
; top:comb_3|br:comb_22|matrix_A[39]~11                                                                                                                                                                                                                                                                                                                      ; Unassigned    ; 16      ; Clock enable               ; no     ; --                   ; --               ; --                        ;
; top:comb_3|br:comb_22|matrix_A[48]~4                                                                                                                                                                                                                                                                                                                       ; Unassigned    ; 16      ; Clock enable               ; no     ; --                   ; --               ; --                        ;
; top:comb_3|br:comb_22|matrix_A[64]~9                                                                                                                                                                                                                                                                                                                       ; Unassigned    ; 16      ; Clock enable               ; no     ; --                   ; --               ; --                        ;
; top:comb_3|br:comb_22|matrix_A[7]~1                                                                                                                                                                                                                                                                                                                        ; Unassigned    ; 16      ; Clock enable               ; no     ; --                   ; --               ; --                        ;
; top:comb_3|br:comb_22|matrix_A[81]~2                                                                                                                                                                                                                                                                                                                       ; Unassigned    ; 16      ; Clock enable               ; no     ; --                   ; --               ; --                        ;
; top:comb_3|br:comb_22|matrix_A[96]~7                                                                                                                                                                                                                                                                                                                       ; Unassigned    ; 16      ; Clock enable               ; no     ; --                   ; --               ; --                        ;
; top:comb_3|br:comb_22|matrix_B[112]~7                                                                                                                                                                                                                                                                                                                      ; Unassigned    ; 16      ; Clock enable               ; no     ; --                   ; --               ; --                        ;
; top:comb_3|br:comb_22|matrix_B[128]~9                                                                                                                                                                                                                                                                                                                      ; Unassigned    ; 16      ; Clock enable               ; no     ; --                   ; --               ; --                        ;
; top:comb_3|br:comb_22|matrix_B[144]~10                                                                                                                                                                                                                                                                                                                     ; Unassigned    ; 16      ; Clock enable               ; no     ; --                   ; --               ; --                        ;
; top:comb_3|br:comb_22|matrix_B[160]~11                                                                                                                                                                                                                                                                                                                     ; Unassigned    ; 16      ; Clock enable               ; no     ; --                   ; --               ; --                        ;
; top:comb_3|br:comb_22|matrix_B[176]~12                                                                                                                                                                                                                                                                                                                     ; Unassigned    ; 16      ; Clock enable               ; no     ; --                   ; --               ; --                        ;
; top:comb_3|br:comb_22|matrix_B[192]~13                                                                                                                                                                                                                                                                                                                     ; Unassigned    ; 8       ; Clock enable               ; no     ; --                   ; --               ; --                        ;
; top:comb_3|br:comb_22|matrix_B[23]~1                                                                                                                                                                                                                                                                                                                       ; Unassigned    ; 16      ; Clock enable               ; no     ; --                   ; --               ; --                        ;
; top:comb_3|br:comb_22|matrix_B[39]~2                                                                                                                                                                                                                                                                                                                       ; Unassigned    ; 16      ; Clock enable               ; no     ; --                   ; --               ; --                        ;
; top:comb_3|br:comb_22|matrix_B[48]~3                                                                                                                                                                                                                                                                                                                       ; Unassigned    ; 16      ; Clock enable               ; no     ; --                   ; --               ; --                        ;
; top:comb_3|br:comb_22|matrix_B[64]~4                                                                                                                                                                                                                                                                                                                       ; Unassigned    ; 16      ; Clock enable               ; no     ; --                   ; --               ; --                        ;
; top:comb_3|br:comb_22|matrix_B[7]~0                                                                                                                                                                                                                                                                                                                        ; Unassigned    ; 16      ; Clock enable               ; no     ; --                   ; --               ; --                        ;
; top:comb_3|br:comb_22|matrix_B[80]~5                                                                                                                                                                                                                                                                                                                       ; Unassigned    ; 16      ; Clock enable               ; no     ; --                   ; --               ; --                        ;
; top:comb_3|br:comb_22|matrix_B[96]~6                                                                                                                                                                                                                                                                                                                       ; Unassigned    ; 16      ; Clock enable               ; no     ; --                   ; --               ; --                        ;
; top:comb_3|count_br[1]~1                                                                                                                                                                                                                                                                                                                                   ; Unassigned    ; 2       ; Clock enable               ; no     ; --                   ; --               ; --                        ;
; top:comb_3|count_mem[2]~2                                                                                                                                                                                                                                                                                                                                  ; Unassigned    ; 4       ; Clock enable               ; no     ; --                   ; --               ; --                        ;
; top:comb_3|done                                                                                                                                                                                                                                                                                                                                            ; Unassigned    ; 433     ; Clock                      ; no     ; --                   ; --               ; --                        ;
; top:comb_3|memory_mod:comb_20|data_out[0]~0                                                                                                                                                                                                                                                                                                                ; Unassigned    ; 16      ; Clock enable               ; no     ; --                   ; --               ; --                        ;
; top:comb_3|memory_mod:comb_20|ram16bits:comb_3|altsyncram:altsyncram_component|altsyncram_bnn1:auto_generated|sld_mod_ram_rom:mgl_prim2|enable_write~0                                                                                                                                                                                                     ; Unassigned    ; 16      ; Write enable               ; no     ; --                   ; --               ; --                        ;
; top:comb_3|memory_mod:comb_20|ram16bits:comb_3|altsyncram:altsyncram_component|altsyncram_bnn1:auto_generated|sld_mod_ram_rom:mgl_prim2|process_0~0                                                                                                                                                                                                        ; Unassigned    ; 7       ; Async. clear               ; no     ; --                   ; --               ; --                        ;
; top:comb_3|memory_mod:comb_20|ram16bits:comb_3|altsyncram:altsyncram_component|altsyncram_bnn1:auto_generated|sld_mod_ram_rom:mgl_prim2|process_0~1                                                                                                                                                                                                        ; Unassigned    ; 7       ; Clock enable               ; no     ; --                   ; --               ; --                        ;
; top:comb_3|memory_mod:comb_20|ram16bits:comb_3|altsyncram:altsyncram_component|altsyncram_bnn1:auto_generated|sld_mod_ram_rom:mgl_prim2|process_0~2                                                                                                                                                                                                        ; Unassigned    ; 17      ; Sync. load                 ; no     ; --                   ; --               ; --                        ;
; top:comb_3|memory_mod:comb_20|ram16bits:comb_3|altsyncram:altsyncram_component|altsyncram_bnn1:auto_generated|sld_mod_ram_rom:mgl_prim2|process_0~3                                                                                                                                                                                                        ; Unassigned    ; 8       ; Sync. load                 ; no     ; --                   ; --               ; --                        ;
; top:comb_3|memory_mod:comb_20|ram16bits:comb_3|altsyncram:altsyncram_component|altsyncram_bnn1:auto_generated|sld_mod_ram_rom:mgl_prim2|ram_rom_addr_reg[6]~1                                                                                                                                                                                              ; Unassigned    ; 8       ; Clock enable               ; no     ; --                   ; --               ; --                        ;
; top:comb_3|memory_mod:comb_20|ram16bits:comb_3|altsyncram:altsyncram_component|altsyncram_bnn1:auto_generated|sld_mod_ram_rom:mgl_prim2|ram_rom_data_reg[2]~1                                                                                                                                                                                              ; Unassigned    ; 16      ; Clock enable               ; no     ; --                   ; --               ; --                        ;
; top:comb_3|memory_mod:comb_20|ram16bits:comb_3|altsyncram:altsyncram_component|altsyncram_bnn1:auto_generated|sld_mod_ram_rom:mgl_prim2|sld_rom_sr:\ram_rom_logic_gen:no_name_gen:info_rom_sr|WORD_SR[0]~2                                                                                                                                                 ; Unassigned    ; 4       ; Clock enable               ; no     ; --                   ; --               ; --                        ;
; top:comb_3|memory_mod:comb_20|ram16bits:comb_3|altsyncram:altsyncram_component|altsyncram_bnn1:auto_generated|sld_mod_ram_rom:mgl_prim2|sld_rom_sr:\ram_rom_logic_gen:no_name_gen:info_rom_sr|word_counter[2]~1                                                                                                                                            ; Unassigned    ; 4       ; Clock enable               ; no     ; --                   ; --               ; --                        ;
; top:comb_3|start_ALU                                                                                                                                                                                                                                                                                                                                       ; Unassigned    ; 37      ; Sync. clear                ; no     ; --                   ; --               ; --                        ;
; top:comb_3|state.MEMORY                                                                                                                                                                                                                                                                                                                                    ; Unassigned    ; 12      ; Clock enable               ; no     ; --                   ; --               ; --                        ;
; top:comb_3|wr                                                                                                                                                                                                                                                                                                                                              ; Unassigned    ; 21      ; Write enable               ; no     ; --                   ; --               ; --                        ;
+------------------------------------------------------------------------------------------------------------------------------------------------------------------------------------------------------------------------------------------------------------------------------------------------------------------------------------------------------------+---------------+---------+----------------------------+--------+----------------------+------------------+---------------------------+


+-------------------------------------------------------------------------------------------------+
; Global & Other Fast Signals                                                                     ;
+------+----------+---------+----------------------+------------------+---------------------------+
; Name ; Location ; Fan-Out ; Global Resource Used ; Global Line Name ; Enable Signal Source Name ;
+------+----------+---------+----------------------+------------------+---------------------------+
; clk  ; PIN_AA26 ; 547     ; Global Clock         ; Not Available    ; --                        ;
+------+----------+---------+----------------------+------------------+---------------------------+


+------------------------------------------------------------------------------------------------------------------------------------------------------------------------------------------------------------------------------------------------------------------------------------------------------------------------------------------------------------------------------------------------------------------------------------------------------------------------------------------------------------------------------------------------------------------------------------------------------------------------------------------------------------------------------------------------------+
; Fitter RAM Summary                                                                                                                                                                                                                                                                                                                                                                                                                                                                                                                                                                                                                                                                                   ;
+------------------------------------------------------------------------------------------------------------------------------------------------------+------+----------------+--------------+--------------+--------------+--------------+--------------+------------------------+-------------------------+------------------------+-------------------------+-------+-----------------------------+-----------------------------+-----------------------------+-----------------------------+---------------------+-------------+-------+------------------------------+------------+----------------------+-----------------+-----------------+----------+------------------------+---------------+
; Name                                                                                                                                                 ; Type ; Mode           ; Clock Mode   ; Port A Depth ; Port A Width ; Port B Depth ; Port B Width ; Port A Input Registers ; Port A Output Registers ; Port B Input Registers ; Port B Output Registers ; Size  ; Implementation Port A Depth ; Implementation Port A Width ; Implementation Port B Depth ; Implementation Port B Width ; Implementation Bits ; M10K blocks ; MLABs ; MIF                          ; Location   ; Mixed Width RDW Mode ; Port A RDW Mode ; Port B RDW Mode ; ECC Mode ; ECC Pipeline Registers ; Fits in MLABs ;
+------------------------------------------------------------------------------------------------------------------------------------------------------+------+----------------+--------------+--------------+--------------+--------------+--------------+------------------------+-------------------------+------------------------+-------------------------+-------+-----------------------------+-----------------------------+-----------------------------+-----------------------------+---------------------+-------------+-------+------------------------------+------------+----------------------+-----------------+-----------------+----------+------------------------+---------------+
; altsyncram:Mux1_rtl_0|altsyncram_1d61:auto_generated|ALTSYNCRAM                                                                                      ; AUTO ; ROM            ; Single Clock ; 1024         ; 22           ; --           ; --           ; yes                    ; no                      ; --                     ; --                      ; 22528 ; 1024                        ; 22                          ; --                          ; --                          ; 22528               ; 3           ; 0     ; soc_system.test_top0.rtl.mif ; Unassigned ; Don't care           ; New data        ; New data        ; Off      ; No                     ; Yes           ;
; top:comb_3|memory_mod:comb_20|ram16bits:comb_3|altsyncram:altsyncram_component|altsyncram_bnn1:auto_generated|altsyncram_8ud2:altsyncram1|ALTSYNCRAM ; AUTO ; True Dual Port ; Dual Clocks  ; 256          ; 16           ; 256          ; 16           ; yes                    ; yes                     ; yes                    ; no                      ; 4096  ; 256                         ; 16                          ; 256                         ; 16                          ; 4096                ; 1           ; 0     ; None                         ; Unassigned ; Don't care           ; New data        ; New data        ; Off      ; No                     ; Yes           ;
+------------------------------------------------------------------------------------------------------------------------------------------------------+------+----------------+--------------+--------------+--------------+--------------+--------------+------------------------+-------------------------+------------------------+-------------------------+-------+-----------------------------+-----------------------------+-----------------------------+-----------------------------+---------------------+-------------+-------+------------------------------+------------+----------------------+-----------------+-----------------+----------+------------------------+---------------+
Note: Fitter may spread logical memories into multiple blocks to improve timing. The actual required RAM blocks can be found in the Fitter Resource Usage section.


+-----------------------------------------------+
; Fitter DSP Block Usage Summary                ;
+---------------------------------+-------------+
; Statistic                       ; Number Used ;
+---------------------------------+-------------+
; Independent 9x9                 ; 30          ;
; Two Independent 18x18           ; 24          ;
; Independent 18x18 plus 36       ; 3           ;
; Sum of two 18x18                ; 13          ;
; Total number of DSP blocks      ; 70          ;
;                                 ;             ;
; Fixed Point Unsigned Multiplier ; 83          ;
+---------------------------------+-------------+


+-------------------------------------------------------------------------------------------------------------------------------------------------------------------------------------------------------------------------------------------------------------------------------------------------------------------------------------------------------------------------------------------------------------------------------------------------------------------------------+
; DSP Block Details                                                                                                                                                                                                                                                                                                                                                                                                                                                             ;
+-----------------------------------------------------------------------------------+---------------------------+------------+---------------------+------------------------+------------------------+------------------------+------------------------+------------------------+------------------------+-----------------+--------------------------------+---------------------+-------------------------------+------------------------------+------------------------------+
; Name                                                                              ; Mode                      ; Location   ; Sign Representation ; Data AX Input Register ; Data AY Input Register ; Data AZ Input Register ; Data BX Input Register ; Data BY Input Register ; Data BZ Input Register ; Output Register ; Dedicated Shift Register Chain ; Dedicated Pre-Adder ; Dedicated Coefficient Storage ; Dedicated Output Adder Chain ; Dedicated Output Accumulator ;
+-----------------------------------------------------------------------------------+---------------------------+------------+---------------------+------------------------+------------------------+------------------------+------------------------+------------------------+------------------------+-----------------+--------------------------------+---------------------+-------------------------------+------------------------------+------------------------------+
; top:comb_3|alu:comb_21|matriz_escalar:comb_8|Mult0~mac                            ; Independent 9x9           ; Unassigned ; Unsigned            ; no                     ; no                     ; --                     ; --                     ; --                     ; --                     ; no              ; no                             ; no                  ; no                            ; no                           ; no                           ;
; top:comb_3|alu:comb_21|matriz_determ2x2:comb_9|Add0~mac                           ; Sum of two 18x18          ; Unassigned ; Unsigned            ; no                     ; no                     ; --                     ; no                     ; no                     ; --                     ; no              ; no                             ; no                  ; no                            ; no                           ; no                           ;
; top:comb_3|alu:comb_21|matriz_determ3x3:comb_10|Mult8~mac                         ; Independent 18x18 plus 36 ; Unassigned ; Mixed               ; no                     ; no                     ; --                     ; no                     ; no                     ; --                     ; no              ; no                             ; no                  ; no                            ; no                           ; no                           ;
; top:comb_3|alu:comb_21|matriz_escalar:comb_8|Mult2~mac                            ; Independent 9x9           ; Unassigned ; Unsigned            ; no                     ; no                     ; --                     ; --                     ; --                     ; --                     ; no              ; no                             ; no                  ; no                            ; no                           ; no                           ;
; top:comb_3|alu:comb_21|matriz_escalar:comb_8|Mult4~mac                            ; Independent 9x9           ; Unassigned ; Unsigned            ; no                     ; no                     ; --                     ; --                     ; --                     ; --                     ; no              ; no                             ; no                  ; no                            ; no                           ; no                           ;
; top:comb_3|alu:comb_21|matriz_escalar:comb_8|Mult6~mac                            ; Independent 9x9           ; Unassigned ; Unsigned            ; no                     ; no                     ; --                     ; --                     ; --                     ; --                     ; no              ; no                             ; no                  ; no                            ; no                           ; no                           ;
; top:comb_3|alu:comb_21|matriz_escalar:comb_8|Mult8~mac                            ; Independent 9x9           ; Unassigned ; Unsigned            ; no                     ; no                     ; --                     ; --                     ; --                     ; --                     ; no              ; no                             ; no                  ; no                            ; no                           ; no                           ;
; top:comb_3|alu:comb_21|matriz_escalar:comb_8|Mult10~mac                           ; Independent 9x9           ; Unassigned ; Unsigned            ; no                     ; no                     ; --                     ; --                     ; --                     ; --                     ; no              ; no                             ; no                  ; no                            ; no                           ; no                           ;
; top:comb_3|alu:comb_21|matriz_escalar:comb_8|Mult12~mac                           ; Independent 9x9           ; Unassigned ; Unsigned            ; no                     ; no                     ; --                     ; --                     ; --                     ; --                     ; no              ; no                             ; no                  ; no                            ; no                           ; no                           ;
; top:comb_3|alu:comb_21|matriz_escalar:comb_8|Mult14~mac                           ; Independent 9x9           ; Unassigned ; Unsigned            ; no                     ; no                     ; --                     ; --                     ; --                     ; --                     ; no              ; no                             ; no                  ; no                            ; no                           ; no                           ;
; top:comb_3|alu:comb_21|matriz_escalar:comb_8|Mult16~mac                           ; Independent 9x9           ; Unassigned ; Unsigned            ; no                     ; no                     ; --                     ; --                     ; --                     ; --                     ; no              ; no                             ; no                  ; no                            ; no                           ; no                           ;
; top:comb_3|alu:comb_21|matriz_escalar:comb_8|Mult18~mac                           ; Independent 9x9           ; Unassigned ; Unsigned            ; no                     ; no                     ; --                     ; --                     ; --                     ; --                     ; no              ; no                             ; no                  ; no                            ; no                           ; no                           ;
; top:comb_3|alu:comb_21|matriz_escalar:comb_8|Mult20~mac                           ; Independent 9x9           ; Unassigned ; Unsigned            ; no                     ; no                     ; --                     ; --                     ; --                     ; --                     ; no              ; no                             ; no                  ; no                            ; no                           ; no                           ;
; top:comb_3|alu:comb_21|matriz_escalar:comb_8|Mult22~mac                           ; Independent 9x9           ; Unassigned ; Unsigned            ; no                     ; no                     ; --                     ; --                     ; --                     ; --                     ; no              ; no                             ; no                  ; no                            ; no                           ; no                           ;
; top:comb_3|alu:comb_21|matriz_escalar:comb_8|Mult24~mac                           ; Independent 9x9           ; Unassigned ; Unsigned            ; no                     ; no                     ; --                     ; --                     ; --                     ; --                     ; no              ; no                             ; no                  ; no                            ; no                           ; no                           ;
; Mult0~8                                                                           ; Independent 9x9           ; Unassigned ; Unsigned            ; no                     ; no                     ; --                     ; --                     ; --                     ; --                     ; no              ; no                             ; no                  ; no                            ; no                           ; no                           ;
; top:comb_3|alu:comb_21|matriz_escalar:comb_8|Mult17~mac                           ; Independent 9x9           ; Unassigned ; Unsigned            ; no                     ; no                     ; --                     ; --                     ; --                     ; --                     ; no              ; no                             ; no                  ; no                            ; no                           ; no                           ;
; top:comb_3|alu:comb_21|matriz_escalar:comb_8|Mult19~mac                           ; Independent 9x9           ; Unassigned ; Unsigned            ; no                     ; no                     ; --                     ; --                     ; --                     ; --                     ; no              ; no                             ; no                  ; no                            ; no                           ; no                           ;
; top:comb_3|alu:comb_21|matriz_escalar:comb_8|Mult21~mac                           ; Independent 9x9           ; Unassigned ; Unsigned            ; no                     ; no                     ; --                     ; --                     ; --                     ; --                     ; no              ; no                             ; no                  ; no                            ; no                           ; no                           ;
; top:comb_3|alu:comb_21|matriz_escalar:comb_8|Mult23~mac                           ; Independent 9x9           ; Unassigned ; Unsigned            ; no                     ; no                     ; --                     ; --                     ; --                     ; --                     ; no              ; no                             ; no                  ; no                            ; no                           ; no                           ;
; top:comb_3|alu:comb_21|matriz_escalar:comb_8|Mult9~mac                            ; Independent 9x9           ; Unassigned ; Unsigned            ; no                     ; no                     ; --                     ; --                     ; --                     ; --                     ; no              ; no                             ; no                  ; no                            ; no                           ; no                           ;
; top:comb_3|alu:comb_21|matriz_escalar:comb_8|Mult11~mac                           ; Independent 9x9           ; Unassigned ; Unsigned            ; no                     ; no                     ; --                     ; --                     ; --                     ; --                     ; no              ; no                             ; no                  ; no                            ; no                           ; no                           ;
; top:comb_3|alu:comb_21|matriz_escalar:comb_8|Mult13~mac                           ; Independent 9x9           ; Unassigned ; Unsigned            ; no                     ; no                     ; --                     ; --                     ; --                     ; --                     ; no              ; no                             ; no                  ; no                            ; no                           ; no                           ;
; top:comb_3|alu:comb_21|matriz_escalar:comb_8|Mult15~mac                           ; Independent 9x9           ; Unassigned ; Unsigned            ; no                     ; no                     ; --                     ; --                     ; --                     ; --                     ; no              ; no                             ; no                  ; no                            ; no                           ; no                           ;
; top:comb_3|alu:comb_21|matriz_escalar:comb_8|Mult1~mac                            ; Independent 9x9           ; Unassigned ; Unsigned            ; no                     ; no                     ; --                     ; --                     ; --                     ; --                     ; no              ; no                             ; no                  ; no                            ; no                           ; no                           ;
; top:comb_3|alu:comb_21|matriz_escalar:comb_8|Mult3~mac                            ; Independent 9x9           ; Unassigned ; Unsigned            ; no                     ; no                     ; --                     ; --                     ; --                     ; --                     ; no              ; no                             ; no                  ; no                            ; no                           ; no                           ;
; top:comb_3|alu:comb_21|matriz_escalar:comb_8|Mult5~mac                            ; Independent 9x9           ; Unassigned ; Unsigned            ; no                     ; no                     ; --                     ; --                     ; --                     ; --                     ; no              ; no                             ; no                  ; no                            ; no                           ; no                           ;
; top:comb_3|alu:comb_21|matriz_escalar:comb_8|Mult7~mac                            ; Independent 9x9           ; Unassigned ; Unsigned            ; no                     ; no                     ; --                     ; --                     ; --                     ; --                     ; no              ; no                             ; no                  ; no                            ; no                           ; no                           ;
; top:comb_3|alu:comb_21|matriz_determ3x3:comb_10|Add3~8                            ; Sum of two 18x18          ; Unassigned ; Unsigned            ; no                     ; no                     ; --                     ; no                     ; no                     ; --                     ; no              ; no                             ; no                  ; no                            ; no                           ; no                           ;
; top:comb_3|alu:comb_21|matriz_determ3x3:comb_10|Add2~8                            ; Sum of two 18x18          ; Unassigned ; Unsigned            ; no                     ; no                     ; --                     ; no                     ; no                     ; --                     ; no              ; no                             ; no                  ; no                            ; no                           ; no                           ;
; top:comb_3|alu:comb_21|matriz_multi:comb_5|Mult24~mac                             ; Two Independent 18x18     ; Unassigned ; Unsigned            ; no                     ; no                     ; --                     ; --                     ; --                     ; --                     ; no              ; no                             ; no                  ; no                            ; no                           ; no                           ;
; top:comb_3|alu:comb_21|matriz_determ3x3:comb_10|Add1~8                            ; Sum of two 18x18          ; Unassigned ; Unsigned            ; no                     ; no                     ; --                     ; no                     ; no                     ; --                     ; no              ; no                             ; no                  ; no                            ; no                           ; no                           ;
; top:comb_3|alu:comb_21|matriz_determ3x3:comb_10|Add0~8                            ; Sum of two 18x18          ; Unassigned ; Unsigned            ; no                     ; no                     ; --                     ; no                     ; no                     ; --                     ; no              ; no                             ; no                  ; no                            ; no                           ; no                           ;
; top:comb_3|alu:comb_21|matriz_determ5x5:comb_12|Mult0~8                           ; Independent 9x9           ; Unassigned ; Unsigned            ; no                     ; no                     ; --                     ; --                     ; --                     ; --                     ; no              ; no                             ; no                  ; no                            ; no                           ; no                           ;
; top:comb_3|alu:comb_21|matriz_multi:comb_5|Mult23~mac                             ; Two Independent 18x18     ; Unassigned ; Unsigned            ; no                     ; no                     ; --                     ; --                     ; --                     ; --                     ; no              ; no                             ; no                  ; no                            ; no                           ; no                           ;
; top:comb_3|alu:comb_21|matriz_multi:comb_5|Mult22~mac                             ; Two Independent 18x18     ; Unassigned ; Unsigned            ; no                     ; no                     ; --                     ; --                     ; --                     ; --                     ; no              ; no                             ; no                  ; no                            ; no                           ; no                           ;
; top:comb_3|alu:comb_21|matriz_multi:comb_5|Mult21~mac                             ; Two Independent 18x18     ; Unassigned ; Unsigned            ; no                     ; no                     ; --                     ; --                     ; --                     ; --                     ; no              ; no                             ; no                  ; no                            ; no                           ; no                           ;
; top:comb_3|alu:comb_21|matriz_multi:comb_5|Mult20~mac                             ; Two Independent 18x18     ; Unassigned ; Unsigned            ; no                     ; no                     ; --                     ; --                     ; --                     ; --                     ; no              ; no                             ; no                  ; no                            ; no                           ; no                           ;
; top:comb_3|alu:comb_21|matriz_multi:comb_5|Mult19~mac                             ; Two Independent 18x18     ; Unassigned ; Unsigned            ; no                     ; no                     ; --                     ; --                     ; --                     ; --                     ; no              ; no                             ; no                  ; no                            ; no                           ; no                           ;
; top:comb_3|alu:comb_21|matriz_multi:comb_5|Mult18~mac                             ; Two Independent 18x18     ; Unassigned ; Unsigned            ; no                     ; no                     ; --                     ; --                     ; --                     ; --                     ; no              ; no                             ; no                  ; no                            ; no                           ; no                           ;
; top:comb_3|alu:comb_21|matriz_multi:comb_5|Mult17~mac                             ; Two Independent 18x18     ; Unassigned ; Unsigned            ; no                     ; no                     ; --                     ; --                     ; --                     ; --                     ; no              ; no                             ; no                  ; no                            ; no                           ; no                           ;
; top:comb_3|alu:comb_21|matriz_multi:comb_5|Mult16~mac                             ; Two Independent 18x18     ; Unassigned ; Unsigned            ; no                     ; no                     ; --                     ; --                     ; --                     ; --                     ; no              ; no                             ; no                  ; no                            ; no                           ; no                           ;
; top:comb_3|alu:comb_21|matriz_multi:comb_5|Mult15~mac                             ; Two Independent 18x18     ; Unassigned ; Unsigned            ; no                     ; no                     ; --                     ; --                     ; --                     ; --                     ; no              ; no                             ; no                  ; no                            ; no                           ; no                           ;
; top:comb_3|alu:comb_21|matriz_multi:comb_5|Mult5~mac                              ; Two Independent 18x18     ; Unassigned ; Unsigned            ; no                     ; no                     ; --                     ; --                     ; --                     ; --                     ; no              ; no                             ; no                  ; no                            ; no                           ; no                           ;
; top:comb_3|alu:comb_21|matriz_multi:comb_5|Mult4~mac                              ; Two Independent 18x18     ; Unassigned ; Unsigned            ; no                     ; no                     ; --                     ; --                     ; --                     ; --                     ; no              ; no                             ; no                  ; no                            ; no                           ; no                           ;
; top:comb_3|alu:comb_21|matriz_multi:comb_5|Mult3~mac                              ; Two Independent 18x18     ; Unassigned ; Unsigned            ; no                     ; no                     ; --                     ; --                     ; --                     ; --                     ; no              ; no                             ; no                  ; no                            ; no                           ; no                           ;
; top:comb_3|alu:comb_21|matriz_multi:comb_5|Mult2~mac                              ; Two Independent 18x18     ; Unassigned ; Unsigned            ; no                     ; no                     ; --                     ; --                     ; --                     ; --                     ; no              ; no                             ; no                  ; no                            ; no                           ; no                           ;
; top:comb_3|alu:comb_21|matriz_multi:comb_5|Mult1~mac                              ; Two Independent 18x18     ; Unassigned ; Unsigned            ; no                     ; no                     ; --                     ; --                     ; --                     ; --                     ; no              ; no                             ; no                  ; no                            ; no                           ; no                           ;
; top:comb_3|alu:comb_21|matriz_multi:comb_5|Mult0~mac                              ; Independent 9x9           ; Unassigned ; Unsigned            ; no                     ; no                     ; --                     ; --                     ; --                     ; --                     ; no              ; no                             ; no                  ; no                            ; no                           ; no                           ;
; top:comb_3|alu:comb_21|matriz_multi:comb_5|Mult14~mac                             ; Two Independent 18x18     ; Unassigned ; Unsigned            ; no                     ; no                     ; --                     ; --                     ; --                     ; --                     ; no              ; no                             ; no                  ; no                            ; no                           ; no                           ;
; top:comb_3|alu:comb_21|matriz_multi:comb_5|Mult13~mac                             ; Two Independent 18x18     ; Unassigned ; Unsigned            ; no                     ; no                     ; --                     ; --                     ; --                     ; --                     ; no              ; no                             ; no                  ; no                            ; no                           ; no                           ;
; top:comb_3|alu:comb_21|matriz_multi:comb_5|Mult12~mac                             ; Two Independent 18x18     ; Unassigned ; Unsigned            ; no                     ; no                     ; --                     ; --                     ; --                     ; --                     ; no              ; no                             ; no                  ; no                            ; no                           ; no                           ;
; top:comb_3|alu:comb_21|matriz_multi:comb_5|Mult11~mac                             ; Two Independent 18x18     ; Unassigned ; Unsigned            ; no                     ; no                     ; --                     ; --                     ; --                     ; --                     ; no              ; no                             ; no                  ; no                            ; no                           ; no                           ;
; top:comb_3|alu:comb_21|matriz_multi:comb_5|Mult10~mac                             ; Two Independent 18x18     ; Unassigned ; Unsigned            ; no                     ; no                     ; --                     ; --                     ; --                     ; --                     ; no              ; no                             ; no                  ; no                            ; no                           ; no                           ;
; top:comb_3|alu:comb_21|matriz_multi:comb_5|Mult9~mac                              ; Two Independent 18x18     ; Unassigned ; Unsigned            ; no                     ; no                     ; --                     ; --                     ; --                     ; --                     ; no              ; no                             ; no                  ; no                            ; no                           ; no                           ;
; top:comb_3|alu:comb_21|matriz_multi:comb_5|Mult8~mac                              ; Two Independent 18x18     ; Unassigned ; Unsigned            ; no                     ; no                     ; --                     ; --                     ; --                     ; --                     ; no              ; no                             ; no                  ; no                            ; no                           ; no                           ;
; top:comb_3|alu:comb_21|matriz_multi:comb_5|Mult7~mac                              ; Two Independent 18x18     ; Unassigned ; Unsigned            ; no                     ; no                     ; --                     ; --                     ; --                     ; --                     ; no              ; no                             ; no                  ; no                            ; no                           ; no                           ;
; top:comb_3|alu:comb_21|matriz_multi:comb_5|Mult6~mac                              ; Two Independent 18x18     ; Unassigned ; Unsigned            ; no                     ; no                     ; --                     ; --                     ; --                     ; --                     ; no              ; no                             ; no                  ; no                            ; no                           ; no                           ;
; top:comb_3|alu:comb_21|matriz_determ4x4:comb_11|Mult9~8                           ; Independent 9x9           ; Unassigned ; Unsigned            ; no                     ; no                     ; --                     ; --                     ; --                     ; --                     ; no              ; no                             ; no                  ; no                            ; no                           ; no                           ;
; top:comb_3|alu:comb_21|matriz_determ4x4:comb_11|Mult8~mac                         ; Independent 18x18 plus 36 ; Unassigned ; Mixed               ; no                     ; no                     ; --                     ; no                     ; no                     ; --                     ; no              ; no                             ; no                  ; no                            ; no                           ; no                           ;
; top:comb_3|alu:comb_21|matriz_determ4x4:comb_11|Add6~8                            ; Sum of two 18x18          ; Unassigned ; Unsigned            ; no                     ; no                     ; --                     ; no                     ; no                     ; --                     ; no              ; no                             ; no                  ; no                            ; no                           ; no                           ;
; top:comb_3|alu:comb_21|matriz_determ4x4:comb_11|Add5~8                            ; Sum of two 18x18          ; Unassigned ; Unsigned            ; no                     ; no                     ; --                     ; no                     ; no                     ; --                     ; no              ; no                             ; no                  ; no                            ; no                           ; no                           ;
; top:comb_3|alu:comb_21|matriz_determ4x4:comb_11|Add4~8                            ; Sum of two 18x18          ; Unassigned ; Unsigned            ; no                     ; no                     ; --                     ; no                     ; no                     ; --                     ; no              ; no                             ; no                  ; no                            ; no                           ; no                           ;
; top:comb_3|alu:comb_21|matriz_determ4x4:comb_11|Add3~8                            ; Sum of two 18x18          ; Unassigned ; Unsigned            ; no                     ; no                     ; --                     ; no                     ; no                     ; --                     ; no              ; no                             ; no                  ; no                            ; no                           ; no                           ;
; top:comb_3|alu:comb_21|matriz_determ5x5:comb_12|matriz_determ4x4:comb_3|Mult9~8   ; Independent 9x9           ; Unassigned ; Unsigned            ; no                     ; no                     ; --                     ; --                     ; --                     ; --                     ; no              ; no                             ; no                  ; no                            ; no                           ; no                           ;
; top:comb_3|alu:comb_21|matriz_determ5x5:comb_12|matriz_determ4x4:comb_3|Mult8~mac ; Independent 18x18 plus 36 ; Unassigned ; Mixed               ; no                     ; no                     ; --                     ; no                     ; no                     ; --                     ; no              ; no                             ; no                  ; no                            ; no                           ; no                           ;
; top:comb_3|alu:comb_21|matriz_determ5x5:comb_12|matriz_determ4x4:comb_3|Add6~8    ; Sum of two 18x18          ; Unassigned ; Unsigned            ; no                     ; no                     ; --                     ; no                     ; no                     ; --                     ; no              ; no                             ; no                  ; no                            ; no                           ; no                           ;
; top:comb_3|alu:comb_21|matriz_determ5x5:comb_12|matriz_determ4x4:comb_3|Add5~8    ; Sum of two 18x18          ; Unassigned ; Unsigned            ; no                     ; no                     ; --                     ; no                     ; no                     ; --                     ; no              ; no                             ; no                  ; no                            ; no                           ; no                           ;
; top:comb_3|alu:comb_21|matriz_determ5x5:comb_12|matriz_determ4x4:comb_3|Add4~8    ; Sum of two 18x18          ; Unassigned ; Unsigned            ; no                     ; no                     ; --                     ; no                     ; no                     ; --                     ; no              ; no                             ; no                  ; no                            ; no                           ; no                           ;
; top:comb_3|alu:comb_21|matriz_determ5x5:comb_12|matriz_determ4x4:comb_3|Add3~8    ; Sum of two 18x18          ; Unassigned ; Unsigned            ; no                     ; no                     ; --                     ; no                     ; no                     ; --                     ; no              ; no                             ; no                  ; no                            ; no                           ; no                           ;
+-----------------------------------------------------------------------------------+---------------------------+------------+---------------------+------------------------+------------------------+------------------------+------------------------+------------------------+------------------------+-----------------+--------------------------------+---------------------+-------------------------------+------------------------------+------------------------------+


+------------------------------------------+
; I/O Rules Summary                        ;
+----------------------------------+-------+
; I/O Rules Statistic              ; Total ;
+----------------------------------+-------+
; Total I/O Rules                  ; 28    ;
; Number of I/O Rules Passed       ; 6     ;
; Number of I/O Rules Failed       ; 0     ;
; Number of I/O Rules Unchecked    ; 0     ;
; Number of I/O Rules Inapplicable ; 22    ;
+----------------------------------+-------+


+-----------------------------------------------------------------------------------------------------------------------------------------------------------------------------------------------------------------------------------------------------------------------------------+
; I/O Rules Details                                                                                                                                                                                                                                                                 ;
+--------------+-----------+-----------------------------------+------------------------------------------------------------------------------------+----------+--------------------------------------------------------------------------+---------------------+-------------------+
; Status       ; ID        ; Category                          ; Rule Description                                                                   ; Severity ; Information                                                              ; Area                ; Extra Information ;
+--------------+-----------+-----------------------------------+------------------------------------------------------------------------------------+----------+--------------------------------------------------------------------------+---------------------+-------------------+
; Inapplicable ; IO_000002 ; Capacity Checks                   ; Number of clocks in an I/O bank should not exceed the number of clocks available.  ; Critical ; No Global Signal assignments found.                                      ; I/O                 ;                   ;
; Inapplicable ; IO_000001 ; Capacity Checks                   ; Number of pins in an I/O bank should not exceed the number of locations available. ; Critical ; No Location assignments found.                                           ; I/O                 ;                   ;
; Inapplicable ; IO_000003 ; Capacity Checks                   ; Number of pins in a Vrefgroup should not exceed the number of locations available. ; Critical ; No Location assignments found.                                           ; I/O                 ;                   ;
; Inapplicable ; IO_000004 ; Voltage Compatibility Checks      ; The I/O bank should support the requested VCCIO.                                   ; Critical ; No IOBANK_VCCIO assignments found.                                       ; I/O                 ;                   ;
; Inapplicable ; IO_000005 ; Voltage Compatibility Checks      ; The I/O bank should not have competing VREF values.                                ; Critical ; No VREF I/O Standard assignments found.                                  ; I/O                 ;                   ;
; Pass         ; IO_000006 ; Voltage Compatibility Checks      ; The I/O bank should not have competing VCCIO values.                               ; Critical ; 0 such failures found.                                                   ; I/O                 ;                   ;
; Inapplicable ; IO_000007 ; Valid Location Checks             ; Checks for unavailable locations.                                                  ; Critical ; No Location assignments found.                                           ; I/O                 ;                   ;
; Inapplicable ; IO_000008 ; Valid Location Checks             ; Checks for reserved locations.                                                     ; Critical ; No reserved LogicLock region found.                                      ; I/O                 ;                   ;
; Inapplicable ; IO_000047 ; I/O Properties Checks for One I/O ; On Chip Termination and Slew Rate should not be used at the same time.             ; Critical ; No Slew Rate assignments found.                                          ; I/O                 ;                   ;
; Inapplicable ; IO_000046 ; I/O Properties Checks for One I/O ; The location should support the requested Slew Rate value.                         ; Critical ; No Slew Rate assignments found.                                          ; I/O                 ;                   ;
; Inapplicable ; IO_000045 ; I/O Properties Checks for One I/O ; The I/O standard should support the requested Slew Rate value.                     ; Critical ; No Slew Rate assignments found.                                          ; I/O                 ;                   ;
; Inapplicable ; IO_000027 ; I/O Properties Checks for One I/O ; Weak Pull Up and Bus Hold should not be used at the same time.                     ; Critical ; No Enable Bus-Hold Circuitry or Weak Pull-Up Resistor assignments found. ; I/O                 ;                   ;
; Inapplicable ; IO_000026 ; I/O Properties Checks for One I/O ; On Chip Termination and Current Strength should not be used at the same time.      ; Critical ; No Current Strength assignments found.                                   ; I/O                 ;                   ;
; Pass         ; IO_000024 ; I/O Properties Checks for One I/O ; The I/O direction should support the On Chip Termination value.                    ; Critical ; 0 such failures found.                                                   ; I/O                 ;                   ;
; Inapplicable ; IO_000023 ; I/O Properties Checks for One I/O ; The I/O standard should support the Open Drain value.                              ; Critical ; No open drain assignments found.                                         ; I/O                 ;                   ;
; Inapplicable ; IO_000022 ; I/O Properties Checks for One I/O ; The I/O standard should support the requested Bus Hold value.                      ; Critical ; No Enable Bus-Hold Circuitry assignments found.                          ; I/O                 ;                   ;
; Inapplicable ; IO_000021 ; I/O Properties Checks for One I/O ; The I/O standard should support the requested Weak Pull Up value.                  ; Critical ; No Weak Pull-Up Resistor assignments found.                              ; I/O                 ;                   ;
; Inapplicable ; IO_000020 ; I/O Properties Checks for One I/O ; The I/O standard should support the requested PCI Clamp Diode.                     ; Critical ; No Clamping Diode assignments found.                                     ; I/O                 ;                   ;
; Pass         ; IO_000019 ; I/O Properties Checks for One I/O ; The I/O standard should support the requested On Chip Termination value.           ; Critical ; 0 such failures found.                                                   ; I/O                 ;                   ;
; Inapplicable ; IO_000018 ; I/O Properties Checks for One I/O ; The I/O standard should support the requested Current Strength.                    ; Critical ; No Current Strength assignments found.                                   ; I/O                 ;                   ;
; Inapplicable ; IO_000015 ; I/O Properties Checks for One I/O ; The location should support the requested PCI Clamp Diode.                         ; Critical ; No Clamping Diode assignments found.                                     ; I/O                 ;                   ;
; Inapplicable ; IO_000014 ; I/O Properties Checks for One I/O ; The location should support the requested Weak Pull Up value.                      ; Critical ; No Weak Pull-Up Resistor assignments found.                              ; I/O                 ;                   ;
; Inapplicable ; IO_000013 ; I/O Properties Checks for One I/O ; The location should support the requested Bus Hold value.                          ; Critical ; No Enable Bus-Hold Circuitry assignments found.                          ; I/O                 ;                   ;
; Pass         ; IO_000012 ; I/O Properties Checks for One I/O ; The location should support the requested On Chip Termination value.               ; Critical ; 0 such failures found.                                                   ; I/O                 ;                   ;
; Inapplicable ; IO_000011 ; I/O Properties Checks for One I/O ; The location should support the requested Current Strength.                        ; Critical ; No Current Strength assignments found.                                   ; I/O                 ;                   ;
; Pass         ; IO_000010 ; I/O Properties Checks for One I/O ; The location should support the requested I/O direction.                           ; Critical ; 0 such failures found.                                                   ; I/O                 ;                   ;
; Pass         ; IO_000009 ; I/O Properties Checks for One I/O ; The location should support the requested I/O standard.                            ; Critical ; 0 such failures found.                                                   ; I/O                 ;                   ;
; Inapplicable ; IO_000034 ; SI Related Distance Checks        ; Single-ended outputs should be 0 LAB row(s) away from a differential I/O.          ; High     ; No Differential I/O Standard assignments found.                          ; I/O                 ;                   ;
; ----         ; ----      ; Disclaimer                        ; OCT rules are checked but not reported.                                            ; None     ; ----                                                                     ; On Chip Termination ;                   ;
+--------------+-----------+-----------------------------------+------------------------------------------------------------------------------------+----------+--------------------------------------------------------------------------+---------------------+-------------------+


+------------------------------------------------------------------------------------------------------------------------------------------------------------------------------------------------------------------------------------------------------------------------------------------------------------------------------------------------------------------------------------------------------------------------------------------------+
; I/O Rules Matrix                                                                                                                                                                                                                                                                                                                                                                                                                               ;
+---------------------+--------------+--------------+--------------+--------------+--------------+-----------+--------------+--------------+--------------+--------------+--------------+--------------+--------------+--------------+--------------+--------------+--------------+--------------+--------------+--------------+--------------+--------------+--------------+--------------+--------------+-----------+-----------+--------------+
; Pin/Rules           ; IO_000002    ; IO_000001    ; IO_000003    ; IO_000004    ; IO_000005    ; IO_000006 ; IO_000007    ; IO_000008    ; IO_000047    ; IO_000046    ; IO_000045    ; IO_000027    ; IO_000026    ; IO_000024    ; IO_000023    ; IO_000022    ; IO_000021    ; IO_000020    ; IO_000019    ; IO_000018    ; IO_000015    ; IO_000014    ; IO_000013    ; IO_000012    ; IO_000011    ; IO_000010 ; IO_000009 ; IO_000034    ;
+---------------------+--------------+--------------+--------------+--------------+--------------+-----------+--------------+--------------+--------------+--------------+--------------+--------------+--------------+--------------+--------------+--------------+--------------+--------------+--------------+--------------+--------------+--------------+--------------+--------------+--------------+-----------+-----------+--------------+
; Total Pass          ; 0            ; 0            ; 0            ; 0            ; 0            ; 51        ; 0            ; 0            ; 0            ; 0            ; 0            ; 0            ; 0            ; 44           ; 0            ; 0            ; 0            ; 0            ; 44           ; 0            ; 0            ; 0            ; 0            ; 44           ; 0            ; 51        ; 51        ; 0            ;
; Total Unchecked     ; 0            ; 0            ; 0            ; 0            ; 0            ; 0         ; 0            ; 0            ; 0            ; 0            ; 0            ; 0            ; 0            ; 0            ; 0            ; 0            ; 0            ; 0            ; 0            ; 0            ; 0            ; 0            ; 0            ; 0            ; 0            ; 0         ; 0         ; 0            ;
; Total Inapplicable  ; 51           ; 51           ; 51           ; 51           ; 51           ; 0         ; 51           ; 51           ; 51           ; 51           ; 51           ; 51           ; 51           ; 7            ; 51           ; 51           ; 51           ; 51           ; 7            ; 51           ; 51           ; 51           ; 51           ; 7            ; 51           ; 0         ; 0         ; 51           ;
; Total Fail          ; 0            ; 0            ; 0            ; 0            ; 0            ; 0         ; 0            ; 0            ; 0            ; 0            ; 0            ; 0            ; 0            ; 0            ; 0            ; 0            ; 0            ; 0            ; 0            ; 0            ; 0            ; 0            ; 0            ; 0            ; 0            ; 0         ; 0         ; 0            ;
; seg1[0]             ; Inapplicable ; Inapplicable ; Inapplicable ; Inapplicable ; Inapplicable ; Pass      ; Inapplicable ; Inapplicable ; Inapplicable ; Inapplicable ; Inapplicable ; Inapplicable ; Inapplicable ; Pass         ; Inapplicable ; Inapplicable ; Inapplicable ; Inapplicable ; Pass         ; Inapplicable ; Inapplicable ; Inapplicable ; Inapplicable ; Pass         ; Inapplicable ; Pass      ; Pass      ; Inapplicable ;
; seg1[1]             ; Inapplicable ; Inapplicable ; Inapplicable ; Inapplicable ; Inapplicable ; Pass      ; Inapplicable ; Inapplicable ; Inapplicable ; Inapplicable ; Inapplicable ; Inapplicable ; Inapplicable ; Pass         ; Inapplicable ; Inapplicable ; Inapplicable ; Inapplicable ; Pass         ; Inapplicable ; Inapplicable ; Inapplicable ; Inapplicable ; Pass         ; Inapplicable ; Pass      ; Pass      ; Inapplicable ;
; seg1[2]             ; Inapplicable ; Inapplicable ; Inapplicable ; Inapplicable ; Inapplicable ; Pass      ; Inapplicable ; Inapplicable ; Inapplicable ; Inapplicable ; Inapplicable ; Inapplicable ; Inapplicable ; Pass         ; Inapplicable ; Inapplicable ; Inapplicable ; Inapplicable ; Pass         ; Inapplicable ; Inapplicable ; Inapplicable ; Inapplicable ; Pass         ; Inapplicable ; Pass      ; Pass      ; Inapplicable ;
; seg1[3]             ; Inapplicable ; Inapplicable ; Inapplicable ; Inapplicable ; Inapplicable ; Pass      ; Inapplicable ; Inapplicable ; Inapplicable ; Inapplicable ; Inapplicable ; Inapplicable ; Inapplicable ; Pass         ; Inapplicable ; Inapplicable ; Inapplicable ; Inapplicable ; Pass         ; Inapplicable ; Inapplicable ; Inapplicable ; Inapplicable ; Pass         ; Inapplicable ; Pass      ; Pass      ; Inapplicable ;
; seg1[4]             ; Inapplicable ; Inapplicable ; Inapplicable ; Inapplicable ; Inapplicable ; Pass      ; Inapplicable ; Inapplicable ; Inapplicable ; Inapplicable ; Inapplicable ; Inapplicable ; Inapplicable ; Pass         ; Inapplicable ; Inapplicable ; Inapplicable ; Inapplicable ; Pass         ; Inapplicable ; Inapplicable ; Inapplicable ; Inapplicable ; Pass         ; Inapplicable ; Pass      ; Pass      ; Inapplicable ;
; seg1[5]             ; Inapplicable ; Inapplicable ; Inapplicable ; Inapplicable ; Inapplicable ; Pass      ; Inapplicable ; Inapplicable ; Inapplicable ; Inapplicable ; Inapplicable ; Inapplicable ; Inapplicable ; Pass         ; Inapplicable ; Inapplicable ; Inapplicable ; Inapplicable ; Pass         ; Inapplicable ; Inapplicable ; Inapplicable ; Inapplicable ; Pass         ; Inapplicable ; Pass      ; Pass      ; Inapplicable ;
; seg1[6]             ; Inapplicable ; Inapplicable ; Inapplicable ; Inapplicable ; Inapplicable ; Pass      ; Inapplicable ; Inapplicable ; Inapplicable ; Inapplicable ; Inapplicable ; Inapplicable ; Inapplicable ; Pass         ; Inapplicable ; Inapplicable ; Inapplicable ; Inapplicable ; Pass         ; Inapplicable ; Inapplicable ; Inapplicable ; Inapplicable ; Pass         ; Inapplicable ; Pass      ; Pass      ; Inapplicable ;
; seg2[0]             ; Inapplicable ; Inapplicable ; Inapplicable ; Inapplicable ; Inapplicable ; Pass      ; Inapplicable ; Inapplicable ; Inapplicable ; Inapplicable ; Inapplicable ; Inapplicable ; Inapplicable ; Pass         ; Inapplicable ; Inapplicable ; Inapplicable ; Inapplicable ; Pass         ; Inapplicable ; Inapplicable ; Inapplicable ; Inapplicable ; Pass         ; Inapplicable ; Pass      ; Pass      ; Inapplicable ;
; seg2[1]             ; Inapplicable ; Inapplicable ; Inapplicable ; Inapplicable ; Inapplicable ; Pass      ; Inapplicable ; Inapplicable ; Inapplicable ; Inapplicable ; Inapplicable ; Inapplicable ; Inapplicable ; Pass         ; Inapplicable ; Inapplicable ; Inapplicable ; Inapplicable ; Pass         ; Inapplicable ; Inapplicable ; Inapplicable ; Inapplicable ; Pass         ; Inapplicable ; Pass      ; Pass      ; Inapplicable ;
; seg2[2]             ; Inapplicable ; Inapplicable ; Inapplicable ; Inapplicable ; Inapplicable ; Pass      ; Inapplicable ; Inapplicable ; Inapplicable ; Inapplicable ; Inapplicable ; Inapplicable ; Inapplicable ; Pass         ; Inapplicable ; Inapplicable ; Inapplicable ; Inapplicable ; Pass         ; Inapplicable ; Inapplicable ; Inapplicable ; Inapplicable ; Pass         ; Inapplicable ; Pass      ; Pass      ; Inapplicable ;
; seg2[3]             ; Inapplicable ; Inapplicable ; Inapplicable ; Inapplicable ; Inapplicable ; Pass      ; Inapplicable ; Inapplicable ; Inapplicable ; Inapplicable ; Inapplicable ; Inapplicable ; Inapplicable ; Pass         ; Inapplicable ; Inapplicable ; Inapplicable ; Inapplicable ; Pass         ; Inapplicable ; Inapplicable ; Inapplicable ; Inapplicable ; Pass         ; Inapplicable ; Pass      ; Pass      ; Inapplicable ;
; seg2[4]             ; Inapplicable ; Inapplicable ; Inapplicable ; Inapplicable ; Inapplicable ; Pass      ; Inapplicable ; Inapplicable ; Inapplicable ; Inapplicable ; Inapplicable ; Inapplicable ; Inapplicable ; Pass         ; Inapplicable ; Inapplicable ; Inapplicable ; Inapplicable ; Pass         ; Inapplicable ; Inapplicable ; Inapplicable ; Inapplicable ; Pass         ; Inapplicable ; Pass      ; Pass      ; Inapplicable ;
; seg2[5]             ; Inapplicable ; Inapplicable ; Inapplicable ; Inapplicable ; Inapplicable ; Pass      ; Inapplicable ; Inapplicable ; Inapplicable ; Inapplicable ; Inapplicable ; Inapplicable ; Inapplicable ; Pass         ; Inapplicable ; Inapplicable ; Inapplicable ; Inapplicable ; Pass         ; Inapplicable ; Inapplicable ; Inapplicable ; Inapplicable ; Pass         ; Inapplicable ; Pass      ; Pass      ; Inapplicable ;
; seg2[6]             ; Inapplicable ; Inapplicable ; Inapplicable ; Inapplicable ; Inapplicable ; Pass      ; Inapplicable ; Inapplicable ; Inapplicable ; Inapplicable ; Inapplicable ; Inapplicable ; Inapplicable ; Pass         ; Inapplicable ; Inapplicable ; Inapplicable ; Inapplicable ; Pass         ; Inapplicable ; Inapplicable ; Inapplicable ; Inapplicable ; Pass         ; Inapplicable ; Pass      ; Pass      ; Inapplicable ;
; seg3[0]             ; Inapplicable ; Inapplicable ; Inapplicable ; Inapplicable ; Inapplicable ; Pass      ; Inapplicable ; Inapplicable ; Inapplicable ; Inapplicable ; Inapplicable ; Inapplicable ; Inapplicable ; Pass         ; Inapplicable ; Inapplicable ; Inapplicable ; Inapplicable ; Pass         ; Inapplicable ; Inapplicable ; Inapplicable ; Inapplicable ; Pass         ; Inapplicable ; Pass      ; Pass      ; Inapplicable ;
; seg3[1]             ; Inapplicable ; Inapplicable ; Inapplicable ; Inapplicable ; Inapplicable ; Pass      ; Inapplicable ; Inapplicable ; Inapplicable ; Inapplicable ; Inapplicable ; Inapplicable ; Inapplicable ; Pass         ; Inapplicable ; Inapplicable ; Inapplicable ; Inapplicable ; Pass         ; Inapplicable ; Inapplicable ; Inapplicable ; Inapplicable ; Pass         ; Inapplicable ; Pass      ; Pass      ; Inapplicable ;
; seg3[2]             ; Inapplicable ; Inapplicable ; Inapplicable ; Inapplicable ; Inapplicable ; Pass      ; Inapplicable ; Inapplicable ; Inapplicable ; Inapplicable ; Inapplicable ; Inapplicable ; Inapplicable ; Pass         ; Inapplicable ; Inapplicable ; Inapplicable ; Inapplicable ; Pass         ; Inapplicable ; Inapplicable ; Inapplicable ; Inapplicable ; Pass         ; Inapplicable ; Pass      ; Pass      ; Inapplicable ;
; seg3[3]             ; Inapplicable ; Inapplicable ; Inapplicable ; Inapplicable ; Inapplicable ; Pass      ; Inapplicable ; Inapplicable ; Inapplicable ; Inapplicable ; Inapplicable ; Inapplicable ; Inapplicable ; Pass         ; Inapplicable ; Inapplicable ; Inapplicable ; Inapplicable ; Pass         ; Inapplicable ; Inapplicable ; Inapplicable ; Inapplicable ; Pass         ; Inapplicable ; Pass      ; Pass      ; Inapplicable ;
; seg3[4]             ; Inapplicable ; Inapplicable ; Inapplicable ; Inapplicable ; Inapplicable ; Pass      ; Inapplicable ; Inapplicable ; Inapplicable ; Inapplicable ; Inapplicable ; Inapplicable ; Inapplicable ; Pass         ; Inapplicable ; Inapplicable ; Inapplicable ; Inapplicable ; Pass         ; Inapplicable ; Inapplicable ; Inapplicable ; Inapplicable ; Pass         ; Inapplicable ; Pass      ; Pass      ; Inapplicable ;
; seg3[5]             ; Inapplicable ; Inapplicable ; Inapplicable ; Inapplicable ; Inapplicable ; Pass      ; Inapplicable ; Inapplicable ; Inapplicable ; Inapplicable ; Inapplicable ; Inapplicable ; Inapplicable ; Pass         ; Inapplicable ; Inapplicable ; Inapplicable ; Inapplicable ; Pass         ; Inapplicable ; Inapplicable ; Inapplicable ; Inapplicable ; Pass         ; Inapplicable ; Pass      ; Pass      ; Inapplicable ;
; seg3[6]             ; Inapplicable ; Inapplicable ; Inapplicable ; Inapplicable ; Inapplicable ; Pass      ; Inapplicable ; Inapplicable ; Inapplicable ; Inapplicable ; Inapplicable ; Inapplicable ; Inapplicable ; Pass         ; Inapplicable ; Inapplicable ; Inapplicable ; Inapplicable ; Pass         ; Inapplicable ; Inapplicable ; Inapplicable ; Inapplicable ; Pass         ; Inapplicable ; Pass      ; Pass      ; Inapplicable ;
; seg4[0]             ; Inapplicable ; Inapplicable ; Inapplicable ; Inapplicable ; Inapplicable ; Pass      ; Inapplicable ; Inapplicable ; Inapplicable ; Inapplicable ; Inapplicable ; Inapplicable ; Inapplicable ; Pass         ; Inapplicable ; Inapplicable ; Inapplicable ; Inapplicable ; Pass         ; Inapplicable ; Inapplicable ; Inapplicable ; Inapplicable ; Pass         ; Inapplicable ; Pass      ; Pass      ; Inapplicable ;
; seg4[1]             ; Inapplicable ; Inapplicable ; Inapplicable ; Inapplicable ; Inapplicable ; Pass      ; Inapplicable ; Inapplicable ; Inapplicable ; Inapplicable ; Inapplicable ; Inapplicable ; Inapplicable ; Pass         ; Inapplicable ; Inapplicable ; Inapplicable ; Inapplicable ; Pass         ; Inapplicable ; Inapplicable ; Inapplicable ; Inapplicable ; Pass         ; Inapplicable ; Pass      ; Pass      ; Inapplicable ;
; seg4[2]             ; Inapplicable ; Inapplicable ; Inapplicable ; Inapplicable ; Inapplicable ; Pass      ; Inapplicable ; Inapplicable ; Inapplicable ; Inapplicable ; Inapplicable ; Inapplicable ; Inapplicable ; Pass         ; Inapplicable ; Inapplicable ; Inapplicable ; Inapplicable ; Pass         ; Inapplicable ; Inapplicable ; Inapplicable ; Inapplicable ; Pass         ; Inapplicable ; Pass      ; Pass      ; Inapplicable ;
; seg4[3]             ; Inapplicable ; Inapplicable ; Inapplicable ; Inapplicable ; Inapplicable ; Pass      ; Inapplicable ; Inapplicable ; Inapplicable ; Inapplicable ; Inapplicable ; Inapplicable ; Inapplicable ; Pass         ; Inapplicable ; Inapplicable ; Inapplicable ; Inapplicable ; Pass         ; Inapplicable ; Inapplicable ; Inapplicable ; Inapplicable ; Pass         ; Inapplicable ; Pass      ; Pass      ; Inapplicable ;
; seg4[4]             ; Inapplicable ; Inapplicable ; Inapplicable ; Inapplicable ; Inapplicable ; Pass      ; Inapplicable ; Inapplicable ; Inapplicable ; Inapplicable ; Inapplicable ; Inapplicable ; Inapplicable ; Pass         ; Inapplicable ; Inapplicable ; Inapplicable ; Inapplicable ; Pass         ; Inapplicable ; Inapplicable ; Inapplicable ; Inapplicable ; Pass         ; Inapplicable ; Pass      ; Pass      ; Inapplicable ;
; seg4[5]             ; Inapplicable ; Inapplicable ; Inapplicable ; Inapplicable ; Inapplicable ; Pass      ; Inapplicable ; Inapplicable ; Inapplicable ; Inapplicable ; Inapplicable ; Inapplicable ; Inapplicable ; Pass         ; Inapplicable ; Inapplicable ; Inapplicable ; Inapplicable ; Pass         ; Inapplicable ; Inapplicable ; Inapplicable ; Inapplicable ; Pass         ; Inapplicable ; Pass      ; Pass      ; Inapplicable ;
; seg4[6]             ; Inapplicable ; Inapplicable ; Inapplicable ; Inapplicable ; Inapplicable ; Pass      ; Inapplicable ; Inapplicable ; Inapplicable ; Inapplicable ; Inapplicable ; Inapplicable ; Inapplicable ; Pass         ; Inapplicable ; Inapplicable ; Inapplicable ; Inapplicable ; Pass         ; Inapplicable ; Inapplicable ; Inapplicable ; Inapplicable ; Pass         ; Inapplicable ; Pass      ; Pass      ; Inapplicable ;
; nums[0]             ; Inapplicable ; Inapplicable ; Inapplicable ; Inapplicable ; Inapplicable ; Pass      ; Inapplicable ; Inapplicable ; Inapplicable ; Inapplicable ; Inapplicable ; Inapplicable ; Inapplicable ; Pass         ; Inapplicable ; Inapplicable ; Inapplicable ; Inapplicable ; Pass         ; Inapplicable ; Inapplicable ; Inapplicable ; Inapplicable ; Pass         ; Inapplicable ; Pass      ; Pass      ; Inapplicable ;
; nums[1]             ; Inapplicable ; Inapplicable ; Inapplicable ; Inapplicable ; Inapplicable ; Pass      ; Inapplicable ; Inapplicable ; Inapplicable ; Inapplicable ; Inapplicable ; Inapplicable ; Inapplicable ; Pass         ; Inapplicable ; Inapplicable ; Inapplicable ; Inapplicable ; Pass         ; Inapplicable ; Inapplicable ; Inapplicable ; Inapplicable ; Pass         ; Inapplicable ; Pass      ; Pass      ; Inapplicable ;
; nums[2]             ; Inapplicable ; Inapplicable ; Inapplicable ; Inapplicable ; Inapplicable ; Pass      ; Inapplicable ; Inapplicable ; Inapplicable ; Inapplicable ; Inapplicable ; Inapplicable ; Inapplicable ; Pass         ; Inapplicable ; Inapplicable ; Inapplicable ; Inapplicable ; Pass         ; Inapplicable ; Inapplicable ; Inapplicable ; Inapplicable ; Pass         ; Inapplicable ; Pass      ; Pass      ; Inapplicable ;
; nums[3]             ; Inapplicable ; Inapplicable ; Inapplicable ; Inapplicable ; Inapplicable ; Pass      ; Inapplicable ; Inapplicable ; Inapplicable ; Inapplicable ; Inapplicable ; Inapplicable ; Inapplicable ; Pass         ; Inapplicable ; Inapplicable ; Inapplicable ; Inapplicable ; Pass         ; Inapplicable ; Inapplicable ; Inapplicable ; Inapplicable ; Pass         ; Inapplicable ; Pass      ; Pass      ; Inapplicable ;
; nums[4]             ; Inapplicable ; Inapplicable ; Inapplicable ; Inapplicable ; Inapplicable ; Pass      ; Inapplicable ; Inapplicable ; Inapplicable ; Inapplicable ; Inapplicable ; Inapplicable ; Inapplicable ; Pass         ; Inapplicable ; Inapplicable ; Inapplicable ; Inapplicable ; Pass         ; Inapplicable ; Inapplicable ; Inapplicable ; Inapplicable ; Pass         ; Inapplicable ; Pass      ; Pass      ; Inapplicable ;
; nums[5]             ; Inapplicable ; Inapplicable ; Inapplicable ; Inapplicable ; Inapplicable ; Pass      ; Inapplicable ; Inapplicable ; Inapplicable ; Inapplicable ; Inapplicable ; Inapplicable ; Inapplicable ; Pass         ; Inapplicable ; Inapplicable ; Inapplicable ; Inapplicable ; Pass         ; Inapplicable ; Inapplicable ; Inapplicable ; Inapplicable ; Pass         ; Inapplicable ; Pass      ; Pass      ; Inapplicable ;
; nums[6]             ; Inapplicable ; Inapplicable ; Inapplicable ; Inapplicable ; Inapplicable ; Pass      ; Inapplicable ; Inapplicable ; Inapplicable ; Inapplicable ; Inapplicable ; Inapplicable ; Inapplicable ; Pass         ; Inapplicable ; Inapplicable ; Inapplicable ; Inapplicable ; Pass         ; Inapplicable ; Inapplicable ; Inapplicable ; Inapplicable ; Pass         ; Inapplicable ; Pass      ; Pass      ; Inapplicable ;
; nums[7]             ; Inapplicable ; Inapplicable ; Inapplicable ; Inapplicable ; Inapplicable ; Pass      ; Inapplicable ; Inapplicable ; Inapplicable ; Inapplicable ; Inapplicable ; Inapplicable ; Inapplicable ; Pass         ; Inapplicable ; Inapplicable ; Inapplicable ; Inapplicable ; Pass         ; Inapplicable ; Inapplicable ; Inapplicable ; Inapplicable ; Pass         ; Inapplicable ; Pass      ; Pass      ; Inapplicable ;
; nums[8]             ; Inapplicable ; Inapplicable ; Inapplicable ; Inapplicable ; Inapplicable ; Pass      ; Inapplicable ; Inapplicable ; Inapplicable ; Inapplicable ; Inapplicable ; Inapplicable ; Inapplicable ; Pass         ; Inapplicable ; Inapplicable ; Inapplicable ; Inapplicable ; Pass         ; Inapplicable ; Inapplicable ; Inapplicable ; Inapplicable ; Pass         ; Inapplicable ; Pass      ; Pass      ; Inapplicable ;
; nums[9]             ; Inapplicable ; Inapplicable ; Inapplicable ; Inapplicable ; Inapplicable ; Pass      ; Inapplicable ; Inapplicable ; Inapplicable ; Inapplicable ; Inapplicable ; Inapplicable ; Inapplicable ; Pass         ; Inapplicable ; Inapplicable ; Inapplicable ; Inapplicable ; Pass         ; Inapplicable ; Inapplicable ; Inapplicable ; Inapplicable ; Pass         ; Inapplicable ; Pass      ; Pass      ; Inapplicable ;
; nums[10]            ; Inapplicable ; Inapplicable ; Inapplicable ; Inapplicable ; Inapplicable ; Pass      ; Inapplicable ; Inapplicable ; Inapplicable ; Inapplicable ; Inapplicable ; Inapplicable ; Inapplicable ; Pass         ; Inapplicable ; Inapplicable ; Inapplicable ; Inapplicable ; Pass         ; Inapplicable ; Inapplicable ; Inapplicable ; Inapplicable ; Pass         ; Inapplicable ; Pass      ; Pass      ; Inapplicable ;
; nums[11]            ; Inapplicable ; Inapplicable ; Inapplicable ; Inapplicable ; Inapplicable ; Pass      ; Inapplicable ; Inapplicable ; Inapplicable ; Inapplicable ; Inapplicable ; Inapplicable ; Inapplicable ; Pass         ; Inapplicable ; Inapplicable ; Inapplicable ; Inapplicable ; Pass         ; Inapplicable ; Inapplicable ; Inapplicable ; Inapplicable ; Pass         ; Inapplicable ; Pass      ; Pass      ; Inapplicable ;
; nums[12]            ; Inapplicable ; Inapplicable ; Inapplicable ; Inapplicable ; Inapplicable ; Pass      ; Inapplicable ; Inapplicable ; Inapplicable ; Inapplicable ; Inapplicable ; Inapplicable ; Inapplicable ; Pass         ; Inapplicable ; Inapplicable ; Inapplicable ; Inapplicable ; Pass         ; Inapplicable ; Inapplicable ; Inapplicable ; Inapplicable ; Pass         ; Inapplicable ; Pass      ; Pass      ; Inapplicable ;
; nums[13]            ; Inapplicable ; Inapplicable ; Inapplicable ; Inapplicable ; Inapplicable ; Pass      ; Inapplicable ; Inapplicable ; Inapplicable ; Inapplicable ; Inapplicable ; Inapplicable ; Inapplicable ; Pass         ; Inapplicable ; Inapplicable ; Inapplicable ; Inapplicable ; Pass         ; Inapplicable ; Inapplicable ; Inapplicable ; Inapplicable ; Pass         ; Inapplicable ; Pass      ; Pass      ; Inapplicable ;
; nums[14]            ; Inapplicable ; Inapplicable ; Inapplicable ; Inapplicable ; Inapplicable ; Pass      ; Inapplicable ; Inapplicable ; Inapplicable ; Inapplicable ; Inapplicable ; Inapplicable ; Inapplicable ; Pass         ; Inapplicable ; Inapplicable ; Inapplicable ; Inapplicable ; Pass         ; Inapplicable ; Inapplicable ; Inapplicable ; Inapplicable ; Pass         ; Inapplicable ; Pass      ; Pass      ; Inapplicable ;
; nums[15]            ; Inapplicable ; Inapplicable ; Inapplicable ; Inapplicable ; Inapplicable ; Pass      ; Inapplicable ; Inapplicable ; Inapplicable ; Inapplicable ; Inapplicable ; Inapplicable ; Inapplicable ; Pass         ; Inapplicable ; Inapplicable ; Inapplicable ; Inapplicable ; Pass         ; Inapplicable ; Inapplicable ; Inapplicable ; Inapplicable ; Pass         ; Inapplicable ; Pass      ; Pass      ; Inapplicable ;
; clk                 ; Inapplicable ; Inapplicable ; Inapplicable ; Inapplicable ; Inapplicable ; Pass      ; Inapplicable ; Inapplicable ; Inapplicable ; Inapplicable ; Inapplicable ; Inapplicable ; Inapplicable ; Inapplicable ; Inapplicable ; Inapplicable ; Inapplicable ; Inapplicable ; Inapplicable ; Inapplicable ; Inapplicable ; Inapplicable ; Inapplicable ; Inapplicable ; Inapplicable ; Pass      ; Pass      ; Inapplicable ;
; bt1                 ; Inapplicable ; Inapplicable ; Inapplicable ; Inapplicable ; Inapplicable ; Pass      ; Inapplicable ; Inapplicable ; Inapplicable ; Inapplicable ; Inapplicable ; Inapplicable ; Inapplicable ; Inapplicable ; Inapplicable ; Inapplicable ; Inapplicable ; Inapplicable ; Inapplicable ; Inapplicable ; Inapplicable ; Inapplicable ; Inapplicable ; Inapplicable ; Inapplicable ; Pass      ; Pass      ; Inapplicable ;
; bt0                 ; Inapplicable ; Inapplicable ; Inapplicable ; Inapplicable ; Inapplicable ; Pass      ; Inapplicable ; Inapplicable ; Inapplicable ; Inapplicable ; Inapplicable ; Inapplicable ; Inapplicable ; Inapplicable ; Inapplicable ; Inapplicable ; Inapplicable ; Inapplicable ; Inapplicable ; Inapplicable ; Inapplicable ; Inapplicable ; Inapplicable ; Inapplicable ; Inapplicable ; Pass      ; Pass      ; Inapplicable ;
; altera_reserved_tms ; Inapplicable ; Inapplicable ; Inapplicable ; Inapplicable ; Inapplicable ; Pass      ; Inapplicable ; Inapplicable ; Inapplicable ; Inapplicable ; Inapplicable ; Inapplicable ; Inapplicable ; Inapplicable ; Inapplicable ; Inapplicable ; Inapplicable ; Inapplicable ; Inapplicable ; Inapplicable ; Inapplicable ; Inapplicable ; Inapplicable ; Inapplicable ; Inapplicable ; Pass      ; Pass      ; Inapplicable ;
; altera_reserved_tck ; Inapplicable ; Inapplicable ; Inapplicable ; Inapplicable ; Inapplicable ; Pass      ; Inapplicable ; Inapplicable ; Inapplicable ; Inapplicable ; Inapplicable ; Inapplicable ; Inapplicable ; Inapplicable ; Inapplicable ; Inapplicable ; Inapplicable ; Inapplicable ; Inapplicable ; Inapplicable ; Inapplicable ; Inapplicable ; Inapplicable ; Inapplicable ; Inapplicable ; Pass      ; Pass      ; Inapplicable ;
; altera_reserved_tdi ; Inapplicable ; Inapplicable ; Inapplicable ; Inapplicable ; Inapplicable ; Pass      ; Inapplicable ; Inapplicable ; Inapplicable ; Inapplicable ; Inapplicable ; Inapplicable ; Inapplicable ; Inapplicable ; Inapplicable ; Inapplicable ; Inapplicable ; Inapplicable ; Inapplicable ; Inapplicable ; Inapplicable ; Inapplicable ; Inapplicable ; Inapplicable ; Inapplicable ; Pass      ; Pass      ; Inapplicable ;
; altera_reserved_tdo ; Inapplicable ; Inapplicable ; Inapplicable ; Inapplicable ; Inapplicable ; Pass      ; Inapplicable ; Inapplicable ; Inapplicable ; Inapplicable ; Inapplicable ; Inapplicable ; Inapplicable ; Inapplicable ; Inapplicable ; Inapplicable ; Inapplicable ; Inapplicable ; Inapplicable ; Inapplicable ; Inapplicable ; Inapplicable ; Inapplicable ; Inapplicable ; Inapplicable ; Pass      ; Pass      ; Inapplicable ;
+---------------------+--------------+--------------+--------------+--------------+--------------+-----------+--------------+--------------+--------------+--------------+--------------+--------------+--------------+--------------+--------------+--------------+--------------+--------------+--------------+--------------+--------------+--------------+--------------+--------------+--------------+-----------+-----------+--------------+


+------------------------------------------------------------------------------------------------+
; Fitter Device Options                                                                          ;
+------------------------------------------------------------------+-----------------------------+
; Option                                                           ; Setting                     ;
+------------------------------------------------------------------+-----------------------------+
; Enable user-supplied start-up clock (CLKUSR)                     ; Off                         ;
; Enable device-wide reset (DEV_CLRn)                              ; Off                         ;
; Enable device-wide output enable (DEV_OE)                        ; Off                         ;
; Enable INIT_DONE output                                          ; Off                         ;
; Configuration scheme                                             ; Passive Serial              ;
; Enable Error Detection CRC_ERROR pin                             ; Off                         ;
; Enable CvP_CONFDONE pin                                          ; Off                         ;
; Enable open drain on CRC_ERROR pin                               ; On                          ;
; Enable open drain on CvP_CONFDONE pin                            ; On                          ;
; Enable open drain on INIT_DONE pin                               ; On                          ;
; Enable open drain on Partial Reconfiguration pins                ; Off                         ;
; Enable open drain on nCEO pin                                    ; On                          ;
; Enable Partial Reconfiguration pins                              ; Off                         ;
; Enable input tri-state on active configuration pins in user mode ; Off                         ;
; Enable internal scrubbing                                        ; Off                         ;
; Active Serial clock source                                       ; 100 MHz Internal Oscillator ;
; Device initialization clock source                               ; Internal Oscillator         ;
; Configuration via Protocol                                       ; Off                         ;
; Configuration Voltage Level                                      ; Auto                        ;
; Force Configuration Voltage Level                                ; Off                         ;
; Enable nCEO output                                               ; Off                         ;
; Data[15..8]                                                      ; Unreserved                  ;
; Data[7..5]                                                       ; Unreserved                  ;
; Base pin-out file on sameframe device                            ; Off                         ;
+------------------------------------------------------------------+-----------------------------+


+------------------------------------+
; Operating Settings and Conditions  ;
+---------------------------+--------+
; Setting                   ; Value  ;
+---------------------------+--------+
; Nominal Core Voltage      ; 1.10 V ;
; Low Junction Temperature  ; 0 °C   ;
; High Junction Temperature ; 85 °C  ;
+---------------------------+--------+


+-----------------+
; Fitter Messages ;
+-----------------+
Warning (18236): Number of processors has not been specified which may cause overloading on shared machines.  Set the global assignment NUM_PARALLEL_PROCESSORS in your QSF to an appropriate value for best performance.
Info (20030): Parallel compilation is enabled and will use 16 of the 16 processors detected
Info (119006): Selected device 5CSEMA5F31C6 for design "soc_system"
Info (21077): Low junction temperature is 0 degrees C
Info (21077): High junction temperature is 85 degrees C
Info (171003): Fitter is performing an Auto Fit compilation, which may decrease Fitter effort to reduce compilation time
Warning (292013): Feature LogicLock is only available with a valid subscription license. You can purchase a software subscription to gain full access to this feature.
Warning (15714): Some pins have incomplete I/O assignments. Refer to the I/O Assignment Warnings report for details
Info (176045): Design uses memory blocks. Violating setup or hold times of memory block address registers for either read or write operations could cause memory contents to be corrupted. Make sure that all memory block address registers meet the setup and hold time requirements.
Critical Warning (169085): No exact pin location assignment(s) for 47 pins of 47 total pins. For the list of pins please refer to the I/O Assignment Warnings table in the fitter report.
Info (184020): Starting Fitter periphery placement operations
Info (11191): Automatically promoted 1 clock (1 global)
    Info (11162): clk~inputCLKENA0 with 547 fanout uses global clock CLKCTRL_G15
        Info (12525): This signal is driven by core routing -- it may be moved during placement to reduce routing delays
Warning (16406): 1 global input pin(s) will use non-dedicated clock routing
    Warning (16469): Source REFCLK I/O cannot be routed using dedicated clock routing for global clock driver clk~inputCLKENA0, placed at CLKCTRL_G15
        Info (179012): Refclk input I/O pad clk is placed onto PIN_AA26
Info (184021): Fitter periphery placement operations ending: elapsed time is 00:00:00
Info (176233): Starting register packing
Info (332164): Evaluating HDL-embedded SDC commands
    Info (332165): Entity sld_hub
        Info (332166): create_clock -name altera_reserved_tck [get_ports {altera_reserved_tck}] -period 30MHz   
        Info (332166): if { [string equal quartus_fit $::TimeQuestInfo(nameofexecutable)] } { set_max_delay -to [get_ports { altera_reserved_tdo } ] 0 }
        Info (332166): set_clock_groups -asynchronous -group {altera_reserved_tck}
Info (332104): Reading SDC File: 'soc_system/synthesis/submodules/altera_reset_controller.sdc'
Info (332104): Reading SDC File: 'soc_system/synthesis/submodules/hps_sdram_p0.sdc'
Info (332151): Clock uncertainty is not calculated until you update the timing netlist.
Error: The auto-constraining script was not able to detect any instance for core < hps_sdram_p0 >
Error: Verify the following:
Error:  The core < hps_sdram_p0 > is instantiated within another component (wrapper)
Error:  The core is not the top-level of the project
Error:  The memory interface pins are exported to the top-level of the project
Error: Alternatively, if you are no longer instantiating core < hps_sdram_p0 >,
Error:  clean up any stale SDC_FILE references from the QSF/QIP files.
Critical Warning (332008): Read_sdc failed due to errors in the SDC file
Warning (332060): Node: clk was determined to be a clock but was found without an associated clock assignment.
    Info (13166): Register top:comb_3|memory_mod:comb_20|ram16bits:comb_3|altsyncram:altsyncram_component|altsyncram_bnn1:auto_generated|altsyncram_8ud2:altsyncram1|q_a[15] is being clocked by clk
Warning (332060): Node: my_debounce:comb_10|clock_div:u1|slow_clk was determined to be a clock but was found without an associated clock assignment.
    Info (13166): Register my_debounce:comb_10|my_dff:d2|Q is being clocked by my_debounce:comb_10|clock_div:u1|slow_clk
Warning (332060): Node: my_debounce:comb_8|my_dff:d1|Q was determined to be a clock but was found without an associated clock assignment.
    Info (13166): Register altsyncram:Mux1_rtl_0|altsyncram_1d61:auto_generated|ram_block1a2~porta_address_reg0 is being clocked by my_debounce:comb_8|my_dff:d1|Q
Warning (332060): Node: my_debounce:comb_8|clock_div:u1|slow_clk was determined to be a clock but was found without an associated clock assignment.
    Info (13166): Register my_debounce:comb_8|my_dff:d2|Q is being clocked by my_debounce:comb_8|clock_div:u1|slow_clk
Warning (332060): Node: top:comb_3|alu:comb_21|done was determined to be a clock but was found without an associated clock assignment.
    Info (13166): Register top:comb_3|br:comb_22|data_out[15] is being clocked by top:comb_3|alu:comb_21|done
Info (332123): Deriving Clock Uncertainty. Please refer to report_sdc in the Timing Analyzer to see clock uncertainties.
Info (176235): Finished register packing
    Extra Info (176219): No registers were packed into other blocks
Info (11798): Fitter preparation operations ending: elapsed time is 00:00:10
Warning (171167): Found invalid Fitter assignments. See the Ignored Assignments panel in the Fitter Compilation Report for more information.
Error (11802): Can't fit design in device. Modify your design to reduce resources, or choose a larger device. The Intel FPGA Knowledge Database contains many articles with specific details on how to resolve this error. Visit the Knowledge Database at https://www.altera.com/support/support-resources/knowledge-base/search.html and search for this specific error message number.
Info (144001): Generated suppressed messages file /home/marcelo/Documentos/MI_SD/P1/SistemasDigitais_Problema1/cooprocessorFiles/output_files/soc_system.fit.smsg
Error: Quartus Prime Fitter was unsuccessful. 8 errors, 13 warnings
    Error: Peak virtual memory: 1390 megabytes
    Error: Processing ended: Fri May 23 16:01:59 2025
    Error: Elapsed time: 00:00:23
    Error: Total CPU time (on all processors): 00:00:23


+----------------------------+
; Fitter Suppressed Messages ;
+----------------------------+
The suppressed messages can be found in /home/marcelo/Documentos/MI_SD/P1/SistemasDigitais_Problema1/cooprocessorFiles/output_files/soc_system.fit.smsg.


