Analysis & Synthesis report for soc_system
Fri May 23 16:01:35 2025
Quartus Prime Version 23.1std.1 Build 993 05/14/2024 SC Lite Edition


---------------------
; Table of Contents ;
---------------------
  1. Legal Notice
  2. Analysis & Synthesis Summary
  3. Analysis & Synthesis Settings
  4. Parallel Compilation
  5. Analysis & Synthesis Source Files Read
  6. Analysis & Synthesis Resource Usage Summary
  7. Analysis & Synthesis Resource Utilization by Entity
  8. Analysis & Synthesis RAM Summary
  9. Analysis & Synthesis DSP Block Usage Summary
 10. Analysis & Synthesis IP Cores Summary
 11. State Machine - |test_top|top:comb_3|state
 12. Registers Removed During Synthesis
 13. General Register Statistics
 14. Inverted Register Statistics
 15. Registers Packed Into Inferred Megafunctions
 16. Multiplexer Restructuring Statistics (Restructuring Performed)
 17. Source assignments for top:comb_3|memory_mod:comb_20|ram16bits:comb_3|altsyncram:altsyncram_component|altsyncram_bnn1:auto_generated|altsyncram_8ud2:altsyncram1
 18. Source assignments for altsyncram:Mux1_rtl_0|altsyncram_1d61:auto_generated
 19. Parameter Settings for User Entity Instance: Top-level Entity: |test_top
 20. Parameter Settings for User Entity Instance: top:comb_3
 21. Parameter Settings for User Entity Instance: top:comb_3|memory_mod:comb_20|ram16bits:comb_3|altsyncram:altsyncram_component
 22. Parameter Settings for Inferred Entity Instance: altsyncram:Mux1_rtl_0
 23. altsyncram Parameter Settings by Entity Instance
 24. Port Connectivity Checks: "top:comb_3|br:comb_22"
 25. Port Connectivity Checks: "top:comb_3|alu:comb_21|matriz_multi:comb_5"
 26. Port Connectivity Checks: "top:comb_3|alu:comb_21"
 27. Port Connectivity Checks: "top:comb_3"
 28. In-System Memory Content Editor Settings
 29. Post-Synthesis Netlist Statistics for Top Partition
 30. Post-Synthesis Netlist Statistics for Partition sld_hub:auto_hub
 31. Elapsed Time Per Partition
 32. Analysis & Synthesis Messages
 33. Analysis & Synthesis Suppressed Messages



----------------
; Legal Notice ;
----------------
Copyright (C) 2024  Intel Corporation. All rights reserved.
Your use of Intel Corporation's design tools, logic functions 
and other software and tools, and any partner logic 
functions, and any output files from any of the foregoing 
(including device programming or simulation files), and any 
associated documentation or information are expressly subject 
to the terms and conditions of the Intel Program License 
Subscription Agreement, the Intel Quartus Prime License Agreement,
the Intel FPGA IP License Agreement, or other applicable license
agreement, including, without limitation, that your use is for
the sole purpose of programming logic devices manufactured by
Intel and sold by Intel or its authorized distributors.  Please
refer to the applicable agreement for further details, at
https://fpgasoftware.intel.com/eula.



+----------------------------------------------------------------------------------+
; Analysis & Synthesis Summary                                                     ;
+---------------------------------+------------------------------------------------+
; Analysis & Synthesis Status     ; Successful - Fri May 23 16:01:35 2025          ;
; Quartus Prime Version           ; 23.1std.1 Build 993 05/14/2024 SC Lite Edition ;
; Revision Name                   ; soc_system                                     ;
; Top-level Entity Name           ; test_top                                       ;
; Family                          ; Cyclone V                                      ;
; Logic utilization (in ALMs)     ; N/A                                            ;
; Total registers                 ; 1091                                           ;
; Total pins                      ; 47                                             ;
; Total virtual pins              ; 0                                              ;
; Total block memory bits         ; 26,624                                         ;
; Total DSP Blocks                ; 70                                             ;
; Total HSSI RX PCSs              ; 0                                              ;
; Total HSSI PMA RX Deserializers ; 0                                              ;
; Total HSSI TX PCSs              ; 0                                              ;
; Total HSSI PMA TX Serializers   ; 0                                              ;
; Total PLLs                      ; 0                                              ;
; Total DLLs                      ; 0                                              ;
+---------------------------------+------------------------------------------------+


+---------------------------------------------------------------------------------------------------------------------------+
; Analysis & Synthesis Settings                                                                                             ;
+---------------------------------------------------------------------------------+--------------------+--------------------+
; Option                                                                          ; Setting            ; Default Value      ;
+---------------------------------------------------------------------------------+--------------------+--------------------+
; Device                                                                          ; 5CSEMA5F31C6       ;                    ;
; Top-level entity name                                                           ; test_top           ; soc_system         ;
; Family name                                                                     ; Cyclone V          ; Cyclone V          ;
; Use smart compilation                                                           ; Off                ; Off                ;
; Enable parallel Assembler and Timing Analyzer during compilation                ; On                 ; On                 ;
; Enable compact report table                                                     ; Off                ; Off                ;
; Restructure Multiplexers                                                        ; Auto               ; Auto               ;
; MLAB Add Timing Constraints For Mixed-Port Feed-Through Mode Setting Don't Care ; Off                ; Off                ;
; Create Debugging Nodes for IP Cores                                             ; Off                ; Off                ;
; Preserve fewer node names                                                       ; On                 ; On                 ;
; Intel FPGA IP Evaluation Mode                                                   ; Enable             ; Enable             ;
; Verilog Version                                                                 ; Verilog_2001       ; Verilog_2001       ;
; VHDL Version                                                                    ; VHDL_1993          ; VHDL_1993          ;
; State Machine Processing                                                        ; Auto               ; Auto               ;
; Safe State Machine                                                              ; Off                ; Off                ;
; Extract Verilog State Machines                                                  ; On                 ; On                 ;
; Extract VHDL State Machines                                                     ; On                 ; On                 ;
; Ignore Verilog initial constructs                                               ; Off                ; Off                ;
; Iteration limit for constant Verilog loops                                      ; 5000               ; 5000               ;
; Iteration limit for non-constant Verilog loops                                  ; 250                ; 250                ;
; Add Pass-Through Logic to Inferred RAMs                                         ; On                 ; On                 ;
; Infer RAMs from Raw Logic                                                       ; On                 ; On                 ;
; Parallel Synthesis                                                              ; On                 ; On                 ;
; DSP Block Balancing                                                             ; Auto               ; Auto               ;
; NOT Gate Push-Back                                                              ; On                 ; On                 ;
; Power-Up Don't Care                                                             ; On                 ; On                 ;
; Remove Redundant Logic Cells                                                    ; Off                ; Off                ;
; Remove Duplicate Registers                                                      ; On                 ; On                 ;
; Ignore CARRY Buffers                                                            ; Off                ; Off                ;
; Ignore CASCADE Buffers                                                          ; Off                ; Off                ;
; Ignore GLOBAL Buffers                                                           ; Off                ; Off                ;
; Ignore ROW GLOBAL Buffers                                                       ; Off                ; Off                ;
; Ignore LCELL Buffers                                                            ; Off                ; Off                ;
; Ignore SOFT Buffers                                                             ; On                 ; On                 ;
; Limit AHDL Integers to 32 Bits                                                  ; Off                ; Off                ;
; Optimization Technique                                                          ; Balanced           ; Balanced           ;
; Carry Chain Length                                                              ; 70                 ; 70                 ;
; Auto Carry Chains                                                               ; On                 ; On                 ;
; Auto Open-Drain Pins                                                            ; On                 ; On                 ;
; Perform WYSIWYG Primitive Resynthesis                                           ; Off                ; Off                ;
; Auto ROM Replacement                                                            ; On                 ; On                 ;
; Auto RAM Replacement                                                            ; On                 ; On                 ;
; Auto DSP Block Replacement                                                      ; On                 ; On                 ;
; Auto Shift Register Replacement                                                 ; Auto               ; Auto               ;
; Allow Shift Register Merging across Hierarchies                                 ; Auto               ; Auto               ;
; Auto Clock Enable Replacement                                                   ; On                 ; On                 ;
; Strict RAM Replacement                                                          ; Off                ; Off                ;
; Allow Synchronous Control Signals                                               ; On                 ; On                 ;
; Force Use of Synchronous Clear Signals                                          ; Off                ; Off                ;
; Auto Resource Sharing                                                           ; Off                ; Off                ;
; Allow Any RAM Size For Recognition                                              ; Off                ; Off                ;
; Allow Any ROM Size For Recognition                                              ; Off                ; Off                ;
; Allow Any Shift Register Size For Recognition                                   ; Off                ; Off                ;
; Use LogicLock Constraints during Resource Balancing                             ; On                 ; On                 ;
; Ignore translate_off and synthesis_off directives                               ; Off                ; Off                ;
; Timing-Driven Synthesis                                                         ; On                 ; On                 ;
; Report Parameter Settings                                                       ; On                 ; On                 ;
; Report Source Assignments                                                       ; On                 ; On                 ;
; Report Connectivity Checks                                                      ; On                 ; On                 ;
; Ignore Maximum Fan-Out Assignments                                              ; Off                ; Off                ;
; Synchronization Register Chain Length                                           ; 3                  ; 3                  ;
; Power Optimization During Synthesis                                             ; Normal compilation ; Normal compilation ;
; HDL message level                                                               ; Level2             ; Level2             ;
; Suppress Register Optimization Related Messages                                 ; Off                ; Off                ;
; Number of Removed Registers Reported in Synthesis Report                        ; 5000               ; 5000               ;
; Number of Swept Nodes Reported in Synthesis Report                              ; 5000               ; 5000               ;
; Number of Inverted Registers Reported in Synthesis Report                       ; 100                ; 100                ;
; Clock MUX Protection                                                            ; On                 ; On                 ;
; Auto Gated Clock Conversion                                                     ; Off                ; Off                ;
; Block Design Naming                                                             ; Auto               ; Auto               ;
; SDC constraint protection                                                       ; Off                ; Off                ;
; Synthesis Effort                                                                ; Auto               ; Auto               ;
; Shift Register Replacement - Allow Asynchronous Clear Signal                    ; On                 ; On                 ;
; Pre-Mapping Resynthesis Optimization                                            ; Off                ; Off                ;
; Analysis & Synthesis Message Level                                              ; Medium             ; Medium             ;
; Disable Register Merging Across Hierarchies                                     ; Auto               ; Auto               ;
; Resource Aware Inference For Block RAM                                          ; On                 ; On                 ;
; Automatic Parallel Synthesis                                                    ; On                 ; On                 ;
; Partial Reconfiguration Bitstream ID                                            ; Off                ; Off                ;
+---------------------------------------------------------------------------------+--------------------+--------------------+


+------------------------------------------+
; Parallel Compilation                     ;
+----------------------------+-------------+
; Processors                 ; Number      ;
+----------------------------+-------------+
; Number detected on machine ; 16          ;
; Maximum allowed            ; 16          ;
;                            ;             ;
; Average used               ; 1.00        ;
; Maximum used               ; 16          ;
;                            ;             ;
; Usage by Processor         ; % Time Used ;
;     Processor 1            ; 100.0%      ;
;     Processor 2            ;   0.0%      ;
;     Processor 3            ;   0.0%      ;
;     Processor 4            ;   0.0%      ;
;     Processor 5            ;   0.0%      ;
;     Processor 6            ;   0.0%      ;
;     Processor 7            ;   0.0%      ;
;     Processor 8            ;   0.0%      ;
;     Processor 9            ;   0.0%      ;
;     Processor 10           ;   0.0%      ;
;     Processor 11           ;   0.0%      ;
;     Processor 12           ;   0.0%      ;
;     Processor 13           ;   0.0%      ;
;     Processors 14-16       ;   0.0%      ;
+----------------------------+-------------+


+----------------------------------------------------------------------------------------------------------------------------------------------------------------------------------------------------------------------------------------------------------------------------------------------------------------+
; Analysis & Synthesis Source Files Read                                                                                                                                                                                                                                                                         ;
+--------------------------------------------------------------------+-----------------+-------------------------------------------------------+---------------------------------------------------------------------------------------------------------------------------------------------------+-------------+
; File Name with User-Entered Path                                   ; Used in Netlist ; File Type                                             ; File Name with Absolute Path                                                                                                                      ; Library     ;
+--------------------------------------------------------------------+-----------------+-------------------------------------------------------+---------------------------------------------------------------------------------------------------------------------------------------------------+-------------+
; testes/my_debounce.v                                               ; yes             ; User Verilog HDL File                                 ; /home/marcelo/Documentos/MI_SD/P1/SistemasDigitais_Problema1/cooprocessorFiles/testes/my_debounce.v                                               ;             ;
; testes/decod7seg.v                                                 ; yes             ; User Verilog HDL File                                 ; /home/marcelo/Documentos/MI_SD/P1/SistemasDigitais_Problema1/cooprocessorFiles/testes/decod7seg.v                                                 ;             ;
; testes/test_top.v                                                  ; yes             ; User Verilog HDL File                                 ; /home/marcelo/Documentos/MI_SD/P1/SistemasDigitais_Problema1/cooprocessorFiles/testes/test_top.v                                                  ;             ;
; memoria/ram16bits.v                                                ; yes             ; User Wizard-Generated File                            ; /home/marcelo/Documentos/MI_SD/P1/SistemasDigitais_Problema1/cooprocessorFiles/memoria/ram16bits.v                                                ;             ;
; memoria/memory_mod.v                                               ; yes             ; User Verilog HDL File                                 ; /home/marcelo/Documentos/MI_SD/P1/SistemasDigitais_Problema1/cooprocessorFiles/memoria/memory_mod.v                                               ;             ;
; ula/matriz_transposta.v                                            ; yes             ; User Verilog HDL File                                 ; /home/marcelo/Documentos/MI_SD/P1/SistemasDigitais_Problema1/cooprocessorFiles/ula/matriz_transposta.v                                            ;             ;
; ula/matriz_subtracao.v                                             ; yes             ; User Verilog HDL File                                 ; /home/marcelo/Documentos/MI_SD/P1/SistemasDigitais_Problema1/cooprocessorFiles/ula/matriz_subtracao.v                                             ;             ;
; ula/matriz_soma.v                                                  ; yes             ; User Verilog HDL File                                 ; /home/marcelo/Documentos/MI_SD/P1/SistemasDigitais_Problema1/cooprocessorFiles/ula/matriz_soma.v                                                  ;             ;
; ula/matriz_oposta.v                                                ; yes             ; User Verilog HDL File                                 ; /home/marcelo/Documentos/MI_SD/P1/SistemasDigitais_Problema1/cooprocessorFiles/ula/matriz_oposta.v                                                ;             ;
; ula/matriz_multi.v                                                 ; yes             ; User Verilog HDL File                                 ; /home/marcelo/Documentos/MI_SD/P1/SistemasDigitais_Problema1/cooprocessorFiles/ula/matriz_multi.v                                                 ;             ;
; ula/matriz_escalar.v                                               ; yes             ; User Verilog HDL File                                 ; /home/marcelo/Documentos/MI_SD/P1/SistemasDigitais_Problema1/cooprocessorFiles/ula/matriz_escalar.v                                               ;             ;
; ula/matriz_determ5x5.v                                             ; yes             ; User Verilog HDL File                                 ; /home/marcelo/Documentos/MI_SD/P1/SistemasDigitais_Problema1/cooprocessorFiles/ula/matriz_determ5x5.v                                             ;             ;
; ula/matriz_determ4x4.v                                             ; yes             ; User Verilog HDL File                                 ; /home/marcelo/Documentos/MI_SD/P1/SistemasDigitais_Problema1/cooprocessorFiles/ula/matriz_determ4x4.v                                             ;             ;
; ula/matriz_determ3x3.v                                             ; yes             ; User Verilog HDL File                                 ; /home/marcelo/Documentos/MI_SD/P1/SistemasDigitais_Problema1/cooprocessorFiles/ula/matriz_determ3x3.v                                             ;             ;
; ula/matriz_determ2x2.v                                             ; yes             ; User Verilog HDL File                                 ; /home/marcelo/Documentos/MI_SD/P1/SistemasDigitais_Problema1/cooprocessorFiles/ula/matriz_determ2x2.v                                             ;             ;
; ula/alu.v                                                          ; yes             ; User Verilog HDL File                                 ; /home/marcelo/Documentos/MI_SD/P1/SistemasDigitais_Problema1/cooprocessorFiles/ula/alu.v                                                          ;             ;
; controle/top.v                                                     ; yes             ; User Verilog HDL File                                 ; /home/marcelo/Documentos/MI_SD/P1/SistemasDigitais_Problema1/cooprocessorFiles/controle/top.v                                                     ;             ;
; controle/decoder.v                                                 ; yes             ; User Verilog HDL File                                 ; /home/marcelo/Documentos/MI_SD/P1/SistemasDigitais_Problema1/cooprocessorFiles/controle/decoder.v                                                 ;             ;
; controle/br.v                                                      ; yes             ; User Verilog HDL File                                 ; /home/marcelo/Documentos/MI_SD/P1/SistemasDigitais_Problema1/cooprocessorFiles/controle/br.v                                                      ;             ;
; altsyncram.tdf                                                     ; yes             ; Megafunction                                          ; /home/marcelo/intelFPGA_lite/23.1std/quartus/libraries/megafunctions/altsyncram.tdf                                                               ;             ;
; stratix_ram_block.inc                                              ; yes             ; Megafunction                                          ; /home/marcelo/intelFPGA_lite/23.1std/quartus/libraries/megafunctions/stratix_ram_block.inc                                                        ;             ;
; lpm_mux.inc                                                        ; yes             ; Megafunction                                          ; /home/marcelo/intelFPGA_lite/23.1std/quartus/libraries/megafunctions/lpm_mux.inc                                                                  ;             ;
; lpm_decode.inc                                                     ; yes             ; Megafunction                                          ; /home/marcelo/intelFPGA_lite/23.1std/quartus/libraries/megafunctions/lpm_decode.inc                                                               ;             ;
; aglobal231.inc                                                     ; yes             ; Megafunction                                          ; /home/marcelo/intelFPGA_lite/23.1std/quartus/libraries/megafunctions/aglobal231.inc                                                               ;             ;
; a_rdenreg.inc                                                      ; yes             ; Megafunction                                          ; /home/marcelo/intelFPGA_lite/23.1std/quartus/libraries/megafunctions/a_rdenreg.inc                                                                ;             ;
; altrom.inc                                                         ; yes             ; Megafunction                                          ; /home/marcelo/intelFPGA_lite/23.1std/quartus/libraries/megafunctions/altrom.inc                                                                   ;             ;
; altram.inc                                                         ; yes             ; Megafunction                                          ; /home/marcelo/intelFPGA_lite/23.1std/quartus/libraries/megafunctions/altram.inc                                                                   ;             ;
; altdpram.inc                                                       ; yes             ; Megafunction                                          ; /home/marcelo/intelFPGA_lite/23.1std/quartus/libraries/megafunctions/altdpram.inc                                                                 ;             ;
; db/altsyncram_bnn1.tdf                                             ; yes             ; Auto-Generated Megafunction                           ; /home/marcelo/Documentos/MI_SD/P1/SistemasDigitais_Problema1/cooprocessorFiles/db/altsyncram_bnn1.tdf                                             ;             ;
; db/altsyncram_8ud2.tdf                                             ; yes             ; Auto-Generated Megafunction                           ; /home/marcelo/Documentos/MI_SD/P1/SistemasDigitais_Problema1/cooprocessorFiles/db/altsyncram_8ud2.tdf                                             ;             ;
; sld_mod_ram_rom.vhd                                                ; yes             ; Encrypted Megafunction                                ; /home/marcelo/intelFPGA_lite/23.1std/quartus/libraries/megafunctions/sld_mod_ram_rom.vhd                                                          ;             ;
; sld_jtag_endpoint_adapter.vhd                                      ; yes             ; Encrypted Megafunction                                ; /home/marcelo/intelFPGA_lite/23.1std/quartus/libraries/megafunctions/sld_jtag_endpoint_adapter.vhd                                                ;             ;
; sld_jtag_endpoint_adapter_impl.sv                                  ; yes             ; Encrypted Megafunction                                ; /home/marcelo/intelFPGA_lite/23.1std/quartus/libraries/megafunctions/sld_jtag_endpoint_adapter_impl.sv                                            ;             ;
; sld_rom_sr.vhd                                                     ; yes             ; Encrypted Megafunction                                ; /home/marcelo/intelFPGA_lite/23.1std/quartus/libraries/megafunctions/sld_rom_sr.vhd                                                               ;             ;
; sld_hub.vhd                                                        ; yes             ; Encrypted Megafunction                                ; /home/marcelo/intelFPGA_lite/23.1std/quartus/libraries/megafunctions/sld_hub.vhd                                                                  ; altera_sld  ;
; db/ip/sldce0f4758/alt_sld_fab.v                                    ; yes             ; Encrypted Auto-Found Verilog HDL File                 ; /home/marcelo/Documentos/MI_SD/P1/SistemasDigitais_Problema1/cooprocessorFiles/db/ip/sldce0f4758/alt_sld_fab.v                                    ; alt_sld_fab ;
; db/ip/sldce0f4758/submodules/alt_sld_fab_alt_sld_fab.v             ; yes             ; Encrypted Auto-Found Verilog HDL File                 ; /home/marcelo/Documentos/MI_SD/P1/SistemasDigitais_Problema1/cooprocessorFiles/db/ip/sldce0f4758/submodules/alt_sld_fab_alt_sld_fab.v             ; alt_sld_fab ;
; db/ip/sldce0f4758/submodules/alt_sld_fab_alt_sld_fab_ident.sv      ; yes             ; Auto-Found SystemVerilog HDL File                     ; /home/marcelo/Documentos/MI_SD/P1/SistemasDigitais_Problema1/cooprocessorFiles/db/ip/sldce0f4758/submodules/alt_sld_fab_alt_sld_fab_ident.sv      ; alt_sld_fab ;
; db/ip/sldce0f4758/submodules/alt_sld_fab_alt_sld_fab_presplit.sv   ; yes             ; Encrypted Auto-Found SystemVerilog HDL File           ; /home/marcelo/Documentos/MI_SD/P1/SistemasDigitais_Problema1/cooprocessorFiles/db/ip/sldce0f4758/submodules/alt_sld_fab_alt_sld_fab_presplit.sv   ; alt_sld_fab ;
; db/ip/sldce0f4758/submodules/alt_sld_fab_alt_sld_fab_sldfabric.vhd ; yes             ; Encrypted Auto-Found VHDL File                        ; /home/marcelo/Documentos/MI_SD/P1/SistemasDigitais_Problema1/cooprocessorFiles/db/ip/sldce0f4758/submodules/alt_sld_fab_alt_sld_fab_sldfabric.vhd ; alt_sld_fab ;
; db/ip/sldce0f4758/submodules/alt_sld_fab_alt_sld_fab_splitter.sv   ; yes             ; Encrypted Auto-Found SystemVerilog HDL File           ; /home/marcelo/Documentos/MI_SD/P1/SistemasDigitais_Problema1/cooprocessorFiles/db/ip/sldce0f4758/submodules/alt_sld_fab_alt_sld_fab_splitter.sv   ; alt_sld_fab ;
; sld_jtag_hub.vhd                                                   ; yes             ; Encrypted Megafunction                                ; /home/marcelo/intelFPGA_lite/23.1std/quartus/libraries/megafunctions/sld_jtag_hub.vhd                                                             ;             ;
; db/altsyncram_1d61.tdf                                             ; yes             ; Auto-Generated Megafunction                           ; /home/marcelo/Documentos/MI_SD/P1/SistemasDigitais_Problema1/cooprocessorFiles/db/altsyncram_1d61.tdf                                             ;             ;
; soc_system.test_top0.rtl.mif                                       ; yes             ; Auto-Generated Auto-Found Memory Initialization File  ; /home/marcelo/Documentos/MI_SD/P1/SistemasDigitais_Problema1/cooprocessorFiles/db/soc_system.test_top0.rtl.mif                                    ;             ;
+--------------------------------------------------------------------+-----------------+-------------------------------------------------------+---------------------------------------------------------------------------------------------------------------------------------------------------+-------------+


+---------------------------------------------------------+
; Analysis & Synthesis Resource Usage Summary             ;
+---------------------------------------------+-----------+
; Resource                                    ; Usage     ;
+---------------------------------------------+-----------+
; Estimate of Logic utilization (ALMs needed) ; 1056      ;
;                                             ;           ;
; Combinational ALUT usage for logic          ; 1416      ;
;     -- 7 input functions                    ; 11        ;
;     -- 6 input functions                    ; 480       ;
;     -- 5 input functions                    ; 106       ;
;     -- 4 input functions                    ; 271       ;
;     -- <=3 input functions                  ; 548       ;
;                                             ;           ;
; Dedicated logic registers                   ; 1091      ;
;                                             ;           ;
; I/O pins                                    ; 47        ;
; Total MLAB memory bits                      ; 0         ;
; Total block memory bits                     ; 26624     ;
;                                             ;           ;
; Total DSP Blocks                            ; 70        ;
;                                             ;           ;
; Maximum fan-out node                        ; clk~input ;
; Maximum fan-out                             ; 549       ;
; Total fan-out                               ; 11942     ;
; Average fan-out                             ; 4.39      ;
+---------------------------------------------+-----------+


+------------------------------------------------------------------------------------------------------------------------------------------------------------------------------------------------------------------------------------------------------------------------------------------------------------------------------------------------------------------------------------------------------------------------------------------------------------------------------------------------------------------------------------------------------------------------------------------------------------------------------------------------------------+
; Analysis & Synthesis Resource Utilization by Entity                                                                                                                                                                                                                                                                                                                                                                                                                                                                                                                                                                                                        ;
+-----------------------------------------------------------------------------------------------------------------------------------------+---------------------+---------------------------+-------------------+------------+------+--------------+------------------------------------------------------------------------------------------------------------------------------------------------------------------------------------------------------------------------------------------------------------------------------------------------------------------------------------------------------+-----------------------------------+--------------+
; Compilation Hierarchy Node                                                                                                              ; Combinational ALUTs ; Dedicated Logic Registers ; Block Memory Bits ; DSP Blocks ; Pins ; Virtual Pins ; Full Hierarchy Name                                                                                                                                                                                                                                                                                                                                  ; Entity Name                       ; Library Name ;
+-----------------------------------------------------------------------------------------------------------------------------------------+---------------------+---------------------------+-------------------+------------+------+--------------+------------------------------------------------------------------------------------------------------------------------------------------------------------------------------------------------------------------------------------------------------------------------------------------------------------------------------------------------------+-----------------------------------+--------------+
; |test_top                                                                                                                               ; 1416 (6)            ; 1091 (5)                  ; 26624             ; 70         ; 47   ; 0            ; |test_top                                                                                                                                                                                                                                                                                                                                            ; test_top                          ; work         ;
;    |altsyncram:Mux1_rtl_0|                                                                                                              ; 0 (0)               ; 0 (0)                     ; 22528             ; 0          ; 0    ; 0            ; |test_top|altsyncram:Mux1_rtl_0                                                                                                                                                                                                                                                                                                                      ; altsyncram                        ; work         ;
;       |altsyncram_1d61:auto_generated|                                                                                                  ; 0 (0)               ; 0 (0)                     ; 22528             ; 0          ; 0    ; 0            ; |test_top|altsyncram:Mux1_rtl_0|altsyncram_1d61:auto_generated                                                                                                                                                                                                                                                                                       ; altsyncram_1d61                   ; work         ;
;    |decod7seg:comb_4|                                                                                                                   ; 7 (7)               ; 0 (0)                     ; 0                 ; 0          ; 0    ; 0            ; |test_top|decod7seg:comb_4                                                                                                                                                                                                                                                                                                                           ; decod7seg                         ; work         ;
;    |decod7seg:comb_5|                                                                                                                   ; 7 (7)               ; 0 (0)                     ; 0                 ; 0          ; 0    ; 0            ; |test_top|decod7seg:comb_5                                                                                                                                                                                                                                                                                                                           ; decod7seg                         ; work         ;
;    |decod7seg:comb_6|                                                                                                                   ; 7 (7)               ; 0 (0)                     ; 0                 ; 0          ; 0    ; 0            ; |test_top|decod7seg:comb_6                                                                                                                                                                                                                                                                                                                           ; decod7seg                         ; work         ;
;    |decod7seg:comb_7|                                                                                                                   ; 7 (7)               ; 0 (0)                     ; 0                 ; 0          ; 0    ; 0            ; |test_top|decod7seg:comb_7                                                                                                                                                                                                                                                                                                                           ; decod7seg                         ; work         ;
;    |my_debounce:comb_10|                                                                                                                ; 39 (0)              ; 31 (0)                    ; 0                 ; 0          ; 0    ; 0            ; |test_top|my_debounce:comb_10                                                                                                                                                                                                                                                                                                                        ; my_debounce                       ; work         ;
;       |clock_div:u1|                                                                                                                    ; 38 (38)             ; 28 (28)                   ; 0                 ; 0          ; 0    ; 0            ; |test_top|my_debounce:comb_10|clock_div:u1                                                                                                                                                                                                                                                                                                           ; clock_div                         ; work         ;
;       |my_dff:d0|                                                                                                                       ; 1 (1)               ; 1 (1)                     ; 0                 ; 0          ; 0    ; 0            ; |test_top|my_debounce:comb_10|my_dff:d0                                                                                                                                                                                                                                                                                                              ; my_dff                            ; work         ;
;       |my_dff:d1|                                                                                                                       ; 0 (0)               ; 1 (1)                     ; 0                 ; 0          ; 0    ; 0            ; |test_top|my_debounce:comb_10|my_dff:d1                                                                                                                                                                                                                                                                                                              ; my_dff                            ; work         ;
;       |my_dff:d2|                                                                                                                       ; 0 (0)               ; 1 (1)                     ; 0                 ; 0          ; 0    ; 0            ; |test_top|my_debounce:comb_10|my_dff:d2                                                                                                                                                                                                                                                                                                              ; my_dff                            ; work         ;
;    |my_debounce:comb_8|                                                                                                                 ; 2 (1)               ; 4 (0)                     ; 0                 ; 0          ; 0    ; 0            ; |test_top|my_debounce:comb_8                                                                                                                                                                                                                                                                                                                         ; my_debounce                       ; work         ;
;       |clock_div:u1|                                                                                                                    ; 0 (0)               ; 1 (1)                     ; 0                 ; 0          ; 0    ; 0            ; |test_top|my_debounce:comb_8|clock_div:u1                                                                                                                                                                                                                                                                                                            ; clock_div                         ; work         ;
;       |my_dff:d0|                                                                                                                       ; 1 (1)               ; 1 (1)                     ; 0                 ; 0          ; 0    ; 0            ; |test_top|my_debounce:comb_8|my_dff:d0                                                                                                                                                                                                                                                                                                               ; my_dff                            ; work         ;
;       |my_dff:d1|                                                                                                                       ; 0 (0)               ; 1 (1)                     ; 0                 ; 0          ; 0    ; 0            ; |test_top|my_debounce:comb_8|my_dff:d1                                                                                                                                                                                                                                                                                                               ; my_dff                            ; work         ;
;       |my_dff:d2|                                                                                                                       ; 0 (0)               ; 1 (1)                     ; 0                 ; 0          ; 0    ; 0            ; |test_top|my_debounce:comb_8|my_dff:d2                                                                                                                                                                                                                                                                                                               ; my_dff                            ; work         ;
;    |sld_hub:auto_hub|                                                                                                                   ; 98 (1)              ; 86 (0)                    ; 0                 ; 0          ; 0    ; 0            ; |test_top|sld_hub:auto_hub                                                                                                                                                                                                                                                                                                                           ; sld_hub                           ; altera_sld   ;
;       |alt_sld_fab_with_jtag_input:\instrumentation_fabric_with_node_gen:fabric_gen_new_way:with_jtag_input_gen:instrumentation_fabric| ; 97 (0)              ; 86 (0)                    ; 0                 ; 0          ; 0    ; 0            ; |test_top|sld_hub:auto_hub|alt_sld_fab_with_jtag_input:\instrumentation_fabric_with_node_gen:fabric_gen_new_way:with_jtag_input_gen:instrumentation_fabric                                                                                                                                                                                           ; alt_sld_fab_with_jtag_input       ; altera_sld   ;
;          |alt_sld_fab:instrumentation_fabric|                                                                                           ; 97 (0)              ; 86 (0)                    ; 0                 ; 0          ; 0    ; 0            ; |test_top|sld_hub:auto_hub|alt_sld_fab_with_jtag_input:\instrumentation_fabric_with_node_gen:fabric_gen_new_way:with_jtag_input_gen:instrumentation_fabric|alt_sld_fab:instrumentation_fabric                                                                                                                                                        ; alt_sld_fab                       ; alt_sld_fab  ;
;             |alt_sld_fab_alt_sld_fab:alt_sld_fab|                                                                                       ; 97 (1)              ; 86 (5)                    ; 0                 ; 0          ; 0    ; 0            ; |test_top|sld_hub:auto_hub|alt_sld_fab_with_jtag_input:\instrumentation_fabric_with_node_gen:fabric_gen_new_way:with_jtag_input_gen:instrumentation_fabric|alt_sld_fab:instrumentation_fabric|alt_sld_fab_alt_sld_fab:alt_sld_fab                                                                                                                    ; alt_sld_fab_alt_sld_fab           ; alt_sld_fab  ;
;                |alt_sld_fab_alt_sld_fab_sldfabric:sldfabric|                                                                            ; 96 (0)              ; 81 (0)                    ; 0                 ; 0          ; 0    ; 0            ; |test_top|sld_hub:auto_hub|alt_sld_fab_with_jtag_input:\instrumentation_fabric_with_node_gen:fabric_gen_new_way:with_jtag_input_gen:instrumentation_fabric|alt_sld_fab:instrumentation_fabric|alt_sld_fab_alt_sld_fab:alt_sld_fab|alt_sld_fab_alt_sld_fab_sldfabric:sldfabric                                                                        ; alt_sld_fab_alt_sld_fab_sldfabric ; alt_sld_fab  ;
;                   |sld_jtag_hub:\jtag_hub_gen:real_sld_jtag_hub|                                                                        ; 96 (63)             ; 81 (53)                   ; 0                 ; 0          ; 0    ; 0            ; |test_top|sld_hub:auto_hub|alt_sld_fab_with_jtag_input:\instrumentation_fabric_with_node_gen:fabric_gen_new_way:with_jtag_input_gen:instrumentation_fabric|alt_sld_fab:instrumentation_fabric|alt_sld_fab_alt_sld_fab:alt_sld_fab|alt_sld_fab_alt_sld_fab_sldfabric:sldfabric|sld_jtag_hub:\jtag_hub_gen:real_sld_jtag_hub                           ; sld_jtag_hub                      ; work         ;
;                      |sld_rom_sr:hub_info_reg|                                                                                          ; 14 (14)             ; 9 (9)                     ; 0                 ; 0          ; 0    ; 0            ; |test_top|sld_hub:auto_hub|alt_sld_fab_with_jtag_input:\instrumentation_fabric_with_node_gen:fabric_gen_new_way:with_jtag_input_gen:instrumentation_fabric|alt_sld_fab:instrumentation_fabric|alt_sld_fab_alt_sld_fab:alt_sld_fab|alt_sld_fab_alt_sld_fab_sldfabric:sldfabric|sld_jtag_hub:\jtag_hub_gen:real_sld_jtag_hub|sld_rom_sr:hub_info_reg   ; sld_rom_sr                        ; work         ;
;                      |sld_shadow_jsm:shadow_jsm|                                                                                        ; 19 (19)             ; 19 (19)                   ; 0                 ; 0          ; 0    ; 0            ; |test_top|sld_hub:auto_hub|alt_sld_fab_with_jtag_input:\instrumentation_fabric_with_node_gen:fabric_gen_new_way:with_jtag_input_gen:instrumentation_fabric|alt_sld_fab:instrumentation_fabric|alt_sld_fab_alt_sld_fab:alt_sld_fab|alt_sld_fab_alt_sld_fab_sldfabric:sldfabric|sld_jtag_hub:\jtag_hub_gen:real_sld_jtag_hub|sld_shadow_jsm:shadow_jsm ; sld_shadow_jsm                    ; altera_sld   ;
;    |top:comb_3|                                                                                                                         ; 1243 (64)           ; 965 (42)                  ; 4096              ; 69         ; 0    ; 0            ; |test_top|top:comb_3                                                                                                                                                                                                                                                                                                                                 ; top                               ; work         ;
;       |alu:comb_21|                                                                                                                     ; 1035 (256)          ; 443 (201)                 ; 0                 ; 69         ; 0    ; 0            ; |test_top|top:comb_3|alu:comb_21                                                                                                                                                                                                                                                                                                                     ; alu                               ; work         ;
;          |matriz_determ2x2:comb_9|                                                                                                      ; 0 (0)               ; 0 (0)                     ; 0                 ; 1          ; 0    ; 0            ; |test_top|top:comb_3|alu:comb_21|matriz_determ2x2:comb_9                                                                                                                                                                                                                                                                                             ; matriz_determ2x2                  ; work         ;
;          |matriz_determ3x3:comb_10|                                                                                                     ; 0 (0)               ; 0 (0)                     ; 0                 ; 5          ; 0    ; 0            ; |test_top|top:comb_3|alu:comb_21|matriz_determ3x3:comb_10                                                                                                                                                                                                                                                                                            ; matriz_determ3x3                  ; work         ;
;          |matriz_determ4x4:comb_11|                                                                                                     ; 116 (116)           ; 46 (46)                   ; 0                 ; 6          ; 0    ; 0            ; |test_top|top:comb_3|alu:comb_21|matriz_determ4x4:comb_11                                                                                                                                                                                                                                                                                            ; matriz_determ4x4                  ; work         ;
;          |matriz_determ5x5:comb_12|                                                                                                     ; 137 (29)            ; 196 (150)                 ; 0                 ; 7          ; 0    ; 0            ; |test_top|top:comb_3|alu:comb_21|matriz_determ5x5:comb_12                                                                                                                                                                                                                                                                                            ; matriz_determ5x5                  ; work         ;
;             |matriz_determ4x4:comb_3|                                                                                                   ; 108 (108)           ; 46 (46)                   ; 0                 ; 6          ; 0    ; 0            ; |test_top|top:comb_3|alu:comb_21|matriz_determ5x5:comb_12|matriz_determ4x4:comb_3                                                                                                                                                                                                                                                                    ; matriz_determ4x4                  ; work         ;
;          |matriz_escalar:comb_8|                                                                                                        ; 0 (0)               ; 0 (0)                     ; 0                 ; 25         ; 0    ; 0            ; |test_top|top:comb_3|alu:comb_21|matriz_escalar:comb_8                                                                                                                                                                                                                                                                                               ; matriz_escalar                    ; work         ;
;          |matriz_multi:comb_5|                                                                                                          ; 226 (226)           ; 0 (0)                     ; 0                 ; 25         ; 0    ; 0            ; |test_top|top:comb_3|alu:comb_21|matriz_multi:comb_5                                                                                                                                                                                                                                                                                                 ; matriz_multi                      ; work         ;
;          |matriz_oposta:comb_7|                                                                                                         ; 40 (40)             ; 0 (0)                     ; 0                 ; 0          ; 0    ; 0            ; |test_top|top:comb_3|alu:comb_21|matriz_oposta:comb_7                                                                                                                                                                                                                                                                                                ; matriz_oposta                     ; work         ;
;          |matriz_soma:comb_3|                                                                                                           ; 40 (40)             ; 0 (0)                     ; 0                 ; 0          ; 0    ; 0            ; |test_top|top:comb_3|alu:comb_21|matriz_soma:comb_3                                                                                                                                                                                                                                                                                                  ; matriz_soma                       ; work         ;
;          |matriz_subtracao:comb_4|                                                                                                      ; 220 (220)           ; 0 (0)                     ; 0                 ; 0          ; 0    ; 0            ; |test_top|top:comb_3|alu:comb_21|matriz_subtracao:comb_4                                                                                                                                                                                                                                                                                             ; matriz_subtracao                  ; work         ;
;       |br:comb_22|                                                                                                                      ; 96 (96)             ; 416 (416)                 ; 0                 ; 0          ; 0    ; 0            ; |test_top|top:comb_3|br:comb_22                                                                                                                                                                                                                                                                                                                      ; br                                ; work         ;
;       |decoder:comb_19|                                                                                                                 ; 8 (8)               ; 0 (0)                     ; 0                 ; 0          ; 0    ; 0            ; |test_top|top:comb_3|decoder:comb_19                                                                                                                                                                                                                                                                                                                 ; decoder                           ; work         ;
;       |memory_mod:comb_20|                                                                                                              ; 40 (4)              ; 64 (19)                   ; 4096              ; 0          ; 0    ; 0            ; |test_top|top:comb_3|memory_mod:comb_20                                                                                                                                                                                                                                                                                                              ; memory_mod                        ; work         ;
;          |ram16bits:comb_3|                                                                                                             ; 36 (0)              ; 45 (0)                    ; 4096              ; 0          ; 0    ; 0            ; |test_top|top:comb_3|memory_mod:comb_20|ram16bits:comb_3                                                                                                                                                                                                                                                                                             ; ram16bits                         ; work         ;
;             |altsyncram:altsyncram_component|                                                                                           ; 36 (0)              ; 45 (0)                    ; 4096              ; 0          ; 0    ; 0            ; |test_top|top:comb_3|memory_mod:comb_20|ram16bits:comb_3|altsyncram:altsyncram_component                                                                                                                                                                                                                                                             ; altsyncram                        ; work         ;
;                |altsyncram_bnn1:auto_generated|                                                                                         ; 36 (0)              ; 45 (0)                    ; 4096              ; 0          ; 0    ; 0            ; |test_top|top:comb_3|memory_mod:comb_20|ram16bits:comb_3|altsyncram:altsyncram_component|altsyncram_bnn1:auto_generated                                                                                                                                                                                                                              ; altsyncram_bnn1                   ; work         ;
;                   |altsyncram_8ud2:altsyncram1|                                                                                         ; 0 (0)               ; 0 (0)                     ; 4096              ; 0          ; 0    ; 0            ; |test_top|top:comb_3|memory_mod:comb_20|ram16bits:comb_3|altsyncram:altsyncram_component|altsyncram_bnn1:auto_generated|altsyncram_8ud2:altsyncram1                                                                                                                                                                                                  ; altsyncram_8ud2                   ; work         ;
;                   |sld_mod_ram_rom:mgl_prim2|                                                                                           ; 36 (24)             ; 45 (37)                   ; 0                 ; 0          ; 0    ; 0            ; |test_top|top:comb_3|memory_mod:comb_20|ram16bits:comb_3|altsyncram:altsyncram_component|altsyncram_bnn1:auto_generated|sld_mod_ram_rom:mgl_prim2                                                                                                                                                                                                    ; sld_mod_ram_rom                   ; work         ;
;                      |sld_rom_sr:\ram_rom_logic_gen:no_name_gen:info_rom_sr|                                                            ; 12 (12)             ; 8 (8)                     ; 0                 ; 0          ; 0    ; 0            ; |test_top|top:comb_3|memory_mod:comb_20|ram16bits:comb_3|altsyncram:altsyncram_component|altsyncram_bnn1:auto_generated|sld_mod_ram_rom:mgl_prim2|sld_rom_sr:\ram_rom_logic_gen:no_name_gen:info_rom_sr                                                                                                                                              ; sld_rom_sr                        ; work         ;
+-----------------------------------------------------------------------------------------------------------------------------------------+---------------------+---------------------------+-------------------+------------+------+--------------+------------------------------------------------------------------------------------------------------------------------------------------------------------------------------------------------------------------------------------------------------------------------------------------------------------------------------------------------------+-----------------------------------+--------------+
Note: For table entries with two numbers listed, the numbers in parentheses indicate the number of resources of the given type used by the specific entity alone. The numbers listed outside of parentheses indicate the total resources of the given type used by the specific entity and all of its sub-entities in the hierarchy.


+---------------------------------------------------------------------------------------------------------------------------------------------------------------------------------------------------------------------------------------------------------------------------------+
; Analysis & Synthesis RAM Summary                                                                                                                                                                                                                                                ;
+------------------------------------------------------------------------------------------------------------------------------------------------------+------+----------------+--------------+--------------+--------------+--------------+-------+------------------------------+
; Name                                                                                                                                                 ; Type ; Mode           ; Port A Depth ; Port A Width ; Port B Depth ; Port B Width ; Size  ; MIF                          ;
+------------------------------------------------------------------------------------------------------------------------------------------------------+------+----------------+--------------+--------------+--------------+--------------+-------+------------------------------+
; altsyncram:Mux1_rtl_0|altsyncram_1d61:auto_generated|ALTSYNCRAM                                                                                      ; AUTO ; ROM            ; 1024         ; 22           ; --           ; --           ; 22528 ; soc_system.test_top0.rtl.mif ;
; top:comb_3|memory_mod:comb_20|ram16bits:comb_3|altsyncram:altsyncram_component|altsyncram_bnn1:auto_generated|altsyncram_8ud2:altsyncram1|ALTSYNCRAM ; AUTO ; True Dual Port ; 256          ; 16           ; 256          ; 16           ; 4096  ; None                         ;
+------------------------------------------------------------------------------------------------------------------------------------------------------+------+----------------+--------------+--------------+--------------+--------------+-------+------------------------------+


+-----------------------------------------------+
; Analysis & Synthesis DSP Block Usage Summary  ;
+---------------------------------+-------------+
; Statistic                       ; Number Used ;
+---------------------------------+-------------+
; Independent 9x9                 ; 30          ;
; Two Independent 18x18           ; 24          ;
; Independent 18x18 plus 36       ; 3           ;
; Sum of two 18x18                ; 13          ;
; Total number of DSP blocks      ; 70          ;
;                                 ;             ;
; Fixed Point Unsigned Multiplier ; 83          ;
+---------------------------------+-------------+


+---------------------------------------------------------------------------------------------------------------------------------------------------------------------------------------------------------------------------------------------------------------------------------------------------------------------------------------------------------------------+
; Analysis & Synthesis IP Cores Summary                                                                                                                                                                                                                                                                                                                               ;
+--------+--------------+---------+--------------+--------------+-------------------------------------------------------------------------------------------------------------------------------------------------------------------------------------------------------------------------------------------------------------------------------+---------------------+
; Vendor ; IP Core Name ; Version ; Release Date ; License Type ; Entity Instance                                                                                                                                                                                                                                                               ; IP Include File     ;
+--------+--------------+---------+--------------+--------------+-------------------------------------------------------------------------------------------------------------------------------------------------------------------------------------------------------------------------------------------------------------------------------+---------------------+
; Altera ; Signal Tap   ; N/A     ; N/A          ; Licensed     ; |test_top|sld_hub:auto_hub|alt_sld_fab_with_jtag_input:\instrumentation_fabric_with_node_gen:fabric_gen_new_way:with_jtag_input_gen:instrumentation_fabric|alt_sld_fab:instrumentation_fabric                                                                                 ;                     ;
; Altera ; Signal Tap   ; N/A     ; N/A          ; Licensed     ; |test_top|sld_hub:auto_hub|alt_sld_fab_with_jtag_input:\instrumentation_fabric_with_node_gen:fabric_gen_new_way:with_jtag_input_gen:instrumentation_fabric|alt_sld_fab:instrumentation_fabric|alt_sld_fab_alt_sld_fab:alt_sld_fab                                             ;                     ;
; Altera ; Signal Tap   ; N/A     ; N/A          ; Licensed     ; |test_top|sld_hub:auto_hub|alt_sld_fab_with_jtag_input:\instrumentation_fabric_with_node_gen:fabric_gen_new_way:with_jtag_input_gen:instrumentation_fabric|alt_sld_fab:instrumentation_fabric|alt_sld_fab_alt_sld_fab:alt_sld_fab|alt_sld_fab_alt_sld_fab_presplit:presplit   ;                     ;
; Altera ; Signal Tap   ; N/A     ; N/A          ; Licensed     ; |test_top|sld_hub:auto_hub|alt_sld_fab_with_jtag_input:\instrumentation_fabric_with_node_gen:fabric_gen_new_way:with_jtag_input_gen:instrumentation_fabric|alt_sld_fab:instrumentation_fabric|alt_sld_fab_alt_sld_fab:alt_sld_fab|alt_sld_fab_alt_sld_fab_sldfabric:sldfabric ;                     ;
; Altera ; Signal Tap   ; N/A     ; N/A          ; Licensed     ; |test_top|sld_hub:auto_hub|alt_sld_fab_with_jtag_input:\instrumentation_fabric_with_node_gen:fabric_gen_new_way:with_jtag_input_gen:instrumentation_fabric|alt_sld_fab:instrumentation_fabric|alt_sld_fab_alt_sld_fab:alt_sld_fab|alt_sld_fab_alt_sld_fab_splitter:splitter   ;                     ;
; Altera ; RAM: 1-PORT  ; 23.1    ; N/A          ; N/A          ; |test_top|top:comb_3|memory_mod:comb_20|ram16bits:comb_3                                                                                                                                                                                                                      ; memoria/ram16bits.v ;
+--------+--------------+---------+--------------+--------------+-------------------------------------------------------------------------------------------------------------------------------------------------------------------------------------------------------------------------------------------------------------------------------+---------------------+


Encoding Type:  One-Hot
+---------------------------------------------------------------------------+
; State Machine - |test_top|top:comb_3|state                                ;
+---------------+-------------+--------------+---------------+--------------+
; Name          ; state.FETCH ; state.MEMORY ; state.EXECUTE ; state.DECODE ;
+---------------+-------------+--------------+---------------+--------------+
; state.FETCH   ; 0           ; 0            ; 0             ; 0            ;
; state.DECODE  ; 1           ; 0            ; 0             ; 1            ;
; state.EXECUTE ; 1           ; 0            ; 1             ; 0            ;
; state.MEMORY  ; 1           ; 1            ; 0             ; 0            ;
+---------------+-------------+--------------+---------------+--------------+


+-----------------------------------------------------------------------------------------------------------------------------------------------------------------------------------------------------------------------------------+
; Registers Removed During Synthesis                                                                                                                                                                                                ;
+------------------------------------------------------------------------------------------------------------------------------------------------------------------------+----------------------------------------------------------+
; Register name                                                                                                                                                          ; Reason for Removal                                       ;
+------------------------------------------------------------------------------------------------------------------------------------------------------------------------+----------------------------------------------------------+
; top:comb_3|count_mem[6,7]                                                                                                                                              ; Stuck at GND due to stuck port data_in                   ;
; top:comb_3|fetched_instruction[22..27]                                                                                                                                 ; Stuck at GND due to stuck port data_in                   ;
; top:comb_3|alu:comb_21|matriz_determ5x5:comb_12|matrix_temp[32..39]                                                                                                    ; Stuck at GND due to stuck port data_in                   ;
; top:comb_3|alu:comb_21|matriz_determ5x5:comb_12|matriz_determ4x4:comb_3|tp[0][16]                                                                                      ; Stuck at GND due to stuck port data_in                   ;
; top:comb_3|alu:comb_21|matriz_determ5x5:comb_12|matriz_determ4x4:comb_3|tp[0][17]                                                                                      ; Stuck at GND due to stuck port data_in                   ;
; top:comb_3|alu:comb_21|matriz_determ5x5:comb_12|matriz_determ4x4:comb_3|tp[0][18]                                                                                      ; Stuck at GND due to stuck port data_in                   ;
; top:comb_3|alu:comb_21|matriz_determ5x5:comb_12|matriz_determ4x4:comb_3|tp[0][19]                                                                                      ; Stuck at GND due to stuck port data_in                   ;
; top:comb_3|alu:comb_21|matriz_determ5x5:comb_12|matriz_determ4x4:comb_3|tp[0][20]                                                                                      ; Stuck at GND due to stuck port data_in                   ;
; top:comb_3|alu:comb_21|matriz_determ5x5:comb_12|matriz_determ4x4:comb_3|tp[0][21]                                                                                      ; Stuck at GND due to stuck port data_in                   ;
; top:comb_3|alu:comb_21|matriz_determ5x5:comb_12|matriz_determ4x4:comb_3|tp[0][22]                                                                                      ; Stuck at GND due to stuck port data_in                   ;
; top:comb_3|alu:comb_21|matriz_determ5x5:comb_12|matriz_determ4x4:comb_3|tp[0][23]                                                                                      ; Stuck at GND due to stuck port data_in                   ;
; top:comb_3|alu:comb_21|matriz_determ5x5:comb_12|matriz_determ4x4:comb_3|tp[0][24]                                                                                      ; Stuck at GND due to stuck port data_in                   ;
; top:comb_3|alu:comb_21|matriz_determ5x5:comb_12|matriz_determ4x4:comb_3|tp[0][25]                                                                                      ; Stuck at GND due to stuck port data_in                   ;
; top:comb_3|alu:comb_21|matriz_determ5x5:comb_12|matriz_determ4x4:comb_3|tp[0][26]                                                                                      ; Stuck at GND due to stuck port data_in                   ;
; top:comb_3|alu:comb_21|matriz_determ5x5:comb_12|matriz_determ4x4:comb_3|tp[0][27]                                                                                      ; Stuck at GND due to stuck port data_in                   ;
; top:comb_3|alu:comb_21|matriz_determ5x5:comb_12|matriz_determ4x4:comb_3|tp[0][28]                                                                                      ; Stuck at GND due to stuck port data_in                   ;
; top:comb_3|alu:comb_21|matriz_determ5x5:comb_12|matriz_determ4x4:comb_3|tp[0][29]                                                                                      ; Stuck at GND due to stuck port data_in                   ;
; top:comb_3|alu:comb_21|matriz_determ5x5:comb_12|matriz_determ4x4:comb_3|tp[0][30]                                                                                      ; Stuck at GND due to stuck port data_in                   ;
; top:comb_3|alu:comb_21|matriz_determ5x5:comb_12|matriz_determ4x4:comb_3|tp[0][31]                                                                                      ; Stuck at GND due to stuck port data_in                   ;
; top:comb_3|alu:comb_21|matriz_determ5x5:comb_12|matriz_determ4x4:comb_3|tp[1][16]                                                                                      ; Stuck at GND due to stuck port data_in                   ;
; top:comb_3|alu:comb_21|matriz_determ5x5:comb_12|matriz_determ4x4:comb_3|tp[1][17]                                                                                      ; Stuck at GND due to stuck port data_in                   ;
; top:comb_3|alu:comb_21|matriz_determ5x5:comb_12|matriz_determ4x4:comb_3|tp[1][18]                                                                                      ; Stuck at GND due to stuck port data_in                   ;
; top:comb_3|alu:comb_21|matriz_determ5x5:comb_12|matriz_determ4x4:comb_3|tp[1][19]                                                                                      ; Stuck at GND due to stuck port data_in                   ;
; top:comb_3|alu:comb_21|matriz_determ5x5:comb_12|matriz_determ4x4:comb_3|tp[1][20]                                                                                      ; Stuck at GND due to stuck port data_in                   ;
; top:comb_3|alu:comb_21|matriz_determ5x5:comb_12|matriz_determ4x4:comb_3|tp[1][21]                                                                                      ; Stuck at GND due to stuck port data_in                   ;
; top:comb_3|alu:comb_21|matriz_determ5x5:comb_12|matriz_determ4x4:comb_3|tp[1][22]                                                                                      ; Stuck at GND due to stuck port data_in                   ;
; top:comb_3|alu:comb_21|matriz_determ5x5:comb_12|matriz_determ4x4:comb_3|tp[1][23]                                                                                      ; Stuck at GND due to stuck port data_in                   ;
; top:comb_3|alu:comb_21|matriz_determ5x5:comb_12|matriz_determ4x4:comb_3|tp[1][24]                                                                                      ; Stuck at GND due to stuck port data_in                   ;
; top:comb_3|alu:comb_21|matriz_determ5x5:comb_12|matriz_determ4x4:comb_3|tp[1][25]                                                                                      ; Stuck at GND due to stuck port data_in                   ;
; top:comb_3|alu:comb_21|matriz_determ5x5:comb_12|matriz_determ4x4:comb_3|tp[1][26]                                                                                      ; Stuck at GND due to stuck port data_in                   ;
; top:comb_3|alu:comb_21|matriz_determ5x5:comb_12|matriz_determ4x4:comb_3|tp[1][27]                                                                                      ; Stuck at GND due to stuck port data_in                   ;
; top:comb_3|alu:comb_21|matriz_determ5x5:comb_12|matriz_determ4x4:comb_3|tp[1][28]                                                                                      ; Stuck at GND due to stuck port data_in                   ;
; top:comb_3|alu:comb_21|matriz_determ5x5:comb_12|matriz_determ4x4:comb_3|tp[1][29]                                                                                      ; Stuck at GND due to stuck port data_in                   ;
; top:comb_3|alu:comb_21|matriz_determ5x5:comb_12|matriz_determ4x4:comb_3|tp[1][30]                                                                                      ; Stuck at GND due to stuck port data_in                   ;
; top:comb_3|alu:comb_21|matriz_determ5x5:comb_12|matriz_determ4x4:comb_3|tp[1][31]                                                                                      ; Stuck at GND due to stuck port data_in                   ;
; top:comb_3|alu:comb_21|matriz_determ5x5:comb_12|matriz_determ4x4:comb_3|tp[2][16]                                                                                      ; Stuck at GND due to stuck port data_in                   ;
; top:comb_3|alu:comb_21|matriz_determ5x5:comb_12|matriz_determ4x4:comb_3|tp[2][17]                                                                                      ; Stuck at GND due to stuck port data_in                   ;
; top:comb_3|alu:comb_21|matriz_determ5x5:comb_12|matriz_determ4x4:comb_3|tp[2][18]                                                                                      ; Stuck at GND due to stuck port data_in                   ;
; top:comb_3|alu:comb_21|matriz_determ5x5:comb_12|matriz_determ4x4:comb_3|tp[2][19]                                                                                      ; Stuck at GND due to stuck port data_in                   ;
; top:comb_3|alu:comb_21|matriz_determ5x5:comb_12|matriz_determ4x4:comb_3|tp[2][20]                                                                                      ; Stuck at GND due to stuck port data_in                   ;
; top:comb_3|alu:comb_21|matriz_determ5x5:comb_12|matriz_determ4x4:comb_3|tp[2][21]                                                                                      ; Stuck at GND due to stuck port data_in                   ;
; top:comb_3|alu:comb_21|matriz_determ5x5:comb_12|matriz_determ4x4:comb_3|tp[2][22]                                                                                      ; Stuck at GND due to stuck port data_in                   ;
; top:comb_3|alu:comb_21|matriz_determ5x5:comb_12|matriz_determ4x4:comb_3|tp[2][23]                                                                                      ; Stuck at GND due to stuck port data_in                   ;
; top:comb_3|alu:comb_21|matriz_determ5x5:comb_12|matriz_determ4x4:comb_3|tp[2][24]                                                                                      ; Stuck at GND due to stuck port data_in                   ;
; top:comb_3|alu:comb_21|matriz_determ5x5:comb_12|matriz_determ4x4:comb_3|tp[2][25]                                                                                      ; Stuck at GND due to stuck port data_in                   ;
; top:comb_3|alu:comb_21|matriz_determ5x5:comb_12|matriz_determ4x4:comb_3|tp[2][26]                                                                                      ; Stuck at GND due to stuck port data_in                   ;
; top:comb_3|alu:comb_21|matriz_determ5x5:comb_12|matriz_determ4x4:comb_3|tp[2][27]                                                                                      ; Stuck at GND due to stuck port data_in                   ;
; top:comb_3|alu:comb_21|matriz_determ5x5:comb_12|matriz_determ4x4:comb_3|tp[2][28]                                                                                      ; Stuck at GND due to stuck port data_in                   ;
; top:comb_3|alu:comb_21|matriz_determ5x5:comb_12|matriz_determ4x4:comb_3|tp[2][29]                                                                                      ; Stuck at GND due to stuck port data_in                   ;
; top:comb_3|alu:comb_21|matriz_determ5x5:comb_12|matriz_determ4x4:comb_3|tp[2][30]                                                                                      ; Stuck at GND due to stuck port data_in                   ;
; top:comb_3|alu:comb_21|matriz_determ5x5:comb_12|matriz_determ4x4:comb_3|tp[2][31]                                                                                      ; Stuck at GND due to stuck port data_in                   ;
; top:comb_3|alu:comb_21|matriz_determ5x5:comb_12|matriz_determ4x4:comb_3|tp[3][16]                                                                                      ; Stuck at GND due to stuck port data_in                   ;
; top:comb_3|alu:comb_21|matriz_determ5x5:comb_12|matriz_determ4x4:comb_3|tp[3][17]                                                                                      ; Stuck at GND due to stuck port data_in                   ;
; top:comb_3|alu:comb_21|matriz_determ5x5:comb_12|matriz_determ4x4:comb_3|tp[3][18]                                                                                      ; Stuck at GND due to stuck port data_in                   ;
; top:comb_3|alu:comb_21|matriz_determ5x5:comb_12|matriz_determ4x4:comb_3|tp[3][19]                                                                                      ; Stuck at GND due to stuck port data_in                   ;
; top:comb_3|alu:comb_21|matriz_determ5x5:comb_12|matriz_determ4x4:comb_3|tp[3][20]                                                                                      ; Stuck at GND due to stuck port data_in                   ;
; top:comb_3|alu:comb_21|matriz_determ5x5:comb_12|matriz_determ4x4:comb_3|tp[3][21]                                                                                      ; Stuck at GND due to stuck port data_in                   ;
; top:comb_3|alu:comb_21|matriz_determ5x5:comb_12|matriz_determ4x4:comb_3|tp[3][22]                                                                                      ; Stuck at GND due to stuck port data_in                   ;
; top:comb_3|alu:comb_21|matriz_determ5x5:comb_12|matriz_determ4x4:comb_3|tp[3][23]                                                                                      ; Stuck at GND due to stuck port data_in                   ;
; top:comb_3|alu:comb_21|matriz_determ5x5:comb_12|matriz_determ4x4:comb_3|tp[3][24]                                                                                      ; Stuck at GND due to stuck port data_in                   ;
; top:comb_3|alu:comb_21|matriz_determ5x5:comb_12|matriz_determ4x4:comb_3|tp[3][25]                                                                                      ; Stuck at GND due to stuck port data_in                   ;
; top:comb_3|alu:comb_21|matriz_determ5x5:comb_12|matriz_determ4x4:comb_3|tp[3][26]                                                                                      ; Stuck at GND due to stuck port data_in                   ;
; top:comb_3|alu:comb_21|matriz_determ5x5:comb_12|matriz_determ4x4:comb_3|tp[3][27]                                                                                      ; Stuck at GND due to stuck port data_in                   ;
; top:comb_3|alu:comb_21|matriz_determ5x5:comb_12|matriz_determ4x4:comb_3|tp[3][28]                                                                                      ; Stuck at GND due to stuck port data_in                   ;
; top:comb_3|alu:comb_21|matriz_determ5x5:comb_12|matriz_determ4x4:comb_3|tp[3][29]                                                                                      ; Stuck at GND due to stuck port data_in                   ;
; top:comb_3|alu:comb_21|matriz_determ5x5:comb_12|matriz_determ4x4:comb_3|tp[3][30]                                                                                      ; Stuck at GND due to stuck port data_in                   ;
; top:comb_3|alu:comb_21|matriz_determ5x5:comb_12|matriz_determ4x4:comb_3|tp[3][31]                                                                                      ; Stuck at GND due to stuck port data_in                   ;
; top:comb_3|alu:comb_21|matriz_determ4x4:comb_11|tp[0][16]                                                                                                              ; Stuck at GND due to stuck port data_in                   ;
; top:comb_3|alu:comb_21|matriz_determ4x4:comb_11|tp[0][17]                                                                                                              ; Stuck at GND due to stuck port data_in                   ;
; top:comb_3|alu:comb_21|matriz_determ4x4:comb_11|tp[0][18]                                                                                                              ; Stuck at GND due to stuck port data_in                   ;
; top:comb_3|alu:comb_21|matriz_determ4x4:comb_11|tp[0][19]                                                                                                              ; Stuck at GND due to stuck port data_in                   ;
; top:comb_3|alu:comb_21|matriz_determ4x4:comb_11|tp[0][20]                                                                                                              ; Stuck at GND due to stuck port data_in                   ;
; top:comb_3|alu:comb_21|matriz_determ4x4:comb_11|tp[0][21]                                                                                                              ; Stuck at GND due to stuck port data_in                   ;
; top:comb_3|alu:comb_21|matriz_determ4x4:comb_11|tp[0][22]                                                                                                              ; Stuck at GND due to stuck port data_in                   ;
; top:comb_3|alu:comb_21|matriz_determ4x4:comb_11|tp[0][23]                                                                                                              ; Stuck at GND due to stuck port data_in                   ;
; top:comb_3|alu:comb_21|matriz_determ4x4:comb_11|tp[0][24]                                                                                                              ; Stuck at GND due to stuck port data_in                   ;
; top:comb_3|alu:comb_21|matriz_determ4x4:comb_11|tp[0][25]                                                                                                              ; Stuck at GND due to stuck port data_in                   ;
; top:comb_3|alu:comb_21|matriz_determ4x4:comb_11|tp[0][26]                                                                                                              ; Stuck at GND due to stuck port data_in                   ;
; top:comb_3|alu:comb_21|matriz_determ4x4:comb_11|tp[0][27]                                                                                                              ; Stuck at GND due to stuck port data_in                   ;
; top:comb_3|alu:comb_21|matriz_determ4x4:comb_11|tp[0][28]                                                                                                              ; Stuck at GND due to stuck port data_in                   ;
; top:comb_3|alu:comb_21|matriz_determ4x4:comb_11|tp[0][29]                                                                                                              ; Stuck at GND due to stuck port data_in                   ;
; top:comb_3|alu:comb_21|matriz_determ4x4:comb_11|tp[0][30]                                                                                                              ; Stuck at GND due to stuck port data_in                   ;
; top:comb_3|alu:comb_21|matriz_determ4x4:comb_11|tp[0][31]                                                                                                              ; Stuck at GND due to stuck port data_in                   ;
; top:comb_3|alu:comb_21|matriz_determ4x4:comb_11|tp[1][16]                                                                                                              ; Stuck at GND due to stuck port data_in                   ;
; top:comb_3|alu:comb_21|matriz_determ4x4:comb_11|tp[1][17]                                                                                                              ; Stuck at GND due to stuck port data_in                   ;
; top:comb_3|alu:comb_21|matriz_determ4x4:comb_11|tp[1][18]                                                                                                              ; Stuck at GND due to stuck port data_in                   ;
; top:comb_3|alu:comb_21|matriz_determ4x4:comb_11|tp[1][19]                                                                                                              ; Stuck at GND due to stuck port data_in                   ;
; top:comb_3|alu:comb_21|matriz_determ4x4:comb_11|tp[1][20]                                                                                                              ; Stuck at GND due to stuck port data_in                   ;
; top:comb_3|alu:comb_21|matriz_determ4x4:comb_11|tp[1][21]                                                                                                              ; Stuck at GND due to stuck port data_in                   ;
; top:comb_3|alu:comb_21|matriz_determ4x4:comb_11|tp[1][22]                                                                                                              ; Stuck at GND due to stuck port data_in                   ;
; top:comb_3|alu:comb_21|matriz_determ4x4:comb_11|tp[1][23]                                                                                                              ; Stuck at GND due to stuck port data_in                   ;
; top:comb_3|alu:comb_21|matriz_determ4x4:comb_11|tp[1][24]                                                                                                              ; Stuck at GND due to stuck port data_in                   ;
; top:comb_3|alu:comb_21|matriz_determ4x4:comb_11|tp[1][25]                                                                                                              ; Stuck at GND due to stuck port data_in                   ;
; top:comb_3|alu:comb_21|matriz_determ4x4:comb_11|tp[1][26]                                                                                                              ; Stuck at GND due to stuck port data_in                   ;
; top:comb_3|alu:comb_21|matriz_determ4x4:comb_11|tp[1][27]                                                                                                              ; Stuck at GND due to stuck port data_in                   ;
; top:comb_3|alu:comb_21|matriz_determ4x4:comb_11|tp[1][28]                                                                                                              ; Stuck at GND due to stuck port data_in                   ;
; top:comb_3|alu:comb_21|matriz_determ4x4:comb_11|tp[1][29]                                                                                                              ; Stuck at GND due to stuck port data_in                   ;
; top:comb_3|alu:comb_21|matriz_determ4x4:comb_11|tp[1][30]                                                                                                              ; Stuck at GND due to stuck port data_in                   ;
; top:comb_3|alu:comb_21|matriz_determ4x4:comb_11|tp[1][31]                                                                                                              ; Stuck at GND due to stuck port data_in                   ;
; top:comb_3|alu:comb_21|matriz_determ4x4:comb_11|tp[2][16]                                                                                                              ; Stuck at GND due to stuck port data_in                   ;
; top:comb_3|alu:comb_21|matriz_determ4x4:comb_11|tp[2][17]                                                                                                              ; Stuck at GND due to stuck port data_in                   ;
; top:comb_3|alu:comb_21|matriz_determ4x4:comb_11|tp[2][18]                                                                                                              ; Stuck at GND due to stuck port data_in                   ;
; top:comb_3|alu:comb_21|matriz_determ4x4:comb_11|tp[2][19]                                                                                                              ; Stuck at GND due to stuck port data_in                   ;
; top:comb_3|alu:comb_21|matriz_determ4x4:comb_11|tp[2][20]                                                                                                              ; Stuck at GND due to stuck port data_in                   ;
; top:comb_3|alu:comb_21|matriz_determ4x4:comb_11|tp[2][21]                                                                                                              ; Stuck at GND due to stuck port data_in                   ;
; top:comb_3|alu:comb_21|matriz_determ4x4:comb_11|tp[2][22]                                                                                                              ; Stuck at GND due to stuck port data_in                   ;
; top:comb_3|alu:comb_21|matriz_determ4x4:comb_11|tp[2][23]                                                                                                              ; Stuck at GND due to stuck port data_in                   ;
; top:comb_3|alu:comb_21|matriz_determ4x4:comb_11|tp[2][24]                                                                                                              ; Stuck at GND due to stuck port data_in                   ;
; top:comb_3|alu:comb_21|matriz_determ4x4:comb_11|tp[2][25]                                                                                                              ; Stuck at GND due to stuck port data_in                   ;
; top:comb_3|alu:comb_21|matriz_determ4x4:comb_11|tp[2][26]                                                                                                              ; Stuck at GND due to stuck port data_in                   ;
; top:comb_3|alu:comb_21|matriz_determ4x4:comb_11|tp[2][27]                                                                                                              ; Stuck at GND due to stuck port data_in                   ;
; top:comb_3|alu:comb_21|matriz_determ4x4:comb_11|tp[2][28]                                                                                                              ; Stuck at GND due to stuck port data_in                   ;
; top:comb_3|alu:comb_21|matriz_determ4x4:comb_11|tp[2][29]                                                                                                              ; Stuck at GND due to stuck port data_in                   ;
; top:comb_3|alu:comb_21|matriz_determ4x4:comb_11|tp[2][30]                                                                                                              ; Stuck at GND due to stuck port data_in                   ;
; top:comb_3|alu:comb_21|matriz_determ4x4:comb_11|tp[2][31]                                                                                                              ; Stuck at GND due to stuck port data_in                   ;
; top:comb_3|alu:comb_21|matriz_determ4x4:comb_11|tp[3][16]                                                                                                              ; Stuck at GND due to stuck port data_in                   ;
; top:comb_3|alu:comb_21|matriz_determ4x4:comb_11|tp[3][17]                                                                                                              ; Stuck at GND due to stuck port data_in                   ;
; top:comb_3|alu:comb_21|matriz_determ4x4:comb_11|tp[3][18]                                                                                                              ; Stuck at GND due to stuck port data_in                   ;
; top:comb_3|alu:comb_21|matriz_determ4x4:comb_11|tp[3][19]                                                                                                              ; Stuck at GND due to stuck port data_in                   ;
; top:comb_3|alu:comb_21|matriz_determ4x4:comb_11|tp[3][20]                                                                                                              ; Stuck at GND due to stuck port data_in                   ;
; top:comb_3|alu:comb_21|matriz_determ4x4:comb_11|tp[3][21]                                                                                                              ; Stuck at GND due to stuck port data_in                   ;
; top:comb_3|alu:comb_21|matriz_determ4x4:comb_11|tp[3][22]                                                                                                              ; Stuck at GND due to stuck port data_in                   ;
; top:comb_3|alu:comb_21|matriz_determ4x4:comb_11|tp[3][23]                                                                                                              ; Stuck at GND due to stuck port data_in                   ;
; top:comb_3|alu:comb_21|matriz_determ4x4:comb_11|tp[3][24]                                                                                                              ; Stuck at GND due to stuck port data_in                   ;
; top:comb_3|alu:comb_21|matriz_determ4x4:comb_11|tp[3][25]                                                                                                              ; Stuck at GND due to stuck port data_in                   ;
; top:comb_3|alu:comb_21|matriz_determ4x4:comb_11|tp[3][26]                                                                                                              ; Stuck at GND due to stuck port data_in                   ;
; top:comb_3|alu:comb_21|matriz_determ4x4:comb_11|tp[3][27]                                                                                                              ; Stuck at GND due to stuck port data_in                   ;
; top:comb_3|alu:comb_21|matriz_determ4x4:comb_11|tp[3][28]                                                                                                              ; Stuck at GND due to stuck port data_in                   ;
; top:comb_3|alu:comb_21|matriz_determ4x4:comb_11|tp[3][29]                                                                                                              ; Stuck at GND due to stuck port data_in                   ;
; top:comb_3|alu:comb_21|matriz_determ4x4:comb_11|tp[3][30]                                                                                                              ; Stuck at GND due to stuck port data_in                   ;
; top:comb_3|alu:comb_21|matriz_determ4x4:comb_11|tp[3][31]                                                                                                              ; Stuck at GND due to stuck port data_in                   ;
; top:comb_3|alu:comb_21|matriz_determ5x5:comb_12|matriz_determ4x4:comb_3|tp[2][15]                                                                                      ; Lost fanout                                              ;
; top:comb_3|alu:comb_21|matriz_determ5x5:comb_12|matriz_determ4x4:comb_3|tp[2][14]                                                                                      ; Lost fanout                                              ;
; top:comb_3|alu:comb_21|matriz_determ5x5:comb_12|matriz_determ4x4:comb_3|tp[2][13]                                                                                      ; Lost fanout                                              ;
; top:comb_3|alu:comb_21|matriz_determ5x5:comb_12|matriz_determ4x4:comb_3|tp[2][12]                                                                                      ; Lost fanout                                              ;
; top:comb_3|alu:comb_21|matriz_determ5x5:comb_12|matriz_determ4x4:comb_3|tp[2][11]                                                                                      ; Lost fanout                                              ;
; top:comb_3|alu:comb_21|matriz_determ5x5:comb_12|matriz_determ4x4:comb_3|tp[2][10]                                                                                      ; Lost fanout                                              ;
; top:comb_3|alu:comb_21|matriz_determ5x5:comb_12|matriz_determ4x4:comb_3|tp[2][9]                                                                                       ; Lost fanout                                              ;
; top:comb_3|alu:comb_21|matriz_determ5x5:comb_12|matriz_determ4x4:comb_3|tp[2][8]                                                                                       ; Lost fanout                                              ;
; top:comb_3|alu:comb_21|matriz_determ5x5:comb_12|matriz_determ4x4:comb_3|tp[3][8]                                                                                       ; Lost fanout                                              ;
; top:comb_3|alu:comb_21|matriz_determ5x5:comb_12|matriz_determ4x4:comb_3|tp[3][9]                                                                                       ; Lost fanout                                              ;
; top:comb_3|alu:comb_21|matriz_determ5x5:comb_12|matriz_determ4x4:comb_3|tp[3][10]                                                                                      ; Lost fanout                                              ;
; top:comb_3|alu:comb_21|matriz_determ5x5:comb_12|matriz_determ4x4:comb_3|tp[3][11]                                                                                      ; Lost fanout                                              ;
; top:comb_3|alu:comb_21|matriz_determ5x5:comb_12|matriz_determ4x4:comb_3|tp[3][12]                                                                                      ; Lost fanout                                              ;
; top:comb_3|alu:comb_21|matriz_determ5x5:comb_12|matriz_determ4x4:comb_3|tp[3][13]                                                                                      ; Lost fanout                                              ;
; top:comb_3|alu:comb_21|matriz_determ5x5:comb_12|matriz_determ4x4:comb_3|tp[3][14]                                                                                      ; Lost fanout                                              ;
; top:comb_3|alu:comb_21|matriz_determ5x5:comb_12|matriz_determ4x4:comb_3|tp[3][15]                                                                                      ; Lost fanout                                              ;
; top:comb_3|alu:comb_21|matriz_determ4x4:comb_11|tp[2][15]                                                                                                              ; Lost fanout                                              ;
; top:comb_3|alu:comb_21|matriz_determ4x4:comb_11|tp[2][14]                                                                                                              ; Lost fanout                                              ;
; top:comb_3|alu:comb_21|matriz_determ4x4:comb_11|tp[2][13]                                                                                                              ; Lost fanout                                              ;
; top:comb_3|alu:comb_21|matriz_determ4x4:comb_11|tp[2][12]                                                                                                              ; Lost fanout                                              ;
; top:comb_3|alu:comb_21|matriz_determ4x4:comb_11|tp[2][11]                                                                                                              ; Lost fanout                                              ;
; top:comb_3|alu:comb_21|matriz_determ4x4:comb_11|tp[2][10]                                                                                                              ; Lost fanout                                              ;
; top:comb_3|alu:comb_21|matriz_determ4x4:comb_11|tp[2][9]                                                                                                               ; Lost fanout                                              ;
; top:comb_3|alu:comb_21|matriz_determ4x4:comb_11|tp[2][8]                                                                                                               ; Lost fanout                                              ;
; top:comb_3|alu:comb_21|matriz_determ4x4:comb_11|tp[3][8]                                                                                                               ; Lost fanout                                              ;
; top:comb_3|alu:comb_21|matriz_determ4x4:comb_11|tp[3][9]                                                                                                               ; Lost fanout                                              ;
; top:comb_3|alu:comb_21|matriz_determ4x4:comb_11|tp[3][10]                                                                                                              ; Lost fanout                                              ;
; top:comb_3|alu:comb_21|matriz_determ4x4:comb_11|tp[3][11]                                                                                                              ; Lost fanout                                              ;
; top:comb_3|alu:comb_21|matriz_determ4x4:comb_11|tp[3][12]                                                                                                              ; Lost fanout                                              ;
; top:comb_3|alu:comb_21|matriz_determ4x4:comb_11|tp[3][13]                                                                                                              ; Lost fanout                                              ;
; top:comb_3|alu:comb_21|matriz_determ4x4:comb_11|tp[3][14]                                                                                                              ; Lost fanout                                              ;
; top:comb_3|alu:comb_21|matriz_determ4x4:comb_11|tp[3][15]                                                                                                              ; Lost fanout                                              ;
; top:comb_3|alu:comb_21|matriz_determ5x5:comb_12|matriz_determ4x4:comb_3|tp[0][15]                                                                                      ; Lost fanout                                              ;
; top:comb_3|alu:comb_21|matriz_determ5x5:comb_12|matriz_determ4x4:comb_3|tp[0][14]                                                                                      ; Lost fanout                                              ;
; top:comb_3|alu:comb_21|matriz_determ5x5:comb_12|matriz_determ4x4:comb_3|tp[0][13]                                                                                      ; Lost fanout                                              ;
; top:comb_3|alu:comb_21|matriz_determ5x5:comb_12|matriz_determ4x4:comb_3|tp[0][12]                                                                                      ; Lost fanout                                              ;
; top:comb_3|alu:comb_21|matriz_determ5x5:comb_12|matriz_determ4x4:comb_3|tp[0][11]                                                                                      ; Lost fanout                                              ;
; top:comb_3|alu:comb_21|matriz_determ5x5:comb_12|matriz_determ4x4:comb_3|tp[0][10]                                                                                      ; Lost fanout                                              ;
; top:comb_3|alu:comb_21|matriz_determ5x5:comb_12|matriz_determ4x4:comb_3|tp[0][9]                                                                                       ; Lost fanout                                              ;
; top:comb_3|alu:comb_21|matriz_determ5x5:comb_12|matriz_determ4x4:comb_3|tp[0][8]                                                                                       ; Lost fanout                                              ;
; top:comb_3|alu:comb_21|matriz_determ5x5:comb_12|matriz_determ4x4:comb_3|tp[1][8]                                                                                       ; Lost fanout                                              ;
; top:comb_3|alu:comb_21|matriz_determ5x5:comb_12|matriz_determ4x4:comb_3|tp[1][9]                                                                                       ; Lost fanout                                              ;
; top:comb_3|alu:comb_21|matriz_determ5x5:comb_12|matriz_determ4x4:comb_3|tp[1][10]                                                                                      ; Lost fanout                                              ;
; top:comb_3|alu:comb_21|matriz_determ5x5:comb_12|matriz_determ4x4:comb_3|tp[1][11]                                                                                      ; Lost fanout                                              ;
; top:comb_3|alu:comb_21|matriz_determ5x5:comb_12|matriz_determ4x4:comb_3|tp[1][12]                                                                                      ; Lost fanout                                              ;
; top:comb_3|alu:comb_21|matriz_determ5x5:comb_12|matriz_determ4x4:comb_3|tp[1][13]                                                                                      ; Lost fanout                                              ;
; top:comb_3|alu:comb_21|matriz_determ5x5:comb_12|matriz_determ4x4:comb_3|tp[1][14]                                                                                      ; Lost fanout                                              ;
; top:comb_3|alu:comb_21|matriz_determ5x5:comb_12|matriz_determ4x4:comb_3|tp[1][15]                                                                                      ; Lost fanout                                              ;
; top:comb_3|alu:comb_21|matriz_determ4x4:comb_11|tp[0][15]                                                                                                              ; Lost fanout                                              ;
; top:comb_3|alu:comb_21|matriz_determ4x4:comb_11|tp[0][14]                                                                                                              ; Lost fanout                                              ;
; top:comb_3|alu:comb_21|matriz_determ4x4:comb_11|tp[0][13]                                                                                                              ; Lost fanout                                              ;
; top:comb_3|alu:comb_21|matriz_determ4x4:comb_11|tp[0][12]                                                                                                              ; Lost fanout                                              ;
; top:comb_3|alu:comb_21|matriz_determ4x4:comb_11|tp[0][11]                                                                                                              ; Lost fanout                                              ;
; top:comb_3|alu:comb_21|matriz_determ4x4:comb_11|tp[0][10]                                                                                                              ; Lost fanout                                              ;
; top:comb_3|alu:comb_21|matriz_determ4x4:comb_11|tp[0][9]                                                                                                               ; Lost fanout                                              ;
; top:comb_3|alu:comb_21|matriz_determ4x4:comb_11|tp[0][8]                                                                                                               ; Lost fanout                                              ;
; top:comb_3|alu:comb_21|matriz_determ4x4:comb_11|tp[1][8]                                                                                                               ; Lost fanout                                              ;
; top:comb_3|alu:comb_21|matriz_determ4x4:comb_11|tp[1][9]                                                                                                               ; Lost fanout                                              ;
; top:comb_3|alu:comb_21|matriz_determ4x4:comb_11|tp[1][10]                                                                                                              ; Lost fanout                                              ;
; top:comb_3|alu:comb_21|matriz_determ4x4:comb_11|tp[1][11]                                                                                                              ; Lost fanout                                              ;
; top:comb_3|alu:comb_21|matriz_determ4x4:comb_11|tp[1][12]                                                                                                              ; Lost fanout                                              ;
; top:comb_3|alu:comb_21|matriz_determ4x4:comb_11|tp[1][13]                                                                                                              ; Lost fanout                                              ;
; top:comb_3|alu:comb_21|matriz_determ4x4:comb_11|tp[1][14]                                                                                                              ; Lost fanout                                              ;
; top:comb_3|alu:comb_21|matriz_determ4x4:comb_11|tp[1][15]                                                                                                              ; Lost fanout                                              ;
; my_debounce:comb_8|clock_div:u1|counter[26]                                                                                                                            ; Merged with my_debounce:comb_10|clock_div:u1|counter[26] ;
; my_debounce:comb_8|clock_div:u1|counter[25]                                                                                                                            ; Merged with my_debounce:comb_10|clock_div:u1|counter[25] ;
; my_debounce:comb_8|clock_div:u1|counter[24]                                                                                                                            ; Merged with my_debounce:comb_10|clock_div:u1|counter[24] ;
; my_debounce:comb_8|clock_div:u1|counter[23]                                                                                                                            ; Merged with my_debounce:comb_10|clock_div:u1|counter[23] ;
; my_debounce:comb_8|clock_div:u1|counter[22]                                                                                                                            ; Merged with my_debounce:comb_10|clock_div:u1|counter[22] ;
; my_debounce:comb_8|clock_div:u1|counter[21]                                                                                                                            ; Merged with my_debounce:comb_10|clock_div:u1|counter[21] ;
; my_debounce:comb_8|clock_div:u1|counter[20]                                                                                                                            ; Merged with my_debounce:comb_10|clock_div:u1|counter[20] ;
; my_debounce:comb_8|clock_div:u1|counter[19]                                                                                                                            ; Merged with my_debounce:comb_10|clock_div:u1|counter[19] ;
; my_debounce:comb_8|clock_div:u1|counter[18]                                                                                                                            ; Merged with my_debounce:comb_10|clock_div:u1|counter[18] ;
; my_debounce:comb_8|clock_div:u1|counter[17]                                                                                                                            ; Merged with my_debounce:comb_10|clock_div:u1|counter[17] ;
; my_debounce:comb_8|clock_div:u1|counter[16]                                                                                                                            ; Merged with my_debounce:comb_10|clock_div:u1|counter[16] ;
; my_debounce:comb_8|clock_div:u1|counter[15]                                                                                                                            ; Merged with my_debounce:comb_10|clock_div:u1|counter[15] ;
; my_debounce:comb_8|clock_div:u1|counter[14]                                                                                                                            ; Merged with my_debounce:comb_10|clock_div:u1|counter[14] ;
; my_debounce:comb_8|clock_div:u1|counter[13]                                                                                                                            ; Merged with my_debounce:comb_10|clock_div:u1|counter[13] ;
; my_debounce:comb_8|clock_div:u1|counter[12]                                                                                                                            ; Merged with my_debounce:comb_10|clock_div:u1|counter[12] ;
; my_debounce:comb_8|clock_div:u1|counter[11]                                                                                                                            ; Merged with my_debounce:comb_10|clock_div:u1|counter[11] ;
; my_debounce:comb_8|clock_div:u1|counter[10]                                                                                                                            ; Merged with my_debounce:comb_10|clock_div:u1|counter[10] ;
; my_debounce:comb_8|clock_div:u1|counter[9]                                                                                                                             ; Merged with my_debounce:comb_10|clock_div:u1|counter[9]  ;
; my_debounce:comb_8|clock_div:u1|counter[8]                                                                                                                             ; Merged with my_debounce:comb_10|clock_div:u1|counter[8]  ;
; my_debounce:comb_8|clock_div:u1|counter[7]                                                                                                                             ; Merged with my_debounce:comb_10|clock_div:u1|counter[7]  ;
; my_debounce:comb_8|clock_div:u1|counter[6]                                                                                                                             ; Merged with my_debounce:comb_10|clock_div:u1|counter[6]  ;
; my_debounce:comb_8|clock_div:u1|counter[5]                                                                                                                             ; Merged with my_debounce:comb_10|clock_div:u1|counter[5]  ;
; my_debounce:comb_8|clock_div:u1|counter[4]                                                                                                                             ; Merged with my_debounce:comb_10|clock_div:u1|counter[4]  ;
; my_debounce:comb_8|clock_div:u1|counter[3]                                                                                                                             ; Merged with my_debounce:comb_10|clock_div:u1|counter[3]  ;
; my_debounce:comb_8|clock_div:u1|counter[2]                                                                                                                             ; Merged with my_debounce:comb_10|clock_div:u1|counter[2]  ;
; my_debounce:comb_8|clock_div:u1|counter[1]                                                                                                                             ; Merged with my_debounce:comb_10|clock_div:u1|counter[1]  ;
; my_debounce:comb_8|clock_div:u1|counter[0]                                                                                                                             ; Merged with my_debounce:comb_10|clock_div:u1|counter[0]  ;
; top:comb_3|memory_mod:comb_20|count[2]                                                                                                                                 ; Stuck at GND due to stuck port data_in                   ;
; top:comb_3|memory_mod:comb_20|ram16bits:comb_3|altsyncram:altsyncram_component|altsyncram_bnn1:auto_generated|sld_mod_ram_rom:mgl_prim2|ram_rom_data_shift_cntr_reg[4] ; Stuck at GND due to stuck port data_in                   ;
; Total Number of Removed Registers = 237                                                                                                                                ;                                                          ;
+------------------------------------------------------------------------------------------------------------------------------------------------------------------------+----------------------------------------------------------+


+------------------------------------------------------+
; General Register Statistics                          ;
+----------------------------------------------+-------+
; Statistic                                    ; Value ;
+----------------------------------------------+-------+
; Total registers                              ; 1091  ;
; Number of registers using Synchronous Clear  ; 280   ;
; Number of registers using Synchronous Load   ; 161   ;
; Number of registers using Asynchronous Clear ; 54    ;
; Number of registers using Asynchronous Load  ; 0     ;
; Number of registers using Clock Enable       ; 984   ;
; Number of registers using Preset             ; 0     ;
+----------------------------------------------+-------+


+-------------------------------------------------------------------------------------------------------------------------------------------------------------------------------------------------------------------------------------------------------------------------------------------------------------------------------------------+
; Inverted Register Statistics                                                                                                                                                                                                                                                                                                              ;
+---------------------------------------------------------------------------------------------------------------------------------------------------------------------------------------------------------------------------------------------------------------------------------------------------------------------------------+---------+
; Inverted Register                                                                                                                                                                                                                                                                                                               ; Fan out ;
+---------------------------------------------------------------------------------------------------------------------------------------------------------------------------------------------------------------------------------------------------------------------------------------------------------------------------------+---------+
; sld_hub:auto_hub|alt_sld_fab_with_jtag_input:\instrumentation_fabric_with_node_gen:fabric_gen_new_way:with_jtag_input_gen:instrumentation_fabric|alt_sld_fab:instrumentation_fabric|alt_sld_fab_alt_sld_fab:alt_sld_fab|alt_sld_fab_alt_sld_fab_sldfabric:sldfabric|sld_jtag_hub:\jtag_hub_gen:real_sld_jtag_hub|jtag_ir_reg[1] ; 3       ;
; sld_hub:auto_hub|alt_sld_fab_with_jtag_input:\instrumentation_fabric_with_node_gen:fabric_gen_new_way:with_jtag_input_gen:instrumentation_fabric|alt_sld_fab:instrumentation_fabric|alt_sld_fab_alt_sld_fab:alt_sld_fab|alt_sld_fab_alt_sld_fab_sldfabric:sldfabric|sld_jtag_hub:\jtag_hub_gen:real_sld_jtag_hub|jtag_ir_reg[2] ; 3       ;
; Total number of inverted registers = 2                                                                                                                                                                                                                                                                                          ;         ;
+---------------------------------------------------------------------------------------------------------------------------------------------------------------------------------------------------------------------------------------------------------------------------------------------------------------------------------+---------+


+----------------------------------------------+
; Registers Packed Into Inferred Megafunctions ;
+---------------+--------------+---------------+
; Register Name ; Megafunction ; Type          ;
+---------------+--------------+---------------+
; my_reg[0..21] ; Mux1_rtl_0   ; ROM           ;
+---------------+--------------+---------------+


+----------------------------------------------------------------------------------------------------------------------------------------------------------------------------------------------------------------------------------------------------------------------------------------------------------------------------------------------------------------------------------------------------------------------------------------------------------------------------------+
; Multiplexer Restructuring Statistics (Restructuring Performed)                                                                                                                                                                                                                                                                                                                                                                                                                   ;
+--------------------+-----------+---------------+----------------------+------------------------+------------+--------------------------------------------------------------------------------------------------------------------------------------------------------------------------------------------------------------------------------------------------------------------------------------------------------------------------------------------------------------------+
; Multiplexer Inputs ; Bus Width ; Baseline Area ; Area if Restructured ; Saving if Restructured ; Registered ; Example Multiplexer Output                                                                                                                                                                                                                                                                                                                                         ;
+--------------------+-----------+---------------+----------------------+------------------------+------------+--------------------------------------------------------------------------------------------------------------------------------------------------------------------------------------------------------------------------------------------------------------------------------------------------------------------------------------------------------------------+
; 3:1                ; 16 bits   ; 32 LEs        ; 0 LEs                ; 32 LEs                 ; Yes        ; |test_top|top:comb_3|memory_mod:comb_20|ram16bits:comb_3|altsyncram:altsyncram_component|altsyncram_bnn1:auto_generated|sld_mod_ram_rom:mgl_prim2|ram_rom_data_reg[2]                                                                                                                                                                                              ;
; 3:1                ; 5 bits    ; 10 LEs        ; 5 LEs                ; 5 LEs                  ; Yes        ; |test_top|top:comb_3|memory_mod:comb_20|ram16bits:comb_3|altsyncram:altsyncram_component|altsyncram_bnn1:auto_generated|sld_mod_ram_rom:mgl_prim2|ram_rom_data_shift_cntr_reg[0]                                                                                                                                                                                   ;
; 3:1                ; 8 bits    ; 16 LEs        ; 0 LEs                ; 16 LEs                 ; Yes        ; |test_top|top:comb_3|memory_mod:comb_20|ram16bits:comb_3|altsyncram:altsyncram_component|altsyncram_bnn1:auto_generated|sld_mod_ram_rom:mgl_prim2|ram_rom_addr_reg[6]                                                                                                                                                                                              ;
; 3:1                ; 3 bits    ; 6 LEs         ; 3 LEs                ; 3 LEs                  ; Yes        ; |test_top|top:comb_3|memory_mod:comb_20|count[2]                                                                                                                                                                                                                                                                                                                   ;
; 3:1                ; 11 bits   ; 22 LEs        ; 0 LEs                ; 22 LEs                 ; Yes        ; |test_top|top:comb_3|alu:comb_21|matriz_determ5x5:comb_12|det[5]                                                                                                                                                                                                                                                                                                   ;
; 3:1                ; 8 bits    ; 16 LEs        ; 0 LEs                ; 16 LEs                 ; Yes        ; |test_top|top:comb_3|alu:comb_21|matriz_determ4x4:comb_11|det[0]                                                                                                                                                                                                                                                                                                   ;
; 3:1                ; 8 bits    ; 16 LEs        ; 0 LEs                ; 16 LEs                 ; Yes        ; |test_top|top:comb_3|alu:comb_21|matriz_determ5x5:comb_12|matriz_determ4x4:comb_3|det[6]                                                                                                                                                                                                                                                                           ;
; 4:1                ; 4 bits    ; 8 LEs         ; 8 LEs                ; 0 LEs                  ; Yes        ; |test_top|top:comb_3|memory_mod:comb_20|ram16bits:comb_3|altsyncram:altsyncram_component|altsyncram_bnn1:auto_generated|sld_mod_ram_rom:mgl_prim2|sld_rom_sr:\ram_rom_logic_gen:no_name_gen:info_rom_sr|word_counter[2]                                                                                                                                            ;
; 8:1                ; 8 bits    ; 40 LEs        ; 16 LEs               ; 24 LEs                 ; Yes        ; |test_top|top:comb_3|alu:comb_21|matriz_determ5x5:comb_12|item_temp[2]                                                                                                                                                                                                                                                                                             ;
; 16:1               ; 8 bits    ; 80 LEs        ; 48 LEs               ; 32 LEs                 ; Yes        ; |test_top|top:comb_3|alu:comb_21|matriz_resultante[2]                                                                                                                                                                                                                                                                                                              ;
; 5:1                ; 4 bits    ; 12 LEs        ; 8 LEs                ; 4 LEs                  ; Yes        ; |test_top|top:comb_3|count_mem[2]                                                                                                                                                                                                                                                                                                                                  ;
; 16:1               ; 8 bits    ; 80 LEs        ; 64 LEs               ; 16 LEs                 ; Yes        ; |test_top|top:comb_3|br:comb_22|data_out[8]                                                                                                                                                                                                                                                                                                                        ;
; 16:1               ; 8 bits    ; 80 LEs        ; 64 LEs               ; 16 LEs                 ; Yes        ; |test_top|top:comb_3|br:comb_22|data_out[5]                                                                                                                                                                                                                                                                                                                        ;
; 4:1                ; 2 bits    ; 4 LEs         ; 4 LEs                ; 0 LEs                  ; Yes        ; |test_top|top:comb_3|memory_mod:comb_20|ram16bits:comb_3|altsyncram:altsyncram_component|altsyncram_bnn1:auto_generated|sld_mod_ram_rom:mgl_prim2|sld_rom_sr:\ram_rom_logic_gen:no_name_gen:info_rom_sr|WORD_SR[3]                                                                                                                                                 ;
; 4:1                ; 32 bits   ; 64 LEs        ; 0 LEs                ; 64 LEs                 ; Yes        ; |test_top|top:comb_3|alu:comb_21|matriz_determ5x5:comb_12|matrix_temp[145]                                                                                                                                                                                                                                                                                         ;
; 4:1                ; 32 bits   ; 64 LEs        ; 0 LEs                ; 64 LEs                 ; Yes        ; |test_top|top:comb_3|alu:comb_21|matriz_determ5x5:comb_12|matrix_temp[7]                                                                                                                                                                                                                                                                                           ;
; 6:1                ; 32 bits   ; 128 LEs       ; 0 LEs                ; 128 LEs                ; Yes        ; |test_top|top:comb_3|alu:comb_21|matriz_determ5x5:comb_12|matrix_temp[103]                                                                                                                                                                                                                                                                                         ;
; 6:1                ; 32 bits   ; 128 LEs       ; 0 LEs                ; 128 LEs                ; Yes        ; |test_top|top:comb_3|alu:comb_21|matriz_determ5x5:comb_12|matrix_temp[48]                                                                                                                                                                                                                                                                                          ;
; 18:1               ; 2 bits    ; 24 LEs        ; 14 LEs               ; 10 LEs                 ; Yes        ; |test_top|top:comb_3|memory_mod:comb_20|ram16bits:comb_3|altsyncram:altsyncram_component|altsyncram_bnn1:auto_generated|sld_mod_ram_rom:mgl_prim2|sld_rom_sr:\ram_rom_logic_gen:no_name_gen:info_rom_sr|WORD_SR[0]                                                                                                                                                 ;
; 11:1               ; 160 bits  ; 1120 LEs      ; 320 LEs              ; 800 LEs                ; Yes        ; |test_top|top:comb_3|alu:comb_21|matriz_resultante[51]                                                                                                                                                                                                                                                                                                             ;
; 12:1               ; 32 bits   ; 256 LEs       ; 128 LEs              ; 128 LEs                ; Yes        ; |test_top|top:comb_3|alu:comb_21|matriz_resultante[24]                                                                                                                                                                                                                                                                                                             ;
; 3:1                ; 8 bits    ; 16 LEs        ; 16 LEs               ; 0 LEs                  ; No         ; |test_top|top:comb_3|data_to_write[8]                                                                                                                                                                                                                                                                                                                              ;
; 4:1                ; 24 bits   ; 48 LEs        ; 48 LEs               ; 0 LEs                  ; No         ; |test_top|top:comb_3|alu:comb_21|matriz_determ4x4:comb_11|Mux69                                                                                                                                                                                                                                                                                                    ;
; 4:1                ; 24 bits   ; 48 LEs        ; 48 LEs               ; 0 LEs                  ; No         ; |test_top|top:comb_3|alu:comb_21|matriz_determ4x4:comb_11|Mux75                                                                                                                                                                                                                                                                                                    ;
; 4:1                ; 24 bits   ; 48 LEs        ; 48 LEs               ; 0 LEs                  ; No         ; |test_top|top:comb_3|alu:comb_21|matriz_determ4x4:comb_11|Mux32                                                                                                                                                                                                                                                                                                    ;
; 4:1                ; 24 bits   ; 48 LEs        ; 48 LEs               ; 0 LEs                  ; No         ; |test_top|top:comb_3|alu:comb_21|matriz_determ5x5:comb_12|matriz_determ4x4:comb_3|Mux23                                                                                                                                                                                                                                                                            ;
; 4:1                ; 24 bits   ; 48 LEs        ; 48 LEs               ; 0 LEs                  ; No         ; |test_top|top:comb_3|alu:comb_21|matriz_determ5x5:comb_12|matriz_determ4x4:comb_3|Mux75                                                                                                                                                                                                                                                                            ;
; 4:1                ; 24 bits   ; 48 LEs        ; 48 LEs               ; 0 LEs                  ; No         ; |test_top|top:comb_3|alu:comb_21|matriz_determ5x5:comb_12|matriz_determ4x4:comb_3|Mux57                                                                                                                                                                                                                                                                            ;
; 5:1                ; 8 bits    ; 24 LEs        ; 24 LEs               ; 0 LEs                  ; No         ; |test_top|top:comb_3|alu:comb_21|matriz_determ4x4:comb_11|Mux0                                                                                                                                                                                                                                                                                                     ;
; 5:1                ; 8 bits    ; 24 LEs        ; 24 LEs               ; 0 LEs                  ; No         ; |test_top|top:comb_3|alu:comb_21|matriz_determ5x5:comb_12|matriz_determ4x4:comb_3|Mux7                                                                                                                                                                                                                                                                             ;
; 3:1                ; 160 bits  ; 320 LEs       ; 320 LEs              ; 0 LEs                  ; No         ; |test_top|top:comb_3|alu:comb_21|matriz_subtracao:comb_4|Add10                                                                                                                                                                                                                                                                                                     ;
; 3:1                ; 160 bits  ; 320 LEs       ; 160 LEs              ; 160 LEs                ; No         ; |test_top|top:comb_3|alu:comb_21|matriz_subtracao:comb_4|Add19                                                                                                                                                                                                                                                                                                     ;
; 3:1                ; 7 bits    ; 14 LEs        ; 7 LEs                ; 7 LEs                  ; Yes        ; |test_top|sld_hub:auto_hub|alt_sld_fab_with_jtag_input:\instrumentation_fabric_with_node_gen:fabric_gen_new_way:with_jtag_input_gen:instrumentation_fabric|alt_sld_fab:instrumentation_fabric|alt_sld_fab_alt_sld_fab:alt_sld_fab|alt_sld_fab_alt_sld_fab_sldfabric:sldfabric|sld_jtag_hub:\jtag_hub_gen:real_sld_jtag_hub|irsr_reg[2]                             ;
; 3:1                ; 2 bits    ; 4 LEs         ; 2 LEs                ; 2 LEs                  ; Yes        ; |test_top|sld_hub:auto_hub|alt_sld_fab_with_jtag_input:\instrumentation_fabric_with_node_gen:fabric_gen_new_way:with_jtag_input_gen:instrumentation_fabric|alt_sld_fab:instrumentation_fabric|alt_sld_fab_alt_sld_fab:alt_sld_fab|alt_sld_fab_alt_sld_fab_sldfabric:sldfabric|sld_jtag_hub:\jtag_hub_gen:real_sld_jtag_hub|hub_minor_ver_reg[2]                    ;
; 3:1                ; 2 bits    ; 4 LEs         ; 2 LEs                ; 2 LEs                  ; Yes        ; |test_top|sld_hub:auto_hub|alt_sld_fab_with_jtag_input:\instrumentation_fabric_with_node_gen:fabric_gen_new_way:with_jtag_input_gen:instrumentation_fabric|alt_sld_fab:instrumentation_fabric|alt_sld_fab_alt_sld_fab:alt_sld_fab|alt_sld_fab_alt_sld_fab_sldfabric:sldfabric|sld_jtag_hub:\jtag_hub_gen:real_sld_jtag_hub|hub_minor_ver_reg[3]                    ;
; 4:1                ; 5 bits    ; 10 LEs        ; 10 LEs               ; 0 LEs                  ; Yes        ; |test_top|sld_hub:auto_hub|alt_sld_fab_with_jtag_input:\instrumentation_fabric_with_node_gen:fabric_gen_new_way:with_jtag_input_gen:instrumentation_fabric|alt_sld_fab:instrumentation_fabric|alt_sld_fab_alt_sld_fab:alt_sld_fab|alt_sld_fab_alt_sld_fab_sldfabric:sldfabric|sld_jtag_hub:\jtag_hub_gen:real_sld_jtag_hub|mixer_addr_reg_internal[4]              ;
; 4:1                ; 5 bits    ; 10 LEs        ; 10 LEs               ; 0 LEs                  ; Yes        ; |test_top|sld_hub:auto_hub|alt_sld_fab_with_jtag_input:\instrumentation_fabric_with_node_gen:fabric_gen_new_way:with_jtag_input_gen:instrumentation_fabric|alt_sld_fab:instrumentation_fabric|alt_sld_fab_alt_sld_fab:alt_sld_fab|alt_sld_fab_alt_sld_fab_sldfabric:sldfabric|sld_jtag_hub:\jtag_hub_gen:real_sld_jtag_hub|sld_rom_sr:hub_info_reg|word_counter[4] ;
; 34:1               ; 4 bits    ; 88 LEs        ; 64 LEs               ; 24 LEs                 ; Yes        ; |test_top|sld_hub:auto_hub|alt_sld_fab_with_jtag_input:\instrumentation_fabric_with_node_gen:fabric_gen_new_way:with_jtag_input_gen:instrumentation_fabric|alt_sld_fab:instrumentation_fabric|alt_sld_fab_alt_sld_fab:alt_sld_fab|alt_sld_fab_alt_sld_fab_sldfabric:sldfabric|sld_jtag_hub:\jtag_hub_gen:real_sld_jtag_hub|design_hash_reg[1]                      ;
; 20:1               ; 4 bits    ; 52 LEs        ; 32 LEs               ; 20 LEs                 ; Yes        ; |test_top|sld_hub:auto_hub|alt_sld_fab_with_jtag_input:\instrumentation_fabric_with_node_gen:fabric_gen_new_way:with_jtag_input_gen:instrumentation_fabric|alt_sld_fab:instrumentation_fabric|alt_sld_fab_alt_sld_fab:alt_sld_fab|alt_sld_fab_alt_sld_fab_sldfabric:sldfabric|sld_jtag_hub:\jtag_hub_gen:real_sld_jtag_hub|sld_rom_sr:hub_info_reg|WORD_SR[1]      ;
+--------------------+-----------+---------------+----------------------+------------------------+------------+--------------------------------------------------------------------------------------------------------------------------------------------------------------------------------------------------------------------------------------------------------------------------------------------------------------------------------------------------------------------+


+------------------------------------------------------------------------------------------------------------------------------------------------------------------+
; Source assignments for top:comb_3|memory_mod:comb_20|ram16bits:comb_3|altsyncram:altsyncram_component|altsyncram_bnn1:auto_generated|altsyncram_8ud2:altsyncram1 ;
+---------------------------------+--------------------+------+----------------------------------------------------------------------------------------------------+
; Assignment                      ; Value              ; From ; To                                                                                                 ;
+---------------------------------+--------------------+------+----------------------------------------------------------------------------------------------------+
; OPTIMIZE_POWER_DURING_SYNTHESIS ; NORMAL_COMPILATION ; -    ; -                                                                                                  ;
+---------------------------------+--------------------+------+----------------------------------------------------------------------------------------------------+


+-----------------------------------------------------------------------------+
; Source assignments for altsyncram:Mux1_rtl_0|altsyncram_1d61:auto_generated ;
+---------------------------------+--------------------+------+---------------+
; Assignment                      ; Value              ; From ; To            ;
+---------------------------------+--------------------+------+---------------+
; OPTIMIZE_POWER_DURING_SYNTHESIS ; NORMAL_COMPILATION ; -    ; -             ;
+---------------------------------+--------------------+------+---------------+


+--------------------------------------------------------------------------+
; Parameter Settings for User Entity Instance: Top-level Entity: |test_top ;
+----------------+------------------------+--------------------------------+
; Parameter Name ; Value                  ; Type                           ;
+----------------+------------------------+--------------------------------+
; wma0           ; 1000000001000000000010 ; Unsigned Binary                ;
; wma1           ; 0000000010000001000010 ; Unsigned Binary                ;
; wma2           ; 0100000000000010010010 ; Unsigned Binary                ;
; wmb0           ; 1100000100010000000010 ; Unsigned Binary                ;
; wmb1           ; 0000000010010001000010 ; Unsigned Binary                ;
; wmb2           ; 0100000000010010010010 ; Unsigned Binary                ;
; soma           ; 0000000000000000000011 ; Unsigned Binary                ;
; wmc0           ; 1100000001000000000010 ; Unsigned Binary                ;
; wmc1           ; 0100000001000000100010 ; Unsigned Binary                ;
; wmc2           ; 0100000100000001000010 ; Unsigned Binary                ;
; wmc3           ; 1000000001000010010010 ; Unsigned Binary                ;
; wmc4           ; 0100000001000010110010 ; Unsigned Binary                ;
; wmc5           ; 0100000011000100000010 ; Unsigned Binary                ;
; wmc6           ; 0100000001000100100010 ; Unsigned Binary                ;
; wmc7           ; 1100000001000101000010 ; Unsigned Binary                ;
; wmc8           ; 0100000001000110010010 ; Unsigned Binary                ;
; wmc9           ; 1100000001000110110010 ; Unsigned Binary                ;
; wmc10          ; 0100000001001000000010 ; Unsigned Binary                ;
; wmc11          ; 0100000001001000100010 ; Unsigned Binary                ;
; wmc12          ; 0100000000001001000010 ; Unsigned Binary                ;
; sub            ; 0000000000000000000100 ; Unsigned Binary                ;
; mult           ; 0000000000000000000101 ; Unsigned Binary                ;
; trans          ; 0000000000000000000110 ; Unsigned Binary                ;
; opos           ; 0000000000000000000111 ; Unsigned Binary                ;
; ms5            ; 0000000000000001011000 ; Unsigned Binary                ;
; det2           ; 0000000000000000001001 ; Unsigned Binary                ;
; det3           ; 0000000000000000001010 ; Unsigned Binary                ;
; det4           ; 0000000000000000001011 ; Unsigned Binary                ;
; det5           ; 0000000000000000001100 ; Unsigned Binary                ;
; read0          ; 0000000000100000000001 ; Unsigned Binary                ;
+----------------+------------------------+--------------------------------+
Note: In order to hide this table in the UI and the text report file, please set the "Show Parameter Settings in Synthesis Report" option in "Analysis and Synthesis Settings -> More Settings" to "Off".


+---------------------------------------------------------+
; Parameter Settings for User Entity Instance: top:comb_3 ;
+----------------+-------+--------------------------------+
; Parameter Name ; Value ; Type                           ;
+----------------+-------+--------------------------------+
; FETCH          ; 000   ; Unsigned Binary                ;
; DECODE         ; 001   ; Unsigned Binary                ;
; EXECUTE        ; 010   ; Unsigned Binary                ;
; MEMORY         ; 100   ; Unsigned Binary                ;
; READ           ; 0001  ; Unsigned Binary                ;
; WRITE          ; 0010  ; Unsigned Binary                ;
; SUM            ; 0011  ; Unsigned Binary                ;
; SUB            ; 0100  ; Unsigned Binary                ;
; MUL            ; 0101  ; Unsigned Binary                ;
; TRANSP         ; 0110  ; Unsigned Binary                ;
; OPST           ; 0111  ; Unsigned Binary                ;
; MULSCL         ; 1000  ; Unsigned Binary                ;
; DET2           ; 1001  ; Unsigned Binary                ;
; DET3           ; 1010  ; Unsigned Binary                ;
; DET4           ; 1011  ; Unsigned Binary                ;
; DET5           ; 1100  ; Unsigned Binary                ;
+----------------+-------+--------------------------------+
Note: In order to hide this table in the UI and the text report file, please set the "Show Parameter Settings in Synthesis Report" option in "Analysis and Synthesis Settings -> More Settings" to "Off".


+-----------------------------------------------------------------------------------------------------------------------------+
; Parameter Settings for User Entity Instance: top:comb_3|memory_mod:comb_20|ram16bits:comb_3|altsyncram:altsyncram_component ;
+------------------------------------+----------------------+-----------------------------------------------------------------+
; Parameter Name                     ; Value                ; Type                                                            ;
+------------------------------------+----------------------+-----------------------------------------------------------------+
; BYTE_SIZE_BLOCK                    ; 8                    ; Untyped                                                         ;
; AUTO_CARRY_CHAINS                  ; ON                   ; AUTO_CARRY                                                      ;
; IGNORE_CARRY_BUFFERS               ; OFF                  ; IGNORE_CARRY                                                    ;
; AUTO_CASCADE_CHAINS                ; ON                   ; AUTO_CASCADE                                                    ;
; IGNORE_CASCADE_BUFFERS             ; OFF                  ; IGNORE_CASCADE                                                  ;
; WIDTH_BYTEENA                      ; 1                    ; Untyped                                                         ;
; OPERATION_MODE                     ; SINGLE_PORT          ; Untyped                                                         ;
; WIDTH_A                            ; 16                   ; Signed Integer                                                  ;
; WIDTHAD_A                          ; 8                    ; Signed Integer                                                  ;
; NUMWORDS_A                         ; 256                  ; Signed Integer                                                  ;
; OUTDATA_REG_A                      ; CLOCK0               ; Untyped                                                         ;
; ADDRESS_ACLR_A                     ; NONE                 ; Untyped                                                         ;
; OUTDATA_ACLR_A                     ; NONE                 ; Untyped                                                         ;
; WRCONTROL_ACLR_A                   ; NONE                 ; Untyped                                                         ;
; INDATA_ACLR_A                      ; NONE                 ; Untyped                                                         ;
; BYTEENA_ACLR_A                     ; NONE                 ; Untyped                                                         ;
; WIDTH_B                            ; 1                    ; Untyped                                                         ;
; WIDTHAD_B                          ; 1                    ; Untyped                                                         ;
; NUMWORDS_B                         ; 1                    ; Untyped                                                         ;
; INDATA_REG_B                       ; CLOCK1               ; Untyped                                                         ;
; WRCONTROL_WRADDRESS_REG_B          ; CLOCK1               ; Untyped                                                         ;
; RDCONTROL_REG_B                    ; CLOCK1               ; Untyped                                                         ;
; ADDRESS_REG_B                      ; CLOCK1               ; Untyped                                                         ;
; OUTDATA_REG_B                      ; UNREGISTERED         ; Untyped                                                         ;
; BYTEENA_REG_B                      ; CLOCK1               ; Untyped                                                         ;
; INDATA_ACLR_B                      ; NONE                 ; Untyped                                                         ;
; WRCONTROL_ACLR_B                   ; NONE                 ; Untyped                                                         ;
; ADDRESS_ACLR_B                     ; NONE                 ; Untyped                                                         ;
; OUTDATA_ACLR_B                     ; NONE                 ; Untyped                                                         ;
; RDCONTROL_ACLR_B                   ; NONE                 ; Untyped                                                         ;
; BYTEENA_ACLR_B                     ; NONE                 ; Untyped                                                         ;
; WIDTH_BYTEENA_A                    ; 1                    ; Signed Integer                                                  ;
; WIDTH_BYTEENA_B                    ; 1                    ; Untyped                                                         ;
; RAM_BLOCK_TYPE                     ; AUTO                 ; Untyped                                                         ;
; BYTE_SIZE                          ; 8                    ; Untyped                                                         ;
; READ_DURING_WRITE_MODE_MIXED_PORTS ; DONT_CARE            ; Untyped                                                         ;
; READ_DURING_WRITE_MODE_PORT_A      ; NEW_DATA_NO_NBE_READ ; Untyped                                                         ;
; READ_DURING_WRITE_MODE_PORT_B      ; NEW_DATA_NO_NBE_READ ; Untyped                                                         ;
; INIT_FILE                          ; UNUSED               ; Untyped                                                         ;
; INIT_FILE_LAYOUT                   ; PORT_A               ; Untyped                                                         ;
; MAXIMUM_DEPTH                      ; 0                    ; Untyped                                                         ;
; CLOCK_ENABLE_INPUT_A               ; BYPASS               ; Untyped                                                         ;
; CLOCK_ENABLE_INPUT_B               ; NORMAL               ; Untyped                                                         ;
; CLOCK_ENABLE_OUTPUT_A              ; BYPASS               ; Untyped                                                         ;
; CLOCK_ENABLE_OUTPUT_B              ; NORMAL               ; Untyped                                                         ;
; CLOCK_ENABLE_CORE_A                ; USE_INPUT_CLKEN      ; Untyped                                                         ;
; CLOCK_ENABLE_CORE_B                ; USE_INPUT_CLKEN      ; Untyped                                                         ;
; ENABLE_ECC                         ; FALSE                ; Untyped                                                         ;
; ECC_PIPELINE_STAGE_ENABLED         ; FALSE                ; Untyped                                                         ;
; WIDTH_ECCSTATUS                    ; 3                    ; Untyped                                                         ;
; DEVICE_FAMILY                      ; Cyclone V            ; Untyped                                                         ;
; CBXI_PARAMETER                     ; altsyncram_bnn1      ; Untyped                                                         ;
+------------------------------------+----------------------+-----------------------------------------------------------------+
Note: In order to hide this table in the UI and the text report file, please set the "Show Parameter Settings in Synthesis Report" option in "Analysis and Synthesis Settings -> More Settings" to "Off".


+------------------------------------------------------------------------------------+
; Parameter Settings for Inferred Entity Instance: altsyncram:Mux1_rtl_0             ;
+------------------------------------+------------------------------+----------------+
; Parameter Name                     ; Value                        ; Type           ;
+------------------------------------+------------------------------+----------------+
; BYTE_SIZE_BLOCK                    ; 8                            ; Untyped        ;
; AUTO_CARRY_CHAINS                  ; ON                           ; AUTO_CARRY     ;
; IGNORE_CARRY_BUFFERS               ; OFF                          ; IGNORE_CARRY   ;
; AUTO_CASCADE_CHAINS                ; ON                           ; AUTO_CASCADE   ;
; IGNORE_CASCADE_BUFFERS             ; OFF                          ; IGNORE_CASCADE ;
; WIDTH_BYTEENA                      ; 1                            ; Untyped        ;
; OPERATION_MODE                     ; ROM                          ; Untyped        ;
; WIDTH_A                            ; 22                           ; Untyped        ;
; WIDTHAD_A                          ; 10                           ; Untyped        ;
; NUMWORDS_A                         ; 1024                         ; Untyped        ;
; OUTDATA_REG_A                      ; UNREGISTERED                 ; Untyped        ;
; ADDRESS_ACLR_A                     ; NONE                         ; Untyped        ;
; OUTDATA_ACLR_A                     ; NONE                         ; Untyped        ;
; WRCONTROL_ACLR_A                   ; NONE                         ; Untyped        ;
; INDATA_ACLR_A                      ; NONE                         ; Untyped        ;
; BYTEENA_ACLR_A                     ; NONE                         ; Untyped        ;
; WIDTH_B                            ; 1                            ; Untyped        ;
; WIDTHAD_B                          ; 1                            ; Untyped        ;
; NUMWORDS_B                         ; 1                            ; Untyped        ;
; INDATA_REG_B                       ; CLOCK1                       ; Untyped        ;
; WRCONTROL_WRADDRESS_REG_B          ; CLOCK1                       ; Untyped        ;
; RDCONTROL_REG_B                    ; CLOCK1                       ; Untyped        ;
; ADDRESS_REG_B                      ; CLOCK1                       ; Untyped        ;
; OUTDATA_REG_B                      ; UNREGISTERED                 ; Untyped        ;
; BYTEENA_REG_B                      ; CLOCK1                       ; Untyped        ;
; INDATA_ACLR_B                      ; NONE                         ; Untyped        ;
; WRCONTROL_ACLR_B                   ; NONE                         ; Untyped        ;
; ADDRESS_ACLR_B                     ; NONE                         ; Untyped        ;
; OUTDATA_ACLR_B                     ; NONE                         ; Untyped        ;
; RDCONTROL_ACLR_B                   ; NONE                         ; Untyped        ;
; BYTEENA_ACLR_B                     ; NONE                         ; Untyped        ;
; WIDTH_BYTEENA_A                    ; 1                            ; Untyped        ;
; WIDTH_BYTEENA_B                    ; 1                            ; Untyped        ;
; RAM_BLOCK_TYPE                     ; AUTO                         ; Untyped        ;
; BYTE_SIZE                          ; 8                            ; Untyped        ;
; READ_DURING_WRITE_MODE_MIXED_PORTS ; DONT_CARE                    ; Untyped        ;
; READ_DURING_WRITE_MODE_PORT_A      ; NEW_DATA_NO_NBE_READ         ; Untyped        ;
; READ_DURING_WRITE_MODE_PORT_B      ; NEW_DATA_NO_NBE_READ         ; Untyped        ;
; INIT_FILE                          ; soc_system.test_top0.rtl.mif ; Untyped        ;
; INIT_FILE_LAYOUT                   ; PORT_A                       ; Untyped        ;
; MAXIMUM_DEPTH                      ; 0                            ; Untyped        ;
; CLOCK_ENABLE_INPUT_A               ; NORMAL                       ; Untyped        ;
; CLOCK_ENABLE_INPUT_B               ; NORMAL                       ; Untyped        ;
; CLOCK_ENABLE_OUTPUT_A              ; NORMAL                       ; Untyped        ;
; CLOCK_ENABLE_OUTPUT_B              ; NORMAL                       ; Untyped        ;
; CLOCK_ENABLE_CORE_A                ; USE_INPUT_CLKEN              ; Untyped        ;
; CLOCK_ENABLE_CORE_B                ; USE_INPUT_CLKEN              ; Untyped        ;
; ENABLE_ECC                         ; FALSE                        ; Untyped        ;
; ECC_PIPELINE_STAGE_ENABLED         ; FALSE                        ; Untyped        ;
; WIDTH_ECCSTATUS                    ; 3                            ; Untyped        ;
; DEVICE_FAMILY                      ; Cyclone V                    ; Untyped        ;
; CBXI_PARAMETER                     ; altsyncram_1d61              ; Untyped        ;
+------------------------------------+------------------------------+----------------+
Note: In order to hide this table in the UI and the text report file, please set the "Show Parameter Settings in Synthesis Report" option in "Analysis and Synthesis Settings -> More Settings" to "Off".


+----------------------------------------------------------------------------------------------------------------------------+
; altsyncram Parameter Settings by Entity Instance                                                                           ;
+-------------------------------------------+--------------------------------------------------------------------------------+
; Name                                      ; Value                                                                          ;
+-------------------------------------------+--------------------------------------------------------------------------------+
; Number of entity instances                ; 2                                                                              ;
; Entity Instance                           ; top:comb_3|memory_mod:comb_20|ram16bits:comb_3|altsyncram:altsyncram_component ;
;     -- OPERATION_MODE                     ; SINGLE_PORT                                                                    ;
;     -- WIDTH_A                            ; 16                                                                             ;
;     -- NUMWORDS_A                         ; 256                                                                            ;
;     -- OUTDATA_REG_A                      ; CLOCK0                                                                         ;
;     -- WIDTH_B                            ; 1                                                                              ;
;     -- NUMWORDS_B                         ; 1                                                                              ;
;     -- ADDRESS_REG_B                      ; CLOCK1                                                                         ;
;     -- OUTDATA_REG_B                      ; UNREGISTERED                                                                   ;
;     -- RAM_BLOCK_TYPE                     ; AUTO                                                                           ;
;     -- READ_DURING_WRITE_MODE_MIXED_PORTS ; DONT_CARE                                                                      ;
; Entity Instance                           ; altsyncram:Mux1_rtl_0                                                          ;
;     -- OPERATION_MODE                     ; ROM                                                                            ;
;     -- WIDTH_A                            ; 22                                                                             ;
;     -- NUMWORDS_A                         ; 1024                                                                           ;
;     -- OUTDATA_REG_A                      ; UNREGISTERED                                                                   ;
;     -- WIDTH_B                            ; 1                                                                              ;
;     -- NUMWORDS_B                         ; 1                                                                              ;
;     -- ADDRESS_REG_B                      ; CLOCK1                                                                         ;
;     -- OUTDATA_REG_B                      ; UNREGISTERED                                                                   ;
;     -- RAM_BLOCK_TYPE                     ; AUTO                                                                           ;
;     -- READ_DURING_WRITE_MODE_MIXED_PORTS ; DONT_CARE                                                                      ;
+-------------------------------------------+--------------------------------------------------------------------------------+


+----------------------------------------------------------------------------------------------------------------------------------------------------------------------------------------------------------------+
; Port Connectivity Checks: "top:comb_3|br:comb_22"                                                                                                                                                              ;
+----------+-------+----------+----------------------------------------------------------------------------------------------------------------------------------------------------------------------------------+
; Port     ; Type  ; Severity ; Details                                                                                                                                                                          ;
+----------+-------+----------+----------------------------------------------------------------------------------------------------------------------------------------------------------------------------------+
; endereco ; Input ; Warning  ; Input port expression (8 bits) is wider than the input port (6 bits) it drives.  The 2 most-significant bit(s) in the expression will be dangling if they have no other fanouts. ;
+----------+-------+----------+----------------------------------------------------------------------------------------------------------------------------------------------------------------------------------+


+----------------------------------------------------------------------------------------------------------------------------------------------------------------+
; Port Connectivity Checks: "top:comb_3|alu:comb_21|matriz_multi:comb_5"                                                                                         ;
+--------+--------+----------+-----------------------------------------------------------------------------------------------------------------------------------+
; Port   ; Type   ; Severity ; Details                                                                                                                           ;
+--------+--------+----------+-----------------------------------------------------------------------------------------------------------------------------------+
; result ; Output ; Warning  ; Output or bidir port (400 bits) is wider than the port expression (200 bits) it drives; bit(s) "result[399..200]" have no fanouts ;
+--------+--------+----------+-----------------------------------------------------------------------------------------------------------------------------------+


+---------------------------------------------------------------------------------------------------------------------------------------------------------------------------------------------------------------------+
; Port Connectivity Checks: "top:comb_3|alu:comb_21"                                                                                                                                                                  ;
+--------------+-------+----------+-----------------------------------------------------------------------------------------------------------------------------------------------------------------------------------+
; Port         ; Type  ; Severity ; Details                                                                                                                                                                           ;
+--------------+-------+----------+-----------------------------------------------------------------------------------------------------------------------------------------------------------------------------------+
; data_escalar ; Input ; Warning  ; Input port expression (16 bits) is wider than the input port (8 bits) it drives.  The 8 most-significant bit(s) in the expression will be dangling if they have no other fanouts. ;
+--------------+-------+----------+-----------------------------------------------------------------------------------------------------------------------------------------------------------------------------------+


+-------------------------------------------------------------------------------------------------------------------------------------------------------------------------------------------+
; Port Connectivity Checks: "top:comb_3"                                                                                                                                                    ;
+-------------+--------+----------+---------------------------------------------------------------------------------------------------------------------------------------------------------+
; Port        ; Type   ; Severity ; Details                                                                                                                                                 ;
+-------------+--------+----------+---------------------------------------------------------------------------------------------------------------------------------------------------------+
; instruction ; Input  ; Warning  ; Input port expression (22 bits) is smaller than the input port (32 bits) it drives.  Extra input bit(s) "instruction[31..22]" will be connected to GND. ;
; wait_signal ; Output ; Warning  ; Declared by entity but not connected by instance. Logic that only feeds a dangling port will be removed.                                                ;
+-------------+--------+----------+---------------------------------------------------------------------------------------------------------------------------------------------------------+


+---------------------------------------------------------------------------------------------------------------------------------------------------------------------------+
; In-System Memory Content Editor Settings                                                                                                                                  ;
+----------------+-------------+-------+-------+------------+---------------------------------------------------------------------------------------------------------------+
; Instance Index ; Instance ID ; Width ; Depth ; Mode       ; Hierarchy Location                                                                                            ;
+----------------+-------------+-------+-------+------------+---------------------------------------------------------------------------------------------------------------+
; 0              ; NONE        ; 16    ; 256   ; Read/Write ; top:comb_3|memory_mod:comb_20|ram16bits:comb_3|altsyncram:altsyncram_component|altsyncram_bnn1:auto_generated ;
+----------------+-------------+-------+-------+------------+---------------------------------------------------------------------------------------------------------------+


+-----------------------------------------------------+
; Post-Synthesis Netlist Statistics for Top Partition ;
+-----------------------+-----------------------------+
; Type                  ; Count                       ;
+-----------------------+-----------------------------+
; arriav_ff             ; 1005                        ;
;     CLR               ; 6                           ;
;     ENA               ; 524                         ;
;     ENA CLR           ; 7                           ;
;     ENA CLR SLD       ; 8                           ;
;     ENA SCLR          ; 235                         ;
;     ENA SLD           ; 152                         ;
;     SCLR              ; 38                          ;
;     plain             ; 35                          ;
; arriav_lcell_comb     ; 1318                        ;
;     arith             ; 304                         ;
;         1 data inputs ; 95                          ;
;         2 data inputs ; 41                          ;
;         4 data inputs ; 168                         ;
;     extend            ; 10                          ;
;         7 data inputs ; 10                          ;
;     normal            ; 704                         ;
;         0 data inputs ; 1                           ;
;         1 data inputs ; 4                           ;
;         2 data inputs ; 20                          ;
;         3 data inputs ; 40                          ;
;         4 data inputs ; 89                          ;
;         5 data inputs ; 86                          ;
;         6 data inputs ; 464                         ;
;     shared            ; 300                         ;
;         0 data inputs ; 2                           ;
;         2 data inputs ; 56                          ;
;         3 data inputs ; 242                         ;
; arriav_mac            ; 70                          ;
; boundary_port         ; 74                          ;
; stratixv_ram_block    ; 38                          ;
;                       ;                             ;
; Max LUT depth         ; 6.10                        ;
; Average LUT depth     ; 3.17                        ;
+-----------------------+-----------------------------+


+------------------------------------------------------------------+
; Post-Synthesis Netlist Statistics for Partition sld_hub:auto_hub ;
+-----------------------+------------------------------------------+
; Type                  ; Count                                    ;
+-----------------------+------------------------------------------+
; arriav_ff             ; 86                                       ;
;     CLR               ; 5                                        ;
;     ENA               ; 30                                       ;
;     ENA CLR           ; 27                                       ;
;     ENA CLR SLD       ; 1                                        ;
;     SCLR              ; 7                                        ;
;     plain             ; 16                                       ;
; arriav_lcell_comb     ; 98                                       ;
;     extend            ; 1                                        ;
;         7 data inputs ; 1                                        ;
;     normal            ; 97                                       ;
;         0 data inputs ; 1                                        ;
;         1 data inputs ; 4                                        ;
;         2 data inputs ; 21                                       ;
;         3 data inputs ; 21                                       ;
;         4 data inputs ; 14                                       ;
;         5 data inputs ; 20                                       ;
;         6 data inputs ; 16                                       ;
; boundary_port         ; 103                                      ;
;                       ;                                          ;
; Max LUT depth         ; 3.00                                     ;
; Average LUT depth     ; 1.41                                     ;
+-----------------------+------------------------------------------+


+---------------------------------+
; Elapsed Time Per Partition      ;
+------------------+--------------+
; Partition Name   ; Elapsed Time ;
+------------------+--------------+
; Top              ; 00:00:04     ;
; sld_hub:auto_hub ; 00:00:00     ;
+------------------+--------------+


+-------------------------------+
; Analysis & Synthesis Messages ;
+-------------------------------+
Info: *******************************************************************
Info: Running Quartus Prime Analysis & Synthesis
    Info: Version 23.1std.1 Build 993 05/14/2024 SC Lite Edition
    Info: Processing started: Fri May 23 15:58:14 2025
Info: Command: quartus_map --read_settings_files=on --write_settings_files=off soc_system -c soc_system
Warning (18236): Number of processors has not been specified which may cause overloading on shared machines.  Set the global assignment NUM_PARALLEL_PROCESSORS in your QSF to an appropriate value for best performance.
Info (20030): Parallel compilation is enabled and will use 16 of the 16 processors detected
Info (12021): Found 3 design units, including 3 entities, in source file testes/my_debounce.v
    Info (12023): Found entity 1: my_debounce File: /home/marcelo/Documentos/MI_SD/P1/SistemasDigitais_Problema1/cooprocessorFiles/testes/my_debounce.v Line: 1
    Info (12023): Found entity 2: clock_div File: /home/marcelo/Documentos/MI_SD/P1/SistemasDigitais_Problema1/cooprocessorFiles/testes/my_debounce.v Line: 13
    Info (12023): Found entity 3: my_dff File: /home/marcelo/Documentos/MI_SD/P1/SistemasDigitais_Problema1/cooprocessorFiles/testes/my_debounce.v Line: 24
Info (12021): Found 1 design units, including 1 entities, in source file testes/decod7seg.v
    Info (12023): Found entity 1: decod7seg File: /home/marcelo/Documentos/MI_SD/P1/SistemasDigitais_Problema1/cooprocessorFiles/testes/decod7seg.v Line: 1
Info (12021): Found 1 design units, including 1 entities, in source file testes/test_top.v
    Info (12023): Found entity 1: test_top File: /home/marcelo/Documentos/MI_SD/P1/SistemasDigitais_Problema1/cooprocessorFiles/testes/test_top.v Line: 1
Info (12021): Found 1 design units, including 1 entities, in source file memoria/ram16bits.v
    Info (12023): Found entity 1: ram16bits File: /home/marcelo/Documentos/MI_SD/P1/SistemasDigitais_Problema1/cooprocessorFiles/memoria/ram16bits.v Line: 40
Info (12021): Found 1 design units, including 1 entities, in source file memoria/memory_mod.v
    Info (12023): Found entity 1: memory_mod File: /home/marcelo/Documentos/MI_SD/P1/SistemasDigitais_Problema1/cooprocessorFiles/memoria/memory_mod.v Line: 1
Info (12021): Found 1 design units, including 1 entities, in source file ula/matriz_transposta.v
    Info (12023): Found entity 1: matriz_transposta File: /home/marcelo/Documentos/MI_SD/P1/SistemasDigitais_Problema1/cooprocessorFiles/ula/matriz_transposta.v Line: 1
Info (12021): Found 1 design units, including 1 entities, in source file ula/matriz_subtracao.v
    Info (12023): Found entity 1: matriz_subtracao File: /home/marcelo/Documentos/MI_SD/P1/SistemasDigitais_Problema1/cooprocessorFiles/ula/matriz_subtracao.v Line: 1
Info (12021): Found 1 design units, including 1 entities, in source file ula/matriz_soma.v
    Info (12023): Found entity 1: matriz_soma File: /home/marcelo/Documentos/MI_SD/P1/SistemasDigitais_Problema1/cooprocessorFiles/ula/matriz_soma.v Line: 1
Info (12021): Found 1 design units, including 1 entities, in source file ula/matriz_oposta.v
    Info (12023): Found entity 1: matriz_oposta File: /home/marcelo/Documentos/MI_SD/P1/SistemasDigitais_Problema1/cooprocessorFiles/ula/matriz_oposta.v Line: 1
Info (12021): Found 1 design units, including 1 entities, in source file ula/matriz_multi.v
    Info (12023): Found entity 1: matriz_multi File: /home/marcelo/Documentos/MI_SD/P1/SistemasDigitais_Problema1/cooprocessorFiles/ula/matriz_multi.v Line: 3
Info (12021): Found 1 design units, including 1 entities, in source file ula/matriz_escalar.v
    Info (12023): Found entity 1: matriz_escalar File: /home/marcelo/Documentos/MI_SD/P1/SistemasDigitais_Problema1/cooprocessorFiles/ula/matriz_escalar.v Line: 1
Info (12021): Found 1 design units, including 1 entities, in source file ula/matriz_determ5x5.v
    Info (12023): Found entity 1: matriz_determ5x5 File: /home/marcelo/Documentos/MI_SD/P1/SistemasDigitais_Problema1/cooprocessorFiles/ula/matriz_determ5x5.v Line: 1
Info (12021): Found 1 design units, including 1 entities, in source file ula/matriz_determ4x4.v
    Info (12023): Found entity 1: matriz_determ4x4 File: /home/marcelo/Documentos/MI_SD/P1/SistemasDigitais_Problema1/cooprocessorFiles/ula/matriz_determ4x4.v Line: 1
Info (12021): Found 1 design units, including 1 entities, in source file ula/matriz_determ3x3.v
    Info (12023): Found entity 1: matriz_determ3x3 File: /home/marcelo/Documentos/MI_SD/P1/SistemasDigitais_Problema1/cooprocessorFiles/ula/matriz_determ3x3.v Line: 1
Info (12021): Found 1 design units, including 1 entities, in source file ula/matriz_determ2x2.v
    Info (12023): Found entity 1: matriz_determ2x2 File: /home/marcelo/Documentos/MI_SD/P1/SistemasDigitais_Problema1/cooprocessorFiles/ula/matriz_determ2x2.v Line: 1
Info (12021): Found 1 design units, including 1 entities, in source file ula/alu.v
    Info (12023): Found entity 1: alu File: /home/marcelo/Documentos/MI_SD/P1/SistemasDigitais_Problema1/cooprocessorFiles/ula/alu.v Line: 1
Info (12021): Found 1 design units, including 1 entities, in source file controle/top.v
    Info (12023): Found entity 1: top File: /home/marcelo/Documentos/MI_SD/P1/SistemasDigitais_Problema1/cooprocessorFiles/controle/top.v Line: 1
Info (12021): Found 1 design units, including 1 entities, in source file controle/decoder.v
    Info (12023): Found entity 1: decoder File: /home/marcelo/Documentos/MI_SD/P1/SistemasDigitais_Problema1/cooprocessorFiles/controle/decoder.v Line: 3
Info (12021): Found 1 design units, including 1 entities, in source file controle/br.v
    Info (12023): Found entity 1: br File: /home/marcelo/Documentos/MI_SD/P1/SistemasDigitais_Problema1/cooprocessorFiles/controle/br.v Line: 3
Info (12021): Found 1 design units, including 1 entities, in source file ip/altsource_probe/hps_reset.v
    Info (12023): Found entity 1: hps_reset File: /home/marcelo/Documentos/MI_SD/P1/SistemasDigitais_Problema1/cooprocessorFiles/ip/altsource_probe/hps_reset.v Line: 40
Info (12021): Found 1 design units, including 1 entities, in source file ip/debounce/debounce.v
    Info (12023): Found entity 1: debounce File: /home/marcelo/Documentos/MI_SD/P1/SistemasDigitais_Problema1/cooprocessorFiles/ip/debounce/debounce.v Line: 13
Info (12021): Found 1 design units, including 1 entities, in source file ip/edge_detect/altera_edge_detector.v
    Info (12023): Found entity 1: altera_edge_detector File: /home/marcelo/Documentos/MI_SD/P1/SistemasDigitais_Problema1/cooprocessorFiles/ip/edge_detect/altera_edge_detector.v Line: 1
Info (12021): Found 1 design units, including 1 entities, in source file soc_system/synthesis/soc_system.v
    Info (12023): Found entity 1: soc_system File: /home/marcelo/Documentos/MI_SD/P1/SistemasDigitais_Problema1/cooprocessorFiles/soc_system/synthesis/soc_system.v Line: 6
Info (12021): Found 1 design units, including 1 entities, in source file soc_system/synthesis/submodules/altera_reset_controller.v
    Info (12023): Found entity 1: altera_reset_controller File: /home/marcelo/Documentos/MI_SD/P1/SistemasDigitais_Problema1/cooprocessorFiles/soc_system/synthesis/submodules/altera_reset_controller.v Line: 42
Info (12021): Found 1 design units, including 1 entities, in source file soc_system/synthesis/submodules/altera_reset_synchronizer.v
    Info (12023): Found entity 1: altera_reset_synchronizer File: /home/marcelo/Documentos/MI_SD/P1/SistemasDigitais_Problema1/cooprocessorFiles/soc_system/synthesis/submodules/altera_reset_synchronizer.v Line: 24
Info (12021): Found 1 design units, including 1 entities, in source file soc_system/synthesis/submodules/soc_system_irq_mapper_001.sv
    Info (12023): Found entity 1: soc_system_irq_mapper_001 File: /home/marcelo/Documentos/MI_SD/P1/SistemasDigitais_Problema1/cooprocessorFiles/soc_system/synthesis/submodules/soc_system_irq_mapper_001.sv Line: 31
Info (12021): Found 1 design units, including 1 entities, in source file soc_system/synthesis/submodules/soc_system_irq_mapper.sv
    Info (12023): Found entity 1: soc_system_irq_mapper File: /home/marcelo/Documentos/MI_SD/P1/SistemasDigitais_Problema1/cooprocessorFiles/soc_system/synthesis/submodules/soc_system_irq_mapper.sv Line: 31
Info (12021): Found 1 design units, including 1 entities, in source file soc_system/synthesis/submodules/soc_system_mm_interconnect_1.v
    Info (12023): Found entity 1: soc_system_mm_interconnect_1 File: /home/marcelo/Documentos/MI_SD/P1/SistemasDigitais_Problema1/cooprocessorFiles/soc_system/synthesis/submodules/soc_system_mm_interconnect_1.v Line: 9
Info (12021): Found 1 design units, including 1 entities, in source file soc_system/synthesis/submodules/altera_merlin_width_adapter.sv
    Info (12023): Found entity 1: altera_merlin_width_adapter File: /home/marcelo/Documentos/MI_SD/P1/SistemasDigitais_Problema1/cooprocessorFiles/soc_system/synthesis/submodules/altera_merlin_width_adapter.sv Line: 25
Info (12021): Found 1 design units, including 1 entities, in source file soc_system/synthesis/submodules/altera_merlin_address_alignment.sv
    Info (12023): Found entity 1: altera_merlin_address_alignment File: /home/marcelo/Documentos/MI_SD/P1/SistemasDigitais_Problema1/cooprocessorFiles/soc_system/synthesis/submodules/altera_merlin_address_alignment.sv Line: 26
Info (12021): Found 1 design units, including 1 entities, in source file soc_system/synthesis/submodules/altera_merlin_burst_uncompressor.sv
    Info (12023): Found entity 1: altera_merlin_burst_uncompressor File: /home/marcelo/Documentos/MI_SD/P1/SistemasDigitais_Problema1/cooprocessorFiles/soc_system/synthesis/submodules/altera_merlin_burst_uncompressor.sv Line: 40
Info (12021): Found 1 design units, including 1 entities, in source file soc_system/synthesis/submodules/soc_system_mm_interconnect_1_rsp_mux.sv
    Info (12023): Found entity 1: soc_system_mm_interconnect_1_rsp_mux File: /home/marcelo/Documentos/MI_SD/P1/SistemasDigitais_Problema1/cooprocessorFiles/soc_system/synthesis/submodules/soc_system_mm_interconnect_1_rsp_mux.sv Line: 51
Info (12021): Found 2 design units, including 2 entities, in source file soc_system/synthesis/submodules/altera_merlin_arbitrator.sv
    Info (12023): Found entity 1: altera_merlin_arbitrator File: /home/marcelo/Documentos/MI_SD/P1/SistemasDigitais_Problema1/cooprocessorFiles/soc_system/synthesis/submodules/altera_merlin_arbitrator.sv Line: 103
    Info (12023): Found entity 2: altera_merlin_arb_adder File: /home/marcelo/Documentos/MI_SD/P1/SistemasDigitais_Problema1/cooprocessorFiles/soc_system/synthesis/submodules/altera_merlin_arbitrator.sv Line: 228
Info (12021): Found 1 design units, including 1 entities, in source file soc_system/synthesis/submodules/soc_system_mm_interconnect_1_rsp_demux.sv
    Info (12023): Found entity 1: soc_system_mm_interconnect_1_rsp_demux File: /home/marcelo/Documentos/MI_SD/P1/SistemasDigitais_Problema1/cooprocessorFiles/soc_system/synthesis/submodules/soc_system_mm_interconnect_1_rsp_demux.sv Line: 43
Info (12021): Found 1 design units, including 1 entities, in source file soc_system/synthesis/submodules/soc_system_mm_interconnect_1_cmd_mux.sv
    Info (12023): Found entity 1: soc_system_mm_interconnect_1_cmd_mux File: /home/marcelo/Documentos/MI_SD/P1/SistemasDigitais_Problema1/cooprocessorFiles/soc_system/synthesis/submodules/soc_system_mm_interconnect_1_cmd_mux.sv Line: 51
Info (12021): Found 1 design units, including 1 entities, in source file soc_system/synthesis/submodules/soc_system_mm_interconnect_1_cmd_demux.sv
    Info (12023): Found entity 1: soc_system_mm_interconnect_1_cmd_demux File: /home/marcelo/Documentos/MI_SD/P1/SistemasDigitais_Problema1/cooprocessorFiles/soc_system/synthesis/submodules/soc_system_mm_interconnect_1_cmd_demux.sv Line: 43
Info (12021): Found 1 design units, including 1 entities, in source file soc_system/synthesis/submodules/altera_merlin_traffic_limiter.sv
    Info (12023): Found entity 1: altera_merlin_traffic_limiter File: /home/marcelo/Documentos/MI_SD/P1/SistemasDigitais_Problema1/cooprocessorFiles/soc_system/synthesis/submodules/altera_merlin_traffic_limiter.sv Line: 49
Info (12021): Found 2 design units, including 2 entities, in source file soc_system/synthesis/submodules/altera_merlin_reorder_memory.sv
    Info (12023): Found entity 1: altera_merlin_reorder_memory File: /home/marcelo/Documentos/MI_SD/P1/SistemasDigitais_Problema1/cooprocessorFiles/soc_system/synthesis/submodules/altera_merlin_reorder_memory.sv Line: 28
    Info (12023): Found entity 2: memory_pointer_controller File: /home/marcelo/Documentos/MI_SD/P1/SistemasDigitais_Problema1/cooprocessorFiles/soc_system/synthesis/submodules/altera_merlin_reorder_memory.sv Line: 185
Info (12021): Found 1 design units, including 1 entities, in source file soc_system/synthesis/submodules/altera_avalon_sc_fifo.v
    Info (12023): Found entity 1: altera_avalon_sc_fifo File: /home/marcelo/Documentos/MI_SD/P1/SistemasDigitais_Problema1/cooprocessorFiles/soc_system/synthesis/submodules/altera_avalon_sc_fifo.v Line: 21
Info (12021): Found 1 design units, including 1 entities, in source file soc_system/synthesis/submodules/altera_avalon_st_pipeline_base.v
    Info (12023): Found entity 1: altera_avalon_st_pipeline_base File: /home/marcelo/Documentos/MI_SD/P1/SistemasDigitais_Problema1/cooprocessorFiles/soc_system/synthesis/submodules/altera_avalon_st_pipeline_base.v Line: 22
Info (12021): Found 2 design units, including 2 entities, in source file soc_system/synthesis/submodules/soc_system_mm_interconnect_1_router_001.sv
    Info (12023): Found entity 1: soc_system_mm_interconnect_1_router_001_default_decode File: /home/marcelo/Documentos/MI_SD/P1/SistemasDigitais_Problema1/cooprocessorFiles/soc_system/synthesis/submodules/soc_system_mm_interconnect_1_router_001.sv Line: 45
    Info (12023): Found entity 2: soc_system_mm_interconnect_1_router_001 File: /home/marcelo/Documentos/MI_SD/P1/SistemasDigitais_Problema1/cooprocessorFiles/soc_system/synthesis/submodules/soc_system_mm_interconnect_1_router_001.sv Line: 84
Info (12021): Found 2 design units, including 2 entities, in source file soc_system/synthesis/submodules/soc_system_mm_interconnect_1_router.sv
    Info (12023): Found entity 1: soc_system_mm_interconnect_1_router_default_decode File: /home/marcelo/Documentos/MI_SD/P1/SistemasDigitais_Problema1/cooprocessorFiles/soc_system/synthesis/submodules/soc_system_mm_interconnect_1_router.sv Line: 45
    Info (12023): Found entity 2: soc_system_mm_interconnect_1_router File: /home/marcelo/Documentos/MI_SD/P1/SistemasDigitais_Problema1/cooprocessorFiles/soc_system/synthesis/submodules/soc_system_mm_interconnect_1_router.sv Line: 84
Info (12021): Found 1 design units, including 1 entities, in source file soc_system/synthesis/submodules/altera_merlin_axi_slave_ni.sv
    Info (12023): Found entity 1: altera_merlin_axi_slave_ni File: /home/marcelo/Documentos/MI_SD/P1/SistemasDigitais_Problema1/cooprocessorFiles/soc_system/synthesis/submodules/altera_merlin_axi_slave_ni.sv Line: 22
Info (12021): Found 1 design units, including 1 entities, in source file soc_system/synthesis/submodules/altera_merlin_master_agent.sv
    Info (12023): Found entity 1: altera_merlin_master_agent File: /home/marcelo/Documentos/MI_SD/P1/SistemasDigitais_Problema1/cooprocessorFiles/soc_system/synthesis/submodules/altera_merlin_master_agent.sv Line: 28
Info (12021): Found 1 design units, including 1 entities, in source file soc_system/synthesis/submodules/altera_merlin_master_translator.sv
    Info (12023): Found entity 1: altera_merlin_master_translator File: /home/marcelo/Documentos/MI_SD/P1/SistemasDigitais_Problema1/cooprocessorFiles/soc_system/synthesis/submodules/altera_merlin_master_translator.sv Line: 32
Info (12021): Found 1 design units, including 1 entities, in source file soc_system/synthesis/submodules/soc_system_mm_interconnect_0.v
    Info (12023): Found entity 1: soc_system_mm_interconnect_0 File: /home/marcelo/Documentos/MI_SD/P1/SistemasDigitais_Problema1/cooprocessorFiles/soc_system/synthesis/submodules/soc_system_mm_interconnect_0.v Line: 9
Info (12021): Found 1 design units, including 1 entities, in source file soc_system/synthesis/submodules/soc_system_mm_interconnect_0_avalon_st_adapter_001.v
    Info (12023): Found entity 1: soc_system_mm_interconnect_0_avalon_st_adapter_001 File: /home/marcelo/Documentos/MI_SD/P1/SistemasDigitais_Problema1/cooprocessorFiles/soc_system/synthesis/submodules/soc_system_mm_interconnect_0_avalon_st_adapter_001.v Line: 9
Info (12021): Found 1 design units, including 1 entities, in source file soc_system/synthesis/submodules/soc_system_mm_interconnect_0_avalon_st_adapter_001_error_adapter_0.sv
    Info (12023): Found entity 1: soc_system_mm_interconnect_0_avalon_st_adapter_001_error_adapter_0 File: /home/marcelo/Documentos/MI_SD/P1/SistemasDigitais_Problema1/cooprocessorFiles/soc_system/synthesis/submodules/soc_system_mm_interconnect_0_avalon_st_adapter_001_error_adapter_0.sv Line: 66
Info (12021): Found 1 design units, including 1 entities, in source file soc_system/synthesis/submodules/soc_system_mm_interconnect_0_avalon_st_adapter.v
    Info (12023): Found entity 1: soc_system_mm_interconnect_0_avalon_st_adapter File: /home/marcelo/Documentos/MI_SD/P1/SistemasDigitais_Problema1/cooprocessorFiles/soc_system/synthesis/submodules/soc_system_mm_interconnect_0_avalon_st_adapter.v Line: 9
Info (12021): Found 1 design units, including 1 entities, in source file soc_system/synthesis/submodules/soc_system_mm_interconnect_0_avalon_st_adapter_error_adapter_0.sv
    Info (12023): Found entity 1: soc_system_mm_interconnect_0_avalon_st_adapter_error_adapter_0 File: /home/marcelo/Documentos/MI_SD/P1/SistemasDigitais_Problema1/cooprocessorFiles/soc_system/synthesis/submodules/soc_system_mm_interconnect_0_avalon_st_adapter_error_adapter_0.sv Line: 66
Info (12021): Found 1 design units, including 1 entities, in source file soc_system/synthesis/submodules/soc_system_mm_interconnect_0_rsp_mux_003.sv
    Info (12023): Found entity 1: soc_system_mm_interconnect_0_rsp_mux_003 File: /home/marcelo/Documentos/MI_SD/P1/SistemasDigitais_Problema1/cooprocessorFiles/soc_system/synthesis/submodules/soc_system_mm_interconnect_0_rsp_mux_003.sv Line: 51
Info (12021): Found 1 design units, including 1 entities, in source file soc_system/synthesis/submodules/soc_system_mm_interconnect_0_rsp_mux_002.sv
    Info (12023): Found entity 1: soc_system_mm_interconnect_0_rsp_mux_002 File: /home/marcelo/Documentos/MI_SD/P1/SistemasDigitais_Problema1/cooprocessorFiles/soc_system/synthesis/submodules/soc_system_mm_interconnect_0_rsp_mux_002.sv Line: 51
Info (12021): Found 1 design units, including 1 entities, in source file soc_system/synthesis/submodules/soc_system_mm_interconnect_0_rsp_mux.sv
    Info (12023): Found entity 1: soc_system_mm_interconnect_0_rsp_mux File: /home/marcelo/Documentos/MI_SD/P1/SistemasDigitais_Problema1/cooprocessorFiles/soc_system/synthesis/submodules/soc_system_mm_interconnect_0_rsp_mux.sv Line: 51
Info (12021): Found 1 design units, including 1 entities, in source file soc_system/synthesis/submodules/soc_system_mm_interconnect_0_rsp_demux_004.sv
    Info (12023): Found entity 1: soc_system_mm_interconnect_0_rsp_demux_004 File: /home/marcelo/Documentos/MI_SD/P1/SistemasDigitais_Problema1/cooprocessorFiles/soc_system/synthesis/submodules/soc_system_mm_interconnect_0_rsp_demux_004.sv Line: 43
Info (12021): Found 1 design units, including 1 entities, in source file soc_system/synthesis/submodules/soc_system_mm_interconnect_0_rsp_demux_002.sv
    Info (12023): Found entity 1: soc_system_mm_interconnect_0_rsp_demux_002 File: /home/marcelo/Documentos/MI_SD/P1/SistemasDigitais_Problema1/cooprocessorFiles/soc_system/synthesis/submodules/soc_system_mm_interconnect_0_rsp_demux_002.sv Line: 43
Info (12021): Found 1 design units, including 1 entities, in source file soc_system/synthesis/submodules/soc_system_mm_interconnect_0_rsp_demux_001.sv
    Info (12023): Found entity 1: soc_system_mm_interconnect_0_rsp_demux_001 File: /home/marcelo/Documentos/MI_SD/P1/SistemasDigitais_Problema1/cooprocessorFiles/soc_system/synthesis/submodules/soc_system_mm_interconnect_0_rsp_demux_001.sv Line: 43
Info (12021): Found 1 design units, including 1 entities, in source file soc_system/synthesis/submodules/soc_system_mm_interconnect_0_rsp_demux.sv
    Info (12023): Found entity 1: soc_system_mm_interconnect_0_rsp_demux File: /home/marcelo/Documentos/MI_SD/P1/SistemasDigitais_Problema1/cooprocessorFiles/soc_system/synthesis/submodules/soc_system_mm_interconnect_0_rsp_demux.sv Line: 43
Info (12021): Found 1 design units, including 1 entities, in source file soc_system/synthesis/submodules/soc_system_mm_interconnect_0_cmd_mux_004.sv
    Info (12023): Found entity 1: soc_system_mm_interconnect_0_cmd_mux_004 File: /home/marcelo/Documentos/MI_SD/P1/SistemasDigitais_Problema1/cooprocessorFiles/soc_system/synthesis/submodules/soc_system_mm_interconnect_0_cmd_mux_004.sv Line: 51
Info (12021): Found 1 design units, including 1 entities, in source file soc_system/synthesis/submodules/soc_system_mm_interconnect_0_cmd_mux_002.sv
    Info (12023): Found entity 1: soc_system_mm_interconnect_0_cmd_mux_002 File: /home/marcelo/Documentos/MI_SD/P1/SistemasDigitais_Problema1/cooprocessorFiles/soc_system/synthesis/submodules/soc_system_mm_interconnect_0_cmd_mux_002.sv Line: 51
Info (12021): Found 1 design units, including 1 entities, in source file soc_system/synthesis/submodules/soc_system_mm_interconnect_0_cmd_mux_001.sv
    Info (12023): Found entity 1: soc_system_mm_interconnect_0_cmd_mux_001 File: /home/marcelo/Documentos/MI_SD/P1/SistemasDigitais_Problema1/cooprocessorFiles/soc_system/synthesis/submodules/soc_system_mm_interconnect_0_cmd_mux_001.sv Line: 51
Info (12021): Found 1 design units, including 1 entities, in source file soc_system/synthesis/submodules/soc_system_mm_interconnect_0_cmd_mux.sv
    Info (12023): Found entity 1: soc_system_mm_interconnect_0_cmd_mux File: /home/marcelo/Documentos/MI_SD/P1/SistemasDigitais_Problema1/cooprocessorFiles/soc_system/synthesis/submodules/soc_system_mm_interconnect_0_cmd_mux.sv Line: 51
Info (12021): Found 1 design units, including 1 entities, in source file soc_system/synthesis/submodules/soc_system_mm_interconnect_0_cmd_demux_003.sv
    Info (12023): Found entity 1: soc_system_mm_interconnect_0_cmd_demux_003 File: /home/marcelo/Documentos/MI_SD/P1/SistemasDigitais_Problema1/cooprocessorFiles/soc_system/synthesis/submodules/soc_system_mm_interconnect_0_cmd_demux_003.sv Line: 43
Info (12021): Found 1 design units, including 1 entities, in source file soc_system/synthesis/submodules/soc_system_mm_interconnect_0_cmd_demux_002.sv
    Info (12023): Found entity 1: soc_system_mm_interconnect_0_cmd_demux_002 File: /home/marcelo/Documentos/MI_SD/P1/SistemasDigitais_Problema1/cooprocessorFiles/soc_system/synthesis/submodules/soc_system_mm_interconnect_0_cmd_demux_002.sv Line: 43
Info (12021): Found 1 design units, including 1 entities, in source file soc_system/synthesis/submodules/soc_system_mm_interconnect_0_cmd_demux.sv
    Info (12023): Found entity 1: soc_system_mm_interconnect_0_cmd_demux File: /home/marcelo/Documentos/MI_SD/P1/SistemasDigitais_Problema1/cooprocessorFiles/soc_system/synthesis/submodules/soc_system_mm_interconnect_0_cmd_demux.sv Line: 43
Info (12021): Found 1 design units, including 1 entities, in source file soc_system/synthesis/submodules/altera_merlin_burst_adapter.sv
    Info (12023): Found entity 1: altera_merlin_burst_adapter File: /home/marcelo/Documentos/MI_SD/P1/SistemasDigitais_Problema1/cooprocessorFiles/soc_system/synthesis/submodules/altera_merlin_burst_adapter.sv Line: 21
Info (12021): Found 1 design units, including 1 entities, in source file soc_system/synthesis/submodules/altera_merlin_burst_adapter_uncmpr.sv
    Info (12023): Found entity 1: altera_merlin_burst_adapter_uncompressed_only File: /home/marcelo/Documentos/MI_SD/P1/SistemasDigitais_Problema1/cooprocessorFiles/soc_system/synthesis/submodules/altera_merlin_burst_adapter_uncmpr.sv Line: 39
Info (12021): Found 5 design units, including 5 entities, in source file soc_system/synthesis/submodules/altera_merlin_burst_adapter_13_1.sv
    Info (12023): Found entity 1: altera_merlin_burst_adapter_burstwrap_increment File: /home/marcelo/Documentos/MI_SD/P1/SistemasDigitais_Problema1/cooprocessorFiles/soc_system/synthesis/submodules/altera_merlin_burst_adapter_13_1.sv Line: 40
    Info (12023): Found entity 2: altera_merlin_burst_adapter_adder File: /home/marcelo/Documentos/MI_SD/P1/SistemasDigitais_Problema1/cooprocessorFiles/soc_system/synthesis/submodules/altera_merlin_burst_adapter_13_1.sv Line: 55
    Info (12023): Found entity 3: altera_merlin_burst_adapter_subtractor File: /home/marcelo/Documentos/MI_SD/P1/SistemasDigitais_Problema1/cooprocessorFiles/soc_system/synthesis/submodules/altera_merlin_burst_adapter_13_1.sv Line: 77
    Info (12023): Found entity 4: altera_merlin_burst_adapter_min File: /home/marcelo/Documentos/MI_SD/P1/SistemasDigitais_Problema1/cooprocessorFiles/soc_system/synthesis/submodules/altera_merlin_burst_adapter_13_1.sv Line: 98
    Info (12023): Found entity 5: altera_merlin_burst_adapter_13_1 File: /home/marcelo/Documentos/MI_SD/P1/SistemasDigitais_Problema1/cooprocessorFiles/soc_system/synthesis/submodules/altera_merlin_burst_adapter_13_1.sv Line: 264
Info (12021): Found 1 design units, including 1 entities, in source file soc_system/synthesis/submodules/altera_merlin_burst_adapter_new.sv
    Info (12023): Found entity 1: altera_merlin_burst_adapter_new File: /home/marcelo/Documentos/MI_SD/P1/SistemasDigitais_Problema1/cooprocessorFiles/soc_system/synthesis/submodules/altera_merlin_burst_adapter_new.sv Line: 25
Info (12021): Found 1 design units, including 1 entities, in source file soc_system/synthesis/submodules/altera_incr_burst_converter.sv
    Info (12023): Found entity 1: altera_incr_burst_converter File: /home/marcelo/Documentos/MI_SD/P1/SistemasDigitais_Problema1/cooprocessorFiles/soc_system/synthesis/submodules/altera_incr_burst_converter.sv Line: 28
Info (12021): Found 1 design units, including 1 entities, in source file soc_system/synthesis/submodules/altera_wrap_burst_converter.sv
    Info (12023): Found entity 1: altera_wrap_burst_converter File: /home/marcelo/Documentos/MI_SD/P1/SistemasDigitais_Problema1/cooprocessorFiles/soc_system/synthesis/submodules/altera_wrap_burst_converter.sv Line: 27
Info (12021): Found 1 design units, including 1 entities, in source file soc_system/synthesis/submodules/altera_default_burst_converter.sv
    Info (12023): Found entity 1: altera_default_burst_converter File: /home/marcelo/Documentos/MI_SD/P1/SistemasDigitais_Problema1/cooprocessorFiles/soc_system/synthesis/submodules/altera_default_burst_converter.sv Line: 30
Info (12021): Found 1 design units, including 1 entities, in source file soc_system/synthesis/submodules/altera_avalon_st_pipeline_stage.sv
    Info (12023): Found entity 1: altera_avalon_st_pipeline_stage File: /home/marcelo/Documentos/MI_SD/P1/SistemasDigitais_Problema1/cooprocessorFiles/soc_system/synthesis/submodules/altera_avalon_st_pipeline_stage.sv Line: 22
Info (12021): Found 2 design units, including 2 entities, in source file soc_system/synthesis/submodules/soc_system_mm_interconnect_0_router_009.sv
    Info (12023): Found entity 1: soc_system_mm_interconnect_0_router_009_default_decode File: /home/marcelo/Documentos/MI_SD/P1/SistemasDigitais_Problema1/cooprocessorFiles/soc_system/synthesis/submodules/soc_system_mm_interconnect_0_router_009.sv Line: 45
    Info (12023): Found entity 2: soc_system_mm_interconnect_0_router_009 File: /home/marcelo/Documentos/MI_SD/P1/SistemasDigitais_Problema1/cooprocessorFiles/soc_system/synthesis/submodules/soc_system_mm_interconnect_0_router_009.sv Line: 84
Info (12021): Found 2 design units, including 2 entities, in source file soc_system/synthesis/submodules/soc_system_mm_interconnect_0_router_007.sv
    Info (12023): Found entity 1: soc_system_mm_interconnect_0_router_007_default_decode File: /home/marcelo/Documentos/MI_SD/P1/SistemasDigitais_Problema1/cooprocessorFiles/soc_system/synthesis/submodules/soc_system_mm_interconnect_0_router_007.sv Line: 45
    Info (12023): Found entity 2: soc_system_mm_interconnect_0_router_007 File: /home/marcelo/Documentos/MI_SD/P1/SistemasDigitais_Problema1/cooprocessorFiles/soc_system/synthesis/submodules/soc_system_mm_interconnect_0_router_007.sv Line: 84
Info (12021): Found 2 design units, including 2 entities, in source file soc_system/synthesis/submodules/soc_system_mm_interconnect_0_router_006.sv
    Info (12023): Found entity 1: soc_system_mm_interconnect_0_router_006_default_decode File: /home/marcelo/Documentos/MI_SD/P1/SistemasDigitais_Problema1/cooprocessorFiles/soc_system/synthesis/submodules/soc_system_mm_interconnect_0_router_006.sv Line: 45
    Info (12023): Found entity 2: soc_system_mm_interconnect_0_router_006 File: /home/marcelo/Documentos/MI_SD/P1/SistemasDigitais_Problema1/cooprocessorFiles/soc_system/synthesis/submodules/soc_system_mm_interconnect_0_router_006.sv Line: 84
Info (12021): Found 2 design units, including 2 entities, in source file soc_system/synthesis/submodules/soc_system_mm_interconnect_0_router_005.sv
    Info (12023): Found entity 1: soc_system_mm_interconnect_0_router_005_default_decode File: /home/marcelo/Documentos/MI_SD/P1/SistemasDigitais_Problema1/cooprocessorFiles/soc_system/synthesis/submodules/soc_system_mm_interconnect_0_router_005.sv Line: 45
    Info (12023): Found entity 2: soc_system_mm_interconnect_0_router_005 File: /home/marcelo/Documentos/MI_SD/P1/SistemasDigitais_Problema1/cooprocessorFiles/soc_system/synthesis/submodules/soc_system_mm_interconnect_0_router_005.sv Line: 84
Info (12021): Found 2 design units, including 2 entities, in source file soc_system/synthesis/submodules/soc_system_mm_interconnect_0_router_003.sv
    Info (12023): Found entity 1: soc_system_mm_interconnect_0_router_003_default_decode File: /home/marcelo/Documentos/MI_SD/P1/SistemasDigitais_Problema1/cooprocessorFiles/soc_system/synthesis/submodules/soc_system_mm_interconnect_0_router_003.sv Line: 45
    Info (12023): Found entity 2: soc_system_mm_interconnect_0_router_003 File: /home/marcelo/Documentos/MI_SD/P1/SistemasDigitais_Problema1/cooprocessorFiles/soc_system/synthesis/submodules/soc_system_mm_interconnect_0_router_003.sv Line: 84
Info (12021): Found 2 design units, including 2 entities, in source file soc_system/synthesis/submodules/soc_system_mm_interconnect_0_router_002.sv
    Info (12023): Found entity 1: soc_system_mm_interconnect_0_router_002_default_decode File: /home/marcelo/Documentos/MI_SD/P1/SistemasDigitais_Problema1/cooprocessorFiles/soc_system/synthesis/submodules/soc_system_mm_interconnect_0_router_002.sv Line: 45
    Info (12023): Found entity 2: soc_system_mm_interconnect_0_router_002 File: /home/marcelo/Documentos/MI_SD/P1/SistemasDigitais_Problema1/cooprocessorFiles/soc_system/synthesis/submodules/soc_system_mm_interconnect_0_router_002.sv Line: 84
Info (12021): Found 2 design units, including 2 entities, in source file soc_system/synthesis/submodules/soc_system_mm_interconnect_0_router.sv
    Info (12023): Found entity 1: soc_system_mm_interconnect_0_router_default_decode File: /home/marcelo/Documentos/MI_SD/P1/SistemasDigitais_Problema1/cooprocessorFiles/soc_system/synthesis/submodules/soc_system_mm_interconnect_0_router.sv Line: 45
    Info (12023): Found entity 2: soc_system_mm_interconnect_0_router File: /home/marcelo/Documentos/MI_SD/P1/SistemasDigitais_Problema1/cooprocessorFiles/soc_system/synthesis/submodules/soc_system_mm_interconnect_0_router.sv Line: 84
Info (12021): Found 1 design units, including 1 entities, in source file soc_system/synthesis/submodules/altera_merlin_slave_agent.sv
    Info (12023): Found entity 1: altera_merlin_slave_agent File: /home/marcelo/Documentos/MI_SD/P1/SistemasDigitais_Problema1/cooprocessorFiles/soc_system/synthesis/submodules/altera_merlin_slave_agent.sv Line: 34
Info (12021): Found 1 design units, including 1 entities, in source file soc_system/synthesis/submodules/altera_merlin_axi_master_ni.sv
    Info (12023): Found entity 1: altera_merlin_axi_master_ni File: /home/marcelo/Documentos/MI_SD/P1/SistemasDigitais_Problema1/cooprocessorFiles/soc_system/synthesis/submodules/altera_merlin_axi_master_ni.sv Line: 27
Info (12021): Found 1 design units, including 1 entities, in source file soc_system/synthesis/submodules/altera_merlin_slave_translator.sv
    Info (12023): Found entity 1: altera_merlin_slave_translator File: /home/marcelo/Documentos/MI_SD/P1/SistemasDigitais_Problema1/cooprocessorFiles/soc_system/synthesis/submodules/altera_merlin_slave_translator.sv Line: 35
Info (12021): Found 1 design units, including 1 entities, in source file soc_system/synthesis/submodules/altera_up_avalon_video_vga_timing.v
    Info (12023): Found entity 1: altera_up_avalon_video_vga_timing File: /home/marcelo/Documentos/MI_SD/P1/SistemasDigitais_Problema1/cooprocessorFiles/soc_system/synthesis/submodules/altera_up_avalon_video_vga_timing.v Line: 28
Info (12021): Found 1 design units, including 1 entities, in source file soc_system/synthesis/submodules/soc_system_video_vga_controller_0.v
    Info (12023): Found entity 1: soc_system_video_vga_controller_0 File: /home/marcelo/Documentos/MI_SD/P1/SistemasDigitais_Problema1/cooprocessorFiles/soc_system/synthesis/submodules/soc_system_video_vga_controller_0.v Line: 28
Info (12021): Found 1 design units, including 1 entities, in source file soc_system/synthesis/submodules/soc_system_sysid_qsys.v
    Info (12023): Found entity 1: soc_system_sysid_qsys File: /home/marcelo/Documentos/MI_SD/P1/SistemasDigitais_Problema1/cooprocessorFiles/soc_system/synthesis/submodules/soc_system_sysid_qsys.v Line: 34
Info (12021): Found 1 design units, including 1 entities, in source file soc_system/synthesis/submodules/soc_system_pio_WAITSIGNAL.v
    Info (12023): Found entity 1: soc_system_pio_WAITSIGNAL File: /home/marcelo/Documentos/MI_SD/P1/SistemasDigitais_Problema1/cooprocessorFiles/soc_system/synthesis/submodules/soc_system_pio_WAITSIGNAL.v Line: 21
Info (12021): Found 1 design units, including 1 entities, in source file soc_system/synthesis/submodules/soc_system_pio_INSTR.v
    Info (12023): Found entity 1: soc_system_pio_INSTR File: /home/marcelo/Documentos/MI_SD/P1/SistemasDigitais_Problema1/cooprocessorFiles/soc_system/synthesis/submodules/soc_system_pio_INSTR.v Line: 21
Info (12021): Found 1 design units, including 1 entities, in source file soc_system/synthesis/submodules/soc_system_pio_DATA.v
    Info (12023): Found entity 1: soc_system_pio_DATA File: /home/marcelo/Documentos/MI_SD/P1/SistemasDigitais_Problema1/cooprocessorFiles/soc_system/synthesis/submodules/soc_system_pio_DATA.v Line: 21
Info (12021): Found 1 design units, including 1 entities, in source file soc_system/synthesis/submodules/soc_system_pio_ACTIVATE.v
    Info (12023): Found entity 1: soc_system_pio_ACTIVATE File: /home/marcelo/Documentos/MI_SD/P1/SistemasDigitais_Problema1/cooprocessorFiles/soc_system/synthesis/submodules/soc_system_pio_ACTIVATE.v Line: 21
Info (12021): Found 1 design units, including 1 entities, in source file soc_system/synthesis/submodules/soc_system_onchip_memory2_0.v
    Info (12023): Found entity 1: soc_system_onchip_memory2_0 File: /home/marcelo/Documentos/MI_SD/P1/SistemasDigitais_Problema1/cooprocessorFiles/soc_system/synthesis/submodules/soc_system_onchip_memory2_0.v Line: 21
Info (12021): Found 5 design units, including 5 entities, in source file soc_system/synthesis/submodules/soc_system_jtag_uart.v
    Info (12023): Found entity 1: soc_system_jtag_uart_sim_scfifo_w File: /home/marcelo/Documentos/MI_SD/P1/SistemasDigitais_Problema1/cooprocessorFiles/soc_system/synthesis/submodules/soc_system_jtag_uart.v Line: 21
    Info (12023): Found entity 2: soc_system_jtag_uart_scfifo_w File: /home/marcelo/Documentos/MI_SD/P1/SistemasDigitais_Problema1/cooprocessorFiles/soc_system/synthesis/submodules/soc_system_jtag_uart.v Line: 78
    Info (12023): Found entity 3: soc_system_jtag_uart_sim_scfifo_r File: /home/marcelo/Documentos/MI_SD/P1/SistemasDigitais_Problema1/cooprocessorFiles/soc_system/synthesis/submodules/soc_system_jtag_uart.v Line: 164
    Info (12023): Found entity 4: soc_system_jtag_uart_scfifo_r File: /home/marcelo/Documentos/MI_SD/P1/SistemasDigitais_Problema1/cooprocessorFiles/soc_system/synthesis/submodules/soc_system_jtag_uart.v Line: 243
    Info (12023): Found entity 5: soc_system_jtag_uart File: /home/marcelo/Documentos/MI_SD/P1/SistemasDigitais_Problema1/cooprocessorFiles/soc_system/synthesis/submodules/soc_system_jtag_uart.v Line: 331
Info (12021): Found 1 design units, including 1 entities, in source file soc_system/synthesis/submodules/intr_capturer.v
    Info (12023): Found entity 1: intr_capturer File: /home/marcelo/Documentos/MI_SD/P1/SistemasDigitais_Problema1/cooprocessorFiles/soc_system/synthesis/submodules/intr_capturer.v Line: 13
Info (12021): Found 1 design units, including 1 entities, in source file soc_system/synthesis/submodules/soc_system_hps_0.v
    Info (12023): Found entity 1: soc_system_hps_0 File: /home/marcelo/Documentos/MI_SD/P1/SistemasDigitais_Problema1/cooprocessorFiles/soc_system/synthesis/submodules/soc_system_hps_0.v Line: 9
Info (12021): Found 1 design units, including 1 entities, in source file soc_system/synthesis/submodules/soc_system_hps_0_hps_io.v
    Info (12023): Found entity 1: soc_system_hps_0_hps_io File: /home/marcelo/Documentos/MI_SD/P1/SistemasDigitais_Problema1/cooprocessorFiles/soc_system/synthesis/submodules/soc_system_hps_0_hps_io.v Line: 9
Info (12021): Found 1 design units, including 1 entities, in source file soc_system/synthesis/submodules/hps_sdram.v
    Info (12023): Found entity 1: hps_sdram File: /home/marcelo/Documentos/MI_SD/P1/SistemasDigitais_Problema1/cooprocessorFiles/soc_system/synthesis/submodules/hps_sdram.v Line: 9
Info (12021): Found 1 design units, including 1 entities, in source file soc_system/synthesis/submodules/hps_sdram_pll.sv
    Info (12023): Found entity 1: hps_sdram_pll File: /home/marcelo/Documentos/MI_SD/P1/SistemasDigitais_Problema1/cooprocessorFiles/soc_system/synthesis/submodules/hps_sdram_pll.sv Line: 25
Info (12021): Found 1 design units, including 1 entities, in source file soc_system/synthesis/submodules/hps_sdram_p0_reset_sync.v
    Info (12023): Found entity 1: hps_sdram_p0_reset_sync File: /home/marcelo/Documentos/MI_SD/P1/SistemasDigitais_Problema1/cooprocessorFiles/soc_system/synthesis/submodules/hps_sdram_p0_reset_sync.v Line: 17
Info (12021): Found 1 design units, including 1 entities, in source file soc_system/synthesis/submodules/hps_sdram_p0_altdqdqs.v
    Info (12023): Found entity 1: hps_sdram_p0_altdqdqs File: /home/marcelo/Documentos/MI_SD/P1/SistemasDigitais_Problema1/cooprocessorFiles/soc_system/synthesis/submodules/hps_sdram_p0_altdqdqs.v Line: 17
Info (12021): Found 1 design units, including 1 entities, in source file soc_system/synthesis/submodules/altera_mem_if_dll_cyclonev.sv
    Info (12023): Found entity 1: altera_mem_if_dll_cyclonev File: /home/marcelo/Documentos/MI_SD/P1/SistemasDigitais_Problema1/cooprocessorFiles/soc_system/synthesis/submodules/altera_mem_if_dll_cyclonev.sv Line: 23
Info (12021): Found 1 design units, including 1 entities, in source file soc_system/synthesis/submodules/hps_sdram_p0.sv
    Info (12023): Found entity 1: hps_sdram_p0 File: /home/marcelo/Documentos/MI_SD/P1/SistemasDigitais_Problema1/cooprocessorFiles/soc_system/synthesis/submodules/hps_sdram_p0.sv Line: 18
Info (12021): Found 1 design units, including 1 entities, in source file soc_system/synthesis/submodules/hps_sdram_p0_generic_ddio.v
    Info (12023): Found entity 1: hps_sdram_p0_generic_ddio File: /home/marcelo/Documentos/MI_SD/P1/SistemasDigitais_Problema1/cooprocessorFiles/soc_system/synthesis/submodules/hps_sdram_p0_generic_ddio.v Line: 17
Info (12021): Found 1 design units, including 1 entities, in source file soc_system/synthesis/submodules/hps_sdram_p0_reset.v
    Info (12023): Found entity 1: hps_sdram_p0_reset File: /home/marcelo/Documentos/MI_SD/P1/SistemasDigitais_Problema1/cooprocessorFiles/soc_system/synthesis/submodules/hps_sdram_p0_reset.v Line: 18
Info (12021): Found 1 design units, including 1 entities, in source file soc_system/synthesis/submodules/hps_sdram_p0_phy_csr.sv
    Info (12023): Found entity 1: hps_sdram_p0_phy_csr File: /home/marcelo/Documentos/MI_SD/P1/SistemasDigitais_Problema1/cooprocessorFiles/soc_system/synthesis/submodules/hps_sdram_p0_phy_csr.sv Line: 31
Info (12021): Found 1 design units, including 1 entities, in source file soc_system/synthesis/submodules/hps_sdram_p0_acv_ldc.v
    Info (12023): Found entity 1: hps_sdram_p0_acv_ldc File: /home/marcelo/Documentos/MI_SD/P1/SistemasDigitais_Problema1/cooprocessorFiles/soc_system/synthesis/submodules/hps_sdram_p0_acv_ldc.v Line: 17
Info (12021): Found 1 design units, including 1 entities, in source file soc_system/synthesis/submodules/altera_mem_if_hhp_qseq_synth_top.v
    Info (12023): Found entity 1: altera_mem_if_hhp_qseq_synth_top File: /home/marcelo/Documentos/MI_SD/P1/SistemasDigitais_Problema1/cooprocessorFiles/soc_system/synthesis/submodules/altera_mem_if_hhp_qseq_synth_top.v Line: 15
Info (12021): Found 1 design units, including 1 entities, in source file soc_system/synthesis/submodules/hps_sdram_p0_acv_hard_memphy.v
    Info (12023): Found entity 1: hps_sdram_p0_acv_hard_memphy File: /home/marcelo/Documentos/MI_SD/P1/SistemasDigitais_Problema1/cooprocessorFiles/soc_system/synthesis/submodules/hps_sdram_p0_acv_hard_memphy.v Line: 21
Info (12021): Found 1 design units, including 1 entities, in source file soc_system/synthesis/submodules/hps_sdram_p0_acv_hard_addr_cmd_pads.v
    Info (12023): Found entity 1: hps_sdram_p0_acv_hard_addr_cmd_pads File: /home/marcelo/Documentos/MI_SD/P1/SistemasDigitais_Problema1/cooprocessorFiles/soc_system/synthesis/submodules/hps_sdram_p0_acv_hard_addr_cmd_pads.v Line: 17
Info (12021): Found 1 design units, including 1 entities, in source file soc_system/synthesis/submodules/hps_sdram_p0_iss_probe.v
    Info (12023): Found entity 1: hps_sdram_p0_iss_probe File: /home/marcelo/Documentos/MI_SD/P1/SistemasDigitais_Problema1/cooprocessorFiles/soc_system/synthesis/submodules/hps_sdram_p0_iss_probe.v Line: 17
Info (12021): Found 1 design units, including 1 entities, in source file soc_system/synthesis/submodules/altera_mem_if_oct_cyclonev.sv
    Info (12023): Found entity 1: altera_mem_if_oct_cyclonev File: /home/marcelo/Documentos/MI_SD/P1/SistemasDigitais_Problema1/cooprocessorFiles/soc_system/synthesis/submodules/altera_mem_if_oct_cyclonev.sv Line: 23
Info (12021): Found 1 design units, including 1 entities, in source file soc_system/synthesis/submodules/hps_sdram_p0_clock_pair_generator.v
    Info (12023): Found entity 1: hps_sdram_p0_clock_pair_generator File: /home/marcelo/Documentos/MI_SD/P1/SistemasDigitais_Problema1/cooprocessorFiles/soc_system/synthesis/submodules/hps_sdram_p0_clock_pair_generator.v Line: 29
Info (12021): Found 1 design units, including 1 entities, in source file soc_system/synthesis/submodules/hps_sdram_p0_acv_hard_io_pads.v
    Info (12023): Found entity 1: hps_sdram_p0_acv_hard_io_pads File: /home/marcelo/Documentos/MI_SD/P1/SistemasDigitais_Problema1/cooprocessorFiles/soc_system/synthesis/submodules/hps_sdram_p0_acv_hard_io_pads.v Line: 17
Info (12021): Found 1 design units, including 1 entities, in source file soc_system/synthesis/submodules/altera_mem_if_hard_memory_controller_top_cyclonev.sv
    Info (12023): Found entity 1: altera_mem_if_hard_memory_controller_top_cyclonev File: /home/marcelo/Documentos/MI_SD/P1/SistemasDigitais_Problema1/cooprocessorFiles/soc_system/synthesis/submodules/altera_mem_if_hard_memory_controller_top_cyclonev.sv Line: 18
Info (12021): Found 1 design units, including 1 entities, in source file soc_system/synthesis/submodules/altdq_dqs2_acv_connect_to_hard_phy_cyclonev.sv
    Info (12023): Found entity 1: altdq_dqs2_acv_connect_to_hard_phy_cyclonev File: /home/marcelo/Documentos/MI_SD/P1/SistemasDigitais_Problema1/cooprocessorFiles/soc_system/synthesis/submodules/altdq_dqs2_acv_connect_to_hard_phy_cyclonev.sv Line: 19
Info (12021): Found 1 design units, including 1 entities, in source file soc_system/synthesis/submodules/soc_system_hps_0_hps_io_border.sv
    Info (12023): Found entity 1: soc_system_hps_0_hps_io_border File: /home/marcelo/Documentos/MI_SD/P1/SistemasDigitais_Problema1/cooprocessorFiles/soc_system/synthesis/submodules/soc_system_hps_0_hps_io_border.sv Line: 14
Info (12021): Found 1 design units, including 1 entities, in source file soc_system/synthesis/submodules/soc_system_hps_0_fpga_interfaces.sv
    Info (12023): Found entity 1: soc_system_hps_0_fpga_interfaces File: /home/marcelo/Documentos/MI_SD/P1/SistemasDigitais_Problema1/cooprocessorFiles/soc_system/synthesis/submodules/soc_system_hps_0_fpga_interfaces.sv Line: 14
Info (12021): Found 1 design units, including 1 entities, in source file soc_system/synthesis/submodules/soc_system_fpga_only_master.v
    Info (12023): Found entity 1: soc_system_fpga_only_master File: /home/marcelo/Documentos/MI_SD/P1/SistemasDigitais_Problema1/cooprocessorFiles/soc_system/synthesis/submodules/soc_system_fpga_only_master.v Line: 9
Info (12021): Found 1 design units, including 1 entities, in source file soc_system/synthesis/submodules/soc_system_fpga_only_master_p2b_adapter.sv
    Info (12023): Found entity 1: soc_system_fpga_only_master_p2b_adapter File: /home/marcelo/Documentos/MI_SD/P1/SistemasDigitais_Problema1/cooprocessorFiles/soc_system/synthesis/submodules/soc_system_fpga_only_master_p2b_adapter.sv Line: 55
Info (12021): Found 1 design units, including 1 entities, in source file soc_system/synthesis/submodules/soc_system_fpga_only_master_b2p_adapter.sv
    Info (12023): Found entity 1: soc_system_fpga_only_master_b2p_adapter File: /home/marcelo/Documentos/MI_SD/P1/SistemasDigitais_Problema1/cooprocessorFiles/soc_system/synthesis/submodules/soc_system_fpga_only_master_b2p_adapter.sv Line: 55
Info (12021): Found 7 design units, including 7 entities, in source file soc_system/synthesis/submodules/altera_avalon_packets_to_master.v
    Info (12023): Found entity 1: altera_avalon_packets_to_master File: /home/marcelo/Documentos/MI_SD/P1/SistemasDigitais_Problema1/cooprocessorFiles/soc_system/synthesis/submodules/altera_avalon_packets_to_master.v Line: 22
    Info (12023): Found entity 2: packets_to_fifo File: /home/marcelo/Documentos/MI_SD/P1/SistemasDigitais_Problema1/cooprocessorFiles/soc_system/synthesis/submodules/altera_avalon_packets_to_master.v Line: 142
    Info (12023): Found entity 3: fifo_buffer_single_clock_fifo File: /home/marcelo/Documentos/MI_SD/P1/SistemasDigitais_Problema1/cooprocessorFiles/soc_system/synthesis/submodules/altera_avalon_packets_to_master.v Line: 512
    Info (12023): Found entity 4: fifo_buffer_scfifo_with_controls File: /home/marcelo/Documentos/MI_SD/P1/SistemasDigitais_Problema1/cooprocessorFiles/soc_system/synthesis/submodules/altera_avalon_packets_to_master.v Line: 573
    Info (12023): Found entity 5: fifo_buffer File: /home/marcelo/Documentos/MI_SD/P1/SistemasDigitais_Problema1/cooprocessorFiles/soc_system/synthesis/submodules/altera_avalon_packets_to_master.v Line: 627
    Info (12023): Found entity 6: fifo_to_packet File: /home/marcelo/Documentos/MI_SD/P1/SistemasDigitais_Problema1/cooprocessorFiles/soc_system/synthesis/submodules/altera_avalon_packets_to_master.v Line: 697
    Info (12023): Found entity 7: packets_to_master File: /home/marcelo/Documentos/MI_SD/P1/SistemasDigitais_Problema1/cooprocessorFiles/soc_system/synthesis/submodules/altera_avalon_packets_to_master.v Line: 851
Info (12021): Found 1 design units, including 1 entities, in source file soc_system/synthesis/submodules/altera_avalon_st_packets_to_bytes.v
    Info (12023): Found entity 1: altera_avalon_st_packets_to_bytes File: /home/marcelo/Documentos/MI_SD/P1/SistemasDigitais_Problema1/cooprocessorFiles/soc_system/synthesis/submodules/altera_avalon_st_packets_to_bytes.v Line: 19
Info (12021): Found 1 design units, including 1 entities, in source file soc_system/synthesis/submodules/altera_avalon_st_bytes_to_packets.v
    Info (12023): Found entity 1: altera_avalon_st_bytes_to_packets File: /home/marcelo/Documentos/MI_SD/P1/SistemasDigitais_Problema1/cooprocessorFiles/soc_system/synthesis/submodules/altera_avalon_st_bytes_to_packets.v Line: 19
Info (12021): Found 1 design units, including 1 entities, in source file soc_system/synthesis/submodules/soc_system_fpga_only_master_timing_adt.sv
    Info (12023): Found entity 1: soc_system_fpga_only_master_timing_adt File: /home/marcelo/Documentos/MI_SD/P1/SistemasDigitais_Problema1/cooprocessorFiles/soc_system/synthesis/submodules/soc_system_fpga_only_master_timing_adt.sv Line: 60
Info (12021): Found 1 design units, including 1 entities, in source file soc_system/synthesis/submodules/altera_avalon_st_jtag_interface.v
    Info (12023): Found entity 1: altera_avalon_st_jtag_interface File: /home/marcelo/Documentos/MI_SD/P1/SistemasDigitais_Problema1/cooprocessorFiles/soc_system/synthesis/submodules/altera_avalon_st_jtag_interface.v Line: 20
Info (12021): Found 3 design units, including 3 entities, in source file soc_system/synthesis/submodules/altera_jtag_dc_streaming.v
    Info (12023): Found entity 1: altera_jtag_control_signal_crosser File: /home/marcelo/Documentos/MI_SD/P1/SistemasDigitais_Problema1/cooprocessorFiles/soc_system/synthesis/submodules/altera_jtag_dc_streaming.v Line: 30
    Info (12023): Found entity 2: altera_jtag_src_crosser File: /home/marcelo/Documentos/MI_SD/P1/SistemasDigitais_Problema1/cooprocessorFiles/soc_system/synthesis/submodules/altera_jtag_dc_streaming.v Line: 72
    Info (12023): Found entity 3: altera_jtag_dc_streaming File: /home/marcelo/Documentos/MI_SD/P1/SistemasDigitais_Problema1/cooprocessorFiles/soc_system/synthesis/submodules/altera_jtag_dc_streaming.v Line: 135
Info (12021): Found 1 design units, including 1 entities, in source file soc_system/synthesis/submodules/altera_jtag_sld_node.v
    Info (12023): Found entity 1: altera_jtag_sld_node File: /home/marcelo/Documentos/MI_SD/P1/SistemasDigitais_Problema1/cooprocessorFiles/soc_system/synthesis/submodules/altera_jtag_sld_node.v Line: 17
Info (12021): Found 1 design units, including 1 entities, in source file soc_system/synthesis/submodules/altera_jtag_streaming.v
    Info (12023): Found entity 1: altera_jtag_streaming File: /home/marcelo/Documentos/MI_SD/P1/SistemasDigitais_Problema1/cooprocessorFiles/soc_system/synthesis/submodules/altera_jtag_streaming.v Line: 18
Info (12021): Found 1 design units, including 1 entities, in source file soc_system/synthesis/submodules/altera_avalon_st_clock_crosser.v
    Info (12023): Found entity 1: altera_avalon_st_clock_crosser File: /home/marcelo/Documentos/MI_SD/P1/SistemasDigitais_Problema1/cooprocessorFiles/soc_system/synthesis/submodules/altera_avalon_st_clock_crosser.v Line: 22
Info (12021): Found 1 design units, including 1 entities, in source file soc_system/synthesis/submodules/altera_std_synchronizer_nocut.v
    Info (12023): Found entity 1: altera_std_synchronizer_nocut File: /home/marcelo/Documentos/MI_SD/P1/SistemasDigitais_Problema1/cooprocessorFiles/soc_system/synthesis/submodules/altera_std_synchronizer_nocut.v Line: 44
Info (12021): Found 1 design units, including 1 entities, in source file soc_system/synthesis/submodules/altera_avalon_st_idle_remover.v
    Info (12023): Found entity 1: altera_avalon_st_idle_remover File: /home/marcelo/Documentos/MI_SD/P1/SistemasDigitais_Problema1/cooprocessorFiles/soc_system/synthesis/submodules/altera_avalon_st_idle_remover.v Line: 19
Info (12021): Found 1 design units, including 1 entities, in source file soc_system/synthesis/submodules/altera_avalon_st_idle_inserter.v
    Info (12023): Found entity 1: altera_avalon_st_idle_inserter File: /home/marcelo/Documentos/MI_SD/P1/SistemasDigitais_Problema1/cooprocessorFiles/soc_system/synthesis/submodules/altera_avalon_st_idle_inserter.v Line: 19
Info (12021): Found 1 design units, including 1 entities, in source file ghrd_top.v
    Info (12023): Found entity 1: ghrd_top File: /home/marcelo/Documentos/MI_SD/P1/SistemasDigitais_Problema1/cooprocessorFiles/ghrd_top.v Line: 36
Warning (10236): Verilog HDL Implicit Net warning at test_top.v(48): created implicit net for "db1" File: /home/marcelo/Documentos/MI_SD/P1/SistemasDigitais_Problema1/cooprocessorFiles/testes/test_top.v Line: 48
Warning (10236): Verilog HDL Implicit Net warning at test_top.v(57): created implicit net for "db0" File: /home/marcelo/Documentos/MI_SD/P1/SistemasDigitais_Problema1/cooprocessorFiles/testes/test_top.v Line: 57
Warning (10236): Verilog HDL Implicit Net warning at matriz_determ5x5.v(13): created implicit net for "done4x4" File: /home/marcelo/Documentos/MI_SD/P1/SistemasDigitais_Problema1/cooprocessorFiles/ula/matriz_determ5x5.v Line: 13
Warning (10236): Verilog HDL Implicit Net warning at matriz_determ5x5.v(18): created implicit net for "done_pulse" File: /home/marcelo/Documentos/MI_SD/P1/SistemasDigitais_Problema1/cooprocessorFiles/ula/matriz_determ5x5.v Line: 18
Warning (10236): Verilog HDL Implicit Net warning at alu.v(26): created implicit net for "done4x4" File: /home/marcelo/Documentos/MI_SD/P1/SistemasDigitais_Problema1/cooprocessorFiles/ula/alu.v Line: 26
Warning (10236): Verilog HDL Implicit Net warning at alu.v(27): created implicit net for "done5x5" File: /home/marcelo/Documentos/MI_SD/P1/SistemasDigitais_Problema1/cooprocessorFiles/ula/alu.v Line: 27
Warning (10236): Verilog HDL Implicit Net warning at altera_edge_detector.v(21): created implicit net for "reset_qual_n" File: /home/marcelo/Documentos/MI_SD/P1/SistemasDigitais_Problema1/cooprocessorFiles/ip/edge_detect/altera_edge_detector.v Line: 21
Warning (10236): Verilog HDL Implicit Net warning at hps_sdram_pll.sv(168): created implicit net for "pll_dr_clk" File: /home/marcelo/Documentos/MI_SD/P1/SistemasDigitais_Problema1/cooprocessorFiles/soc_system/synthesis/submodules/hps_sdram_pll.sv Line: 168
Critical Warning (10846): Verilog HDL Instantiation warning at top.v(54): instance has no name File: /home/marcelo/Documentos/MI_SD/P1/SistemasDigitais_Problema1/cooprocessorFiles/controle/top.v Line: 54
Critical Warning (10846): Verilog HDL Instantiation warning at memory_mod.v(21): instance has no name File: /home/marcelo/Documentos/MI_SD/P1/SistemasDigitais_Problema1/cooprocessorFiles/memoria/memory_mod.v Line: 21
Critical Warning (10846): Verilog HDL Instantiation warning at top.v(64): instance has no name File: /home/marcelo/Documentos/MI_SD/P1/SistemasDigitais_Problema1/cooprocessorFiles/controle/top.v Line: 64
Critical Warning (10846): Verilog HDL Instantiation warning at alu.v(17): instance has no name File: /home/marcelo/Documentos/MI_SD/P1/SistemasDigitais_Problema1/cooprocessorFiles/ula/alu.v Line: 17
Critical Warning (10846): Verilog HDL Instantiation warning at alu.v(18): instance has no name File: /home/marcelo/Documentos/MI_SD/P1/SistemasDigitais_Problema1/cooprocessorFiles/ula/alu.v Line: 18
Critical Warning (10846): Verilog HDL Instantiation warning at alu.v(19): instance has no name File: /home/marcelo/Documentos/MI_SD/P1/SistemasDigitais_Problema1/cooprocessorFiles/ula/alu.v Line: 19
Critical Warning (10846): Verilog HDL Instantiation warning at alu.v(20): instance has no name File: /home/marcelo/Documentos/MI_SD/P1/SistemasDigitais_Problema1/cooprocessorFiles/ula/alu.v Line: 20
Critical Warning (10846): Verilog HDL Instantiation warning at alu.v(21): instance has no name File: /home/marcelo/Documentos/MI_SD/P1/SistemasDigitais_Problema1/cooprocessorFiles/ula/alu.v Line: 21
Critical Warning (10846): Verilog HDL Instantiation warning at alu.v(22): instance has no name File: /home/marcelo/Documentos/MI_SD/P1/SistemasDigitais_Problema1/cooprocessorFiles/ula/alu.v Line: 22
Critical Warning (10846): Verilog HDL Instantiation warning at alu.v(24): instance has no name File: /home/marcelo/Documentos/MI_SD/P1/SistemasDigitais_Problema1/cooprocessorFiles/ula/alu.v Line: 24
Critical Warning (10846): Verilog HDL Instantiation warning at alu.v(25): instance has no name File: /home/marcelo/Documentos/MI_SD/P1/SistemasDigitais_Problema1/cooprocessorFiles/ula/alu.v Line: 25
Critical Warning (10846): Verilog HDL Instantiation warning at alu.v(26): instance has no name File: /home/marcelo/Documentos/MI_SD/P1/SistemasDigitais_Problema1/cooprocessorFiles/ula/alu.v Line: 26
Critical Warning (10846): Verilog HDL Instantiation warning at matriz_determ5x5.v(15): instance has no name File: /home/marcelo/Documentos/MI_SD/P1/SistemasDigitais_Problema1/cooprocessorFiles/ula/matriz_determ5x5.v Line: 15
Critical Warning (10846): Verilog HDL Instantiation warning at alu.v(27): instance has no name File: /home/marcelo/Documentos/MI_SD/P1/SistemasDigitais_Problema1/cooprocessorFiles/ula/alu.v Line: 27
Critical Warning (10846): Verilog HDL Instantiation warning at top.v(75): instance has no name File: /home/marcelo/Documentos/MI_SD/P1/SistemasDigitais_Problema1/cooprocessorFiles/controle/top.v Line: 75
Critical Warning (10846): Verilog HDL Instantiation warning at top.v(85): instance has no name File: /home/marcelo/Documentos/MI_SD/P1/SistemasDigitais_Problema1/cooprocessorFiles/controle/top.v Line: 85
Critical Warning (10846): Verilog HDL Instantiation warning at test_top.v(48): instance has no name File: /home/marcelo/Documentos/MI_SD/P1/SistemasDigitais_Problema1/cooprocessorFiles/testes/test_top.v Line: 48
Critical Warning (10846): Verilog HDL Instantiation warning at test_top.v(51): instance has no name File: /home/marcelo/Documentos/MI_SD/P1/SistemasDigitais_Problema1/cooprocessorFiles/testes/test_top.v Line: 51
Critical Warning (10846): Verilog HDL Instantiation warning at test_top.v(52): instance has no name File: /home/marcelo/Documentos/MI_SD/P1/SistemasDigitais_Problema1/cooprocessorFiles/testes/test_top.v Line: 52
Critical Warning (10846): Verilog HDL Instantiation warning at test_top.v(53): instance has no name File: /home/marcelo/Documentos/MI_SD/P1/SistemasDigitais_Problema1/cooprocessorFiles/testes/test_top.v Line: 53
Critical Warning (10846): Verilog HDL Instantiation warning at test_top.v(54): instance has no name File: /home/marcelo/Documentos/MI_SD/P1/SistemasDigitais_Problema1/cooprocessorFiles/testes/test_top.v Line: 54
Critical Warning (10846): Verilog HDL Instantiation warning at test_top.v(57): instance has no name File: /home/marcelo/Documentos/MI_SD/P1/SistemasDigitais_Problema1/cooprocessorFiles/testes/test_top.v Line: 57
Critical Warning (10846): Verilog HDL Instantiation warning at test_top.v(58): instance has no name File: /home/marcelo/Documentos/MI_SD/P1/SistemasDigitais_Problema1/cooprocessorFiles/testes/test_top.v Line: 58
Critical Warning (10846): Verilog HDL Instantiation warning at ghrd_top.v(344): instance has no name File: /home/marcelo/Documentos/MI_SD/P1/SistemasDigitais_Problema1/cooprocessorFiles/ghrd_top.v Line: 344
Info (12127): Elaborating entity "test_top" for the top level hierarchy
Warning (10230): Verilog HDL assignment warning at test_top.v(63): truncated value with size 32 to match size of target (5) File: /home/marcelo/Documentos/MI_SD/P1/SistemasDigitais_Problema1/cooprocessorFiles/testes/test_top.v Line: 63
Info (12128): Elaborating entity "top" for hierarchy "top:comb_3" File: /home/marcelo/Documentos/MI_SD/P1/SistemasDigitais_Problema1/cooprocessorFiles/testes/test_top.v Line: 48
Warning (10230): Verilog HDL assignment warning at top.v(152): truncated value with size 32 to match size of target (2) File: /home/marcelo/Documentos/MI_SD/P1/SistemasDigitais_Problema1/cooprocessorFiles/controle/top.v Line: 152
Warning (10230): Verilog HDL assignment warning at top.v(155): truncated value with size 32 to match size of target (4) File: /home/marcelo/Documentos/MI_SD/P1/SistemasDigitais_Problema1/cooprocessorFiles/controle/top.v Line: 155
Info (12128): Elaborating entity "decoder" for hierarchy "top:comb_3|decoder:comb_19" File: /home/marcelo/Documentos/MI_SD/P1/SistemasDigitais_Problema1/cooprocessorFiles/controle/top.v Line: 54
Info (12128): Elaborating entity "memory_mod" for hierarchy "top:comb_3|memory_mod:comb_20" File: /home/marcelo/Documentos/MI_SD/P1/SistemasDigitais_Problema1/cooprocessorFiles/controle/top.v Line: 64
Warning (10230): Verilog HDL assignment warning at memory_mod.v(27): truncated value with size 32 to match size of target (3) File: /home/marcelo/Documentos/MI_SD/P1/SistemasDigitais_Problema1/cooprocessorFiles/memoria/memory_mod.v Line: 27
Info (12128): Elaborating entity "ram16bits" for hierarchy "top:comb_3|memory_mod:comb_20|ram16bits:comb_3" File: /home/marcelo/Documentos/MI_SD/P1/SistemasDigitais_Problema1/cooprocessorFiles/memoria/memory_mod.v Line: 21
Info (12128): Elaborating entity "altsyncram" for hierarchy "top:comb_3|memory_mod:comb_20|ram16bits:comb_3|altsyncram:altsyncram_component" File: /home/marcelo/Documentos/MI_SD/P1/SistemasDigitais_Problema1/cooprocessorFiles/memoria/ram16bits.v Line: 86
Info (12130): Elaborated megafunction instantiation "top:comb_3|memory_mod:comb_20|ram16bits:comb_3|altsyncram:altsyncram_component" File: /home/marcelo/Documentos/MI_SD/P1/SistemasDigitais_Problema1/cooprocessorFiles/memoria/ram16bits.v Line: 86
Info (12133): Instantiated megafunction "top:comb_3|memory_mod:comb_20|ram16bits:comb_3|altsyncram:altsyncram_component" with the following parameter: File: /home/marcelo/Documentos/MI_SD/P1/SistemasDigitais_Problema1/cooprocessorFiles/memoria/ram16bits.v Line: 86
    Info (12134): Parameter "clock_enable_input_a" = "BYPASS"
    Info (12134): Parameter "clock_enable_output_a" = "BYPASS"
    Info (12134): Parameter "intended_device_family" = "Cyclone V"
    Info (12134): Parameter "lpm_hint" = "ENABLE_RUNTIME_MOD=YES,INSTANCE_NAME=NONE"
    Info (12134): Parameter "lpm_type" = "altsyncram"
    Info (12134): Parameter "numwords_a" = "256"
    Info (12134): Parameter "operation_mode" = "SINGLE_PORT"
    Info (12134): Parameter "outdata_aclr_a" = "NONE"
    Info (12134): Parameter "outdata_reg_a" = "CLOCK0"
    Info (12134): Parameter "power_up_uninitialized" = "FALSE"
    Info (12134): Parameter "read_during_write_mode_port_a" = "NEW_DATA_NO_NBE_READ"
    Info (12134): Parameter "widthad_a" = "8"
    Info (12134): Parameter "width_a" = "16"
    Info (12134): Parameter "width_byteena_a" = "1"
Info (12021): Found 1 design units, including 1 entities, in source file db/altsyncram_bnn1.tdf
    Info (12023): Found entity 1: altsyncram_bnn1 File: /home/marcelo/Documentos/MI_SD/P1/SistemasDigitais_Problema1/cooprocessorFiles/db/altsyncram_bnn1.tdf Line: 28
Info (12128): Elaborating entity "altsyncram_bnn1" for hierarchy "top:comb_3|memory_mod:comb_20|ram16bits:comb_3|altsyncram:altsyncram_component|altsyncram_bnn1:auto_generated" File: /home/marcelo/intelFPGA_lite/23.1std/quartus/libraries/megafunctions/altsyncram.tdf Line: 792
Info (12021): Found 1 design units, including 1 entities, in source file db/altsyncram_8ud2.tdf
    Info (12023): Found entity 1: altsyncram_8ud2 File: /home/marcelo/Documentos/MI_SD/P1/SistemasDigitais_Problema1/cooprocessorFiles/db/altsyncram_8ud2.tdf Line: 28
Info (12128): Elaborating entity "altsyncram_8ud2" for hierarchy "top:comb_3|memory_mod:comb_20|ram16bits:comb_3|altsyncram:altsyncram_component|altsyncram_bnn1:auto_generated|altsyncram_8ud2:altsyncram1" File: /home/marcelo/Documentos/MI_SD/P1/SistemasDigitais_Problema1/cooprocessorFiles/db/altsyncram_bnn1.tdf Line: 37
Info (12128): Elaborating entity "sld_mod_ram_rom" for hierarchy "top:comb_3|memory_mod:comb_20|ram16bits:comb_3|altsyncram:altsyncram_component|altsyncram_bnn1:auto_generated|sld_mod_ram_rom:mgl_prim2" File: /home/marcelo/Documentos/MI_SD/P1/SistemasDigitais_Problema1/cooprocessorFiles/db/altsyncram_bnn1.tdf Line: 38
Info (12130): Elaborated megafunction instantiation "top:comb_3|memory_mod:comb_20|ram16bits:comb_3|altsyncram:altsyncram_component|altsyncram_bnn1:auto_generated|sld_mod_ram_rom:mgl_prim2" File: /home/marcelo/Documentos/MI_SD/P1/SistemasDigitais_Problema1/cooprocessorFiles/db/altsyncram_bnn1.tdf Line: 38
Info (12133): Instantiated megafunction "top:comb_3|memory_mod:comb_20|ram16bits:comb_3|altsyncram:altsyncram_component|altsyncram_bnn1:auto_generated|sld_mod_ram_rom:mgl_prim2" with the following parameter: File: /home/marcelo/Documentos/MI_SD/P1/SistemasDigitais_Problema1/cooprocessorFiles/db/altsyncram_bnn1.tdf Line: 38
    Info (12134): Parameter "CVALUE" = "0000000000000000"
    Info (12134): Parameter "IS_DATA_IN_RAM" = "1"
    Info (12134): Parameter "IS_READABLE" = "1"
    Info (12134): Parameter "NODE_NAME" = "0"
    Info (12134): Parameter "NUMWORDS" = "256"
    Info (12134): Parameter "SHIFT_COUNT_BITS" = "5"
    Info (12134): Parameter "WIDTH_WORD" = "16"
    Info (12134): Parameter "WIDTHAD" = "8"
Info (12128): Elaborating entity "sld_jtag_endpoint_adapter" for hierarchy "top:comb_3|memory_mod:comb_20|ram16bits:comb_3|altsyncram:altsyncram_component|altsyncram_bnn1:auto_generated|sld_mod_ram_rom:mgl_prim2|sld_jtag_endpoint_adapter:jtag_signal_adapter" File: /home/marcelo/intelFPGA_lite/23.1std/quartus/libraries/megafunctions/sld_mod_ram_rom.vhd Line: 302
Info (12128): Elaborating entity "sld_jtag_endpoint_adapter_impl" for hierarchy "top:comb_3|memory_mod:comb_20|ram16bits:comb_3|altsyncram:altsyncram_component|altsyncram_bnn1:auto_generated|sld_mod_ram_rom:mgl_prim2|sld_jtag_endpoint_adapter:jtag_signal_adapter|sld_jtag_endpoint_adapter_impl:sld_jtag_endpoint_adapter_impl_inst" File: /home/marcelo/intelFPGA_lite/23.1std/quartus/libraries/megafunctions/sld_jtag_endpoint_adapter.vhd Line: 232
Info (12128): Elaborating entity "sld_rom_sr" for hierarchy "top:comb_3|memory_mod:comb_20|ram16bits:comb_3|altsyncram:altsyncram_component|altsyncram_bnn1:auto_generated|sld_mod_ram_rom:mgl_prim2|sld_rom_sr:\ram_rom_logic_gen:no_name_gen:info_rom_sr" File: /home/marcelo/intelFPGA_lite/23.1std/quartus/libraries/megafunctions/sld_mod_ram_rom.vhd Line: 799
Info (12128): Elaborating entity "alu" for hierarchy "top:comb_3|alu:comb_21" File: /home/marcelo/Documentos/MI_SD/P1/SistemasDigitais_Problema1/cooprocessorFiles/controle/top.v Line: 75
Info (12128): Elaborating entity "matriz_soma" for hierarchy "top:comb_3|alu:comb_21|matriz_soma:comb_3" File: /home/marcelo/Documentos/MI_SD/P1/SistemasDigitais_Problema1/cooprocessorFiles/ula/alu.v Line: 17
Info (12128): Elaborating entity "matriz_subtracao" for hierarchy "top:comb_3|alu:comb_21|matriz_subtracao:comb_4" File: /home/marcelo/Documentos/MI_SD/P1/SistemasDigitais_Problema1/cooprocessorFiles/ula/alu.v Line: 18
Info (12128): Elaborating entity "matriz_multi" for hierarchy "top:comb_3|alu:comb_21|matriz_multi:comb_5" File: /home/marcelo/Documentos/MI_SD/P1/SistemasDigitais_Problema1/cooprocessorFiles/ula/alu.v Line: 19
Warning (10034): Output port "done" at matriz_multi.v(10) has no driver File: /home/marcelo/Documentos/MI_SD/P1/SistemasDigitais_Problema1/cooprocessorFiles/ula/matriz_multi.v Line: 10
Info (12128): Elaborating entity "matriz_transposta" for hierarchy "top:comb_3|alu:comb_21|matriz_transposta:comb_6" File: /home/marcelo/Documentos/MI_SD/P1/SistemasDigitais_Problema1/cooprocessorFiles/ula/alu.v Line: 20
Info (12128): Elaborating entity "matriz_oposta" for hierarchy "top:comb_3|alu:comb_21|matriz_oposta:comb_7" File: /home/marcelo/Documentos/MI_SD/P1/SistemasDigitais_Problema1/cooprocessorFiles/ula/alu.v Line: 21
Info (12128): Elaborating entity "matriz_escalar" for hierarchy "top:comb_3|alu:comb_21|matriz_escalar:comb_8" File: /home/marcelo/Documentos/MI_SD/P1/SistemasDigitais_Problema1/cooprocessorFiles/ula/alu.v Line: 22
Info (12128): Elaborating entity "matriz_determ2x2" for hierarchy "top:comb_3|alu:comb_21|matriz_determ2x2:comb_9" File: /home/marcelo/Documentos/MI_SD/P1/SistemasDigitais_Problema1/cooprocessorFiles/ula/alu.v Line: 24
Info (10008): Verilog HDL or VHDL information: EDA Netlist Writer cannot regroup multidimensional array "mat" into its bus
Info (12128): Elaborating entity "matriz_determ3x3" for hierarchy "top:comb_3|alu:comb_21|matriz_determ3x3:comb_10" File: /home/marcelo/Documentos/MI_SD/P1/SistemasDigitais_Problema1/cooprocessorFiles/ula/alu.v Line: 25
Info (10008): Verilog HDL or VHDL information: EDA Netlist Writer cannot regroup multidimensional array "mat" into its bus
Info (12128): Elaborating entity "matriz_determ4x4" for hierarchy "top:comb_3|alu:comb_21|matriz_determ4x4:comb_11" File: /home/marcelo/Documentos/MI_SD/P1/SistemasDigitais_Problema1/cooprocessorFiles/ula/alu.v Line: 26
Warning (10027): Verilog HDL or VHDL warning at the matriz_determ4x4.v(35): index expression is not wide enough to address all of the elements in the array File: /home/marcelo/Documentos/MI_SD/P1/SistemasDigitais_Problema1/cooprocessorFiles/ula/matriz_determ4x4.v Line: 35
Warning (10027): Verilog HDL or VHDL warning at the matriz_determ4x4.v(36): index expression is not wide enough to address all of the elements in the array File: /home/marcelo/Documentos/MI_SD/P1/SistemasDigitais_Problema1/cooprocessorFiles/ula/matriz_determ4x4.v Line: 36
Warning (10027): Verilog HDL or VHDL warning at the matriz_determ4x4.v(37): index expression is not wide enough to address all of the elements in the array File: /home/marcelo/Documentos/MI_SD/P1/SistemasDigitais_Problema1/cooprocessorFiles/ula/matriz_determ4x4.v Line: 37
Warning (10027): Verilog HDL or VHDL warning at the matriz_determ4x4.v(38): index expression is not wide enough to address all of the elements in the array File: /home/marcelo/Documentos/MI_SD/P1/SistemasDigitais_Problema1/cooprocessorFiles/ula/matriz_determ4x4.v Line: 38
Warning (10230): Verilog HDL assignment warning at matriz_determ4x4.v(40): truncated value with size 32 to match size of target (8) File: /home/marcelo/Documentos/MI_SD/P1/SistemasDigitais_Problema1/cooprocessorFiles/ula/matriz_determ4x4.v Line: 40
Warning (10230): Verilog HDL assignment warning at matriz_determ4x4.v(44): truncated value with size 32 to match size of target (5) File: /home/marcelo/Documentos/MI_SD/P1/SistemasDigitais_Problema1/cooprocessorFiles/ula/matriz_determ4x4.v Line: 44
Info (10008): Verilog HDL or VHDL information: EDA Netlist Writer cannot regroup multidimensional array "mat" into its bus
Info (12128): Elaborating entity "matriz_determ5x5" for hierarchy "top:comb_3|alu:comb_21|matriz_determ5x5:comb_12" File: /home/marcelo/Documentos/MI_SD/P1/SistemasDigitais_Problema1/cooprocessorFiles/ula/alu.v Line: 27
Warning (10230): Verilog HDL assignment warning at matriz_determ5x5.v(98): truncated value with size 32 to match size of target (3) File: /home/marcelo/Documentos/MI_SD/P1/SistemasDigitais_Problema1/cooprocessorFiles/ula/matriz_determ5x5.v Line: 98
Info (12128): Elaborating entity "br" for hierarchy "top:comb_3|br:comb_22" File: /home/marcelo/Documentos/MI_SD/P1/SistemasDigitais_Problema1/cooprocessorFiles/controle/top.v Line: 85
Info (12128): Elaborating entity "decod7seg" for hierarchy "decod7seg:comb_4" File: /home/marcelo/Documentos/MI_SD/P1/SistemasDigitais_Problema1/cooprocessorFiles/testes/test_top.v Line: 51
Info (12128): Elaborating entity "my_debounce" for hierarchy "my_debounce:comb_8" File: /home/marcelo/Documentos/MI_SD/P1/SistemasDigitais_Problema1/cooprocessorFiles/testes/test_top.v Line: 57
Info (12128): Elaborating entity "clock_div" for hierarchy "my_debounce:comb_8|clock_div:u1" File: /home/marcelo/Documentos/MI_SD/P1/SistemasDigitais_Problema1/cooprocessorFiles/testes/my_debounce.v Line: 4
Warning (10230): Verilog HDL assignment warning at my_debounce.v(19): truncated value with size 32 to match size of target (27) File: /home/marcelo/Documentos/MI_SD/P1/SistemasDigitais_Problema1/cooprocessorFiles/testes/my_debounce.v Line: 19
Info (12128): Elaborating entity "my_dff" for hierarchy "my_debounce:comb_8|my_dff:d0" File: /home/marcelo/Documentos/MI_SD/P1/SistemasDigitais_Problema1/cooprocessorFiles/testes/my_debounce.v Line: 5
Info (11170): Starting IP generation for the debug fabric: alt_sld_fab.
Info (11172): 2025.05.23.15:58:32 Progress: Loading sldce0f4758/alt_sld_fab_wrapper_hw.tcl
Info (11172): Alt_sld_fab.alt_sld_fab: SLD fabric agents which did not specify prefer_host were connected to JTAG
Info (11172): Alt_sld_fab: Generating alt_sld_fab "alt_sld_fab" for QUARTUS_SYNTH
Info (11172): Alt_sld_fab: "alt_sld_fab" instantiated alt_sld_fab "alt_sld_fab"
Info (11172): Presplit: "alt_sld_fab" instantiated altera_super_splitter "presplit"
Info (11172): Splitter: "alt_sld_fab" instantiated altera_sld_splitter "splitter"
Info (11172): Sldfabric: "alt_sld_fab" instantiated altera_sld_jtag_hub "sldfabric"
Info (11172): Ident: "alt_sld_fab" instantiated altera_connection_identification_hub "ident"
Info (11172): Alt_sld_fab: Done "alt_sld_fab" with 6 modules, 6 files
Info (11171): Finished IP generation for the debug fabric: alt_sld_fab.
Info (12021): Found 1 design units, including 1 entities, in source file db/ip/sldce0f4758/alt_sld_fab.v
    Info (12023): Found entity 1: alt_sld_fab File: /home/marcelo/Documentos/MI_SD/P1/SistemasDigitais_Problema1/cooprocessorFiles/db/ip/sldce0f4758/alt_sld_fab.v Line: 9
Info (12021): Found 1 design units, including 1 entities, in source file db/ip/sldce0f4758/submodules/alt_sld_fab_alt_sld_fab.v
    Info (12023): Found entity 1: alt_sld_fab_alt_sld_fab File: /home/marcelo/Documentos/MI_SD/P1/SistemasDigitais_Problema1/cooprocessorFiles/db/ip/sldce0f4758/submodules/alt_sld_fab_alt_sld_fab.v Line: 9
Info (12021): Found 1 design units, including 1 entities, in source file db/ip/sldce0f4758/submodules/alt_sld_fab_alt_sld_fab_ident.sv
    Info (12023): Found entity 1: alt_sld_fab_alt_sld_fab_ident File: /home/marcelo/Documentos/MI_SD/P1/SistemasDigitais_Problema1/cooprocessorFiles/db/ip/sldce0f4758/submodules/alt_sld_fab_alt_sld_fab_ident.sv Line: 33
Info (12021): Found 1 design units, including 1 entities, in source file db/ip/sldce0f4758/submodules/alt_sld_fab_alt_sld_fab_presplit.sv
    Info (12023): Found entity 1: alt_sld_fab_alt_sld_fab_presplit File: /home/marcelo/Documentos/MI_SD/P1/SistemasDigitais_Problema1/cooprocessorFiles/db/ip/sldce0f4758/submodules/alt_sld_fab_alt_sld_fab_presplit.sv Line: 3
Info (12021): Found 2 design units, including 1 entities, in source file db/ip/sldce0f4758/submodules/alt_sld_fab_alt_sld_fab_sldfabric.vhd
    Info (12022): Found design unit 1: alt_sld_fab_alt_sld_fab_sldfabric-rtl File: /home/marcelo/Documentos/MI_SD/P1/SistemasDigitais_Problema1/cooprocessorFiles/db/ip/sldce0f4758/submodules/alt_sld_fab_alt_sld_fab_sldfabric.vhd Line: 102
    Info (12023): Found entity 1: alt_sld_fab_alt_sld_fab_sldfabric File: /home/marcelo/Documentos/MI_SD/P1/SistemasDigitais_Problema1/cooprocessorFiles/db/ip/sldce0f4758/submodules/alt_sld_fab_alt_sld_fab_sldfabric.vhd Line: 11
Info (12021): Found 1 design units, including 1 entities, in source file db/ip/sldce0f4758/submodules/alt_sld_fab_alt_sld_fab_splitter.sv
    Info (12023): Found entity 1: alt_sld_fab_alt_sld_fab_splitter File: /home/marcelo/Documentos/MI_SD/P1/SistemasDigitais_Problema1/cooprocessorFiles/db/ip/sldce0f4758/submodules/alt_sld_fab_alt_sld_fab_splitter.sv Line: 3
Warning (19016): Clock multiplexers are found and protected
    Warning (19017): Found clock multiplexer top:comb_3|done File: /home/marcelo/Documentos/MI_SD/P1/SistemasDigitais_Problema1/cooprocessorFiles/controle/top.v Line: 38
Info (19000): Inferred 1 megafunctions from design logic
    Info (276031): Inferred altsyncram megafunction from the following design logic: "Mux1_rtl_0"
        Info (286033): Parameter OPERATION_MODE set to ROM
        Info (286033): Parameter WIDTH_A set to 22
        Info (286033): Parameter WIDTHAD_A set to 10
        Info (286033): Parameter NUMWORDS_A set to 1024
        Info (286033): Parameter OUTDATA_REG_A set to UNREGISTERED
        Info (286033): Parameter RAM_BLOCK_TYPE set to AUTO
        Info (286033): Parameter INIT_FILE set to soc_system.test_top0.rtl.mif
Info (12130): Elaborated megafunction instantiation "altsyncram:Mux1_rtl_0"
Info (12133): Instantiated megafunction "altsyncram:Mux1_rtl_0" with the following parameter:
    Info (12134): Parameter "OPERATION_MODE" = "ROM"
    Info (12134): Parameter "WIDTH_A" = "22"
    Info (12134): Parameter "WIDTHAD_A" = "10"
    Info (12134): Parameter "NUMWORDS_A" = "1024"
    Info (12134): Parameter "OUTDATA_REG_A" = "UNREGISTERED"
    Info (12134): Parameter "RAM_BLOCK_TYPE" = "AUTO"
    Info (12134): Parameter "INIT_FILE" = "soc_system.test_top0.rtl.mif"
Info (12021): Found 1 design units, including 1 entities, in source file db/altsyncram_1d61.tdf
    Info (12023): Found entity 1: altsyncram_1d61 File: /home/marcelo/Documentos/MI_SD/P1/SistemasDigitais_Problema1/cooprocessorFiles/db/altsyncram_1d61.tdf Line: 28
Warning (12241): 4 hierarchies have connectivity warnings - see the Connectivity Checks report folder
Info (286031): Timing-Driven Synthesis is running on partition "Top"
Info (17049): 64 registers lost all their fanouts during netlist optimizations.
Info (286031): Timing-Driven Synthesis is running on partition "sld_hub:auto_hub"
Warning (20013): Ignored 12 assignments for entity "altera_avalon_packets_to_master" -- entity does not exist in design
Warning (20013): Ignored 23 assignments for entity "altera_avalon_sc_fifo" -- entity does not exist in design
Warning (20013): Ignored 12 assignments for entity "altera_avalon_st_bytes_to_packets" -- entity does not exist in design
Warning (20013): Ignored 18 assignments for entity "altera_avalon_st_jtag_interface" -- entity does not exist in design
Warning (20013): Ignored 12 assignments for entity "altera_avalon_st_packets_to_bytes" -- entity does not exist in design
Warning (20013): Ignored 67 assignments for entity "altera_merlin_axi_master_ni" -- entity does not exist in design
Warning (20013): Ignored 66 assignments for entity "altera_merlin_axi_slave_ni" -- entity does not exist in design
Warning (20013): Ignored 43 assignments for entity "altera_merlin_burst_adapter" -- entity does not exist in design
Warning (20013): Ignored 64 assignments for entity "altera_merlin_master_agent" -- entity does not exist in design
Warning (20013): Ignored 55 assignments for entity "altera_merlin_master_translator" -- entity does not exist in design
Warning (20013): Ignored 53 assignments for entity "altera_merlin_slave_agent" -- entity does not exist in design
Warning (20013): Ignored 68 assignments for entity "altera_merlin_slave_translator" -- entity does not exist in design
Warning (20013): Ignored 34 assignments for entity "altera_merlin_traffic_limiter" -- entity does not exist in design
Warning (20013): Ignored 60 assignments for entity "altera_merlin_width_adapter" -- entity does not exist in design
Warning (20013): Ignored 35 assignments for entity "altera_reset_controller" -- entity does not exist in design
Warning (20013): Ignored 12 assignments for entity "intr_capturer" -- entity does not exist in design
Warning (20013): Ignored 19 assignments for entity "soc_system" -- entity does not exist in design
Warning (20013): Ignored 16 assignments for entity "soc_system_fpga_only_master" -- entity does not exist in design
Warning (20013): Ignored 21 assignments for entity "soc_system_fpga_only_master_b2p_adapter" -- entity does not exist in design
Warning (20013): Ignored 21 assignments for entity "soc_system_fpga_only_master_p2b_adapter" -- entity does not exist in design
Warning (20013): Ignored 21 assignments for entity "soc_system_fpga_only_master_timing_adt" -- entity does not exist in design
Warning (20013): Ignored 1744 assignments for entity "soc_system_hps_0" -- entity does not exist in design
Warning (20013): Ignored 1340 assignments for entity "soc_system_hps_0_fpga_interfaces" -- entity does not exist in design
Warning (20013): Ignored 1335 assignments for entity "soc_system_hps_0_hps_io" -- entity does not exist in design
Warning (20013): Ignored 1355 assignments for entity "soc_system_hps_0_hps_io_border" -- entity does not exist in design
Warning (20013): Ignored 14 assignments for entity "soc_system_irq_mapper" -- entity does not exist in design
Warning (20013): Ignored 13 assignments for entity "soc_system_irq_mapper_001" -- entity does not exist in design
Warning (20013): Ignored 24 assignments for entity "soc_system_jtag_uart" -- entity does not exist in design
Warning (20013): Ignored 12 assignments for entity "soc_system_mm_interconnect_0" -- entity does not exist in design
Warning (20013): Ignored 32 assignments for entity "soc_system_mm_interconnect_0_avalon_st_adapter" -- entity does not exist in design
Warning (20013): Ignored 32 assignments for entity "soc_system_mm_interconnect_0_avalon_st_adapter_001" -- entity does not exist in design
Warning (20013): Ignored 19 assignments for entity "soc_system_mm_interconnect_0_avalon_st_adapter_001_error_adapter_0" -- entity does not exist in design
Warning (20013): Ignored 19 assignments for entity "soc_system_mm_interconnect_0_avalon_st_adapter_error_adapter_0" -- entity does not exist in design
Warning (20013): Ignored 17 assignments for entity "soc_system_mm_interconnect_0_cmd_demux" -- entity does not exist in design
Warning (20013): Ignored 17 assignments for entity "soc_system_mm_interconnect_0_cmd_demux_002" -- entity does not exist in design
Warning (20013): Ignored 17 assignments for entity "soc_system_mm_interconnect_0_cmd_demux_003" -- entity does not exist in design
Warning (20013): Ignored 19 assignments for entity "soc_system_mm_interconnect_0_cmd_mux" -- entity does not exist in design
Warning (20013): Ignored 19 assignments for entity "soc_system_mm_interconnect_0_cmd_mux_001" -- entity does not exist in design
Warning (20013): Ignored 19 assignments for entity "soc_system_mm_interconnect_0_cmd_mux_002" -- entity does not exist in design
Warning (20013): Ignored 19 assignments for entity "soc_system_mm_interconnect_0_cmd_mux_004" -- entity does not exist in design
Warning (20013): Ignored 36 assignments for entity "soc_system_mm_interconnect_0_router" -- entity does not exist in design
Warning (20013): Ignored 36 assignments for entity "soc_system_mm_interconnect_0_router_002" -- entity does not exist in design
Warning (20013): Ignored 36 assignments for entity "soc_system_mm_interconnect_0_router_003" -- entity does not exist in design
Warning (20013): Ignored 36 assignments for entity "soc_system_mm_interconnect_0_router_005" -- entity does not exist in design
Warning (20013): Ignored 36 assignments for entity "soc_system_mm_interconnect_0_router_006" -- entity does not exist in design
Warning (20013): Ignored 36 assignments for entity "soc_system_mm_interconnect_0_router_007" -- entity does not exist in design
Warning (20013): Ignored 36 assignments for entity "soc_system_mm_interconnect_0_router_009" -- entity does not exist in design
Warning (20013): Ignored 17 assignments for entity "soc_system_mm_interconnect_0_rsp_demux" -- entity does not exist in design
Warning (20013): Ignored 17 assignments for entity "soc_system_mm_interconnect_0_rsp_demux_001" -- entity does not exist in design
Warning (20013): Ignored 17 assignments for entity "soc_system_mm_interconnect_0_rsp_demux_002" -- entity does not exist in design
Warning (20013): Ignored 17 assignments for entity "soc_system_mm_interconnect_0_rsp_demux_004" -- entity does not exist in design
Warning (20013): Ignored 19 assignments for entity "soc_system_mm_interconnect_0_rsp_mux" -- entity does not exist in design
Warning (20013): Ignored 19 assignments for entity "soc_system_mm_interconnect_0_rsp_mux_002" -- entity does not exist in design
Warning (20013): Ignored 19 assignments for entity "soc_system_mm_interconnect_0_rsp_mux_003" -- entity does not exist in design
Warning (20013): Ignored 12 assignments for entity "soc_system_mm_interconnect_1" -- entity does not exist in design
Warning (20013): Ignored 17 assignments for entity "soc_system_mm_interconnect_1_cmd_demux" -- entity does not exist in design
Warning (20013): Ignored 19 assignments for entity "soc_system_mm_interconnect_1_cmd_mux" -- entity does not exist in design
Warning (20013): Ignored 36 assignments for entity "soc_system_mm_interconnect_1_router" -- entity does not exist in design
Warning (20013): Ignored 36 assignments for entity "soc_system_mm_interconnect_1_router_001" -- entity does not exist in design
Warning (20013): Ignored 17 assignments for entity "soc_system_mm_interconnect_1_rsp_demux" -- entity does not exist in design
Warning (20013): Ignored 19 assignments for entity "soc_system_mm_interconnect_1_rsp_mux" -- entity does not exist in design
Warning (20013): Ignored 36 assignments for entity "soc_system_onchip_memory2_0" -- entity does not exist in design
Warning (20013): Ignored 22 assignments for entity "soc_system_pio_ACTIVATE" -- entity does not exist in design
Warning (20013): Ignored 23 assignments for entity "soc_system_pio_DATA" -- entity does not exist in design
Warning (20013): Ignored 22 assignments for entity "soc_system_pio_INSTR" -- entity does not exist in design
Warning (20013): Ignored 23 assignments for entity "soc_system_pio_WAITSIGNAL" -- entity does not exist in design
Warning (20013): Ignored 10 assignments for entity "soc_system_sysid_qsys" -- entity does not exist in design
Info (144001): Generated suppressed messages file /home/marcelo/Documentos/MI_SD/P1/SistemasDigitais_Problema1/cooprocessorFiles/output_files/soc_system.map.smsg
Info (16010): Generating hard_block partition "hard_block:auto_generated_inst"
    Info (16011): Adding 9 node(s), including 0 DDIO, 0 PLL, 0 transceiver and 0 LCELL
Info (21057): Implemented 2265 device resources after synthesis - the final resource count might be different
    Info (21058): Implemented 6 input pins
    Info (21059): Implemented 45 output pins
    Info (21061): Implemented 2105 logic cells
    Info (21064): Implemented 38 RAM segments
    Info (21062): Implemented 70 DSP elements
Info: Quartus Prime Analysis & Synthesis was successful. 0 errors, 116 warnings
    Info: Peak virtual memory: 739 megabytes
    Info: Processing ended: Fri May 23 16:01:35 2025
    Info: Elapsed time: 00:03:21
    Info: Total CPU time (on all processors): 00:03:48


+------------------------------------------+
; Analysis & Synthesis Suppressed Messages ;
+------------------------------------------+
The suppressed messages can be found in /home/marcelo/Documentos/MI_SD/P1/SistemasDigitais_Problema1/cooprocessorFiles/output_files/soc_system.map.smsg.


